{"name":"0 - id_target_list","platform":"node","hash":"18Mn+RclvqccIuKOf53TIYf/5W2ssAD7Ao2EqWXswPg=","blocks":[{"action":"comment","value":"The targets are hardcoded but it can be replaced by a query to the CMDB"}, {"action":"assign","name":"assign_tmp","variable":"$result","value":"{\n    \"appName\": $app_name,\n    \"version\": $app_version,\n    \"ignoredApps\": $ignored_app_names,\n    \"environment\": $environnment,\n    \"profile\": ($resilience_profile && $resilience_profile !== \"java_profile\") ? $resilience_profile : $app_name + \"-JavaApplications\",\n    \"deploy_number\": $deploy_number,\n    \"assessment_period\": $assessment_period,\n\n    \"options\": {\n        \"gen_appSbom\": $opt_gen_appSBOM,\n        \"gen_cycloneDX\": $opt_gen_appSBOM ? $opt_gen_cycloneDX : false,\n        \"application_criticality\": $application_criticality,\n        \"application_impact_risk\": $application_data_assessment_impact_risk\n    },\n    \"concertConf\": {\n        \"concert_auth_key\": $concert_auth_key\n    },\n    \"targets\": $vm_list,\n    \"application_info\": $jvm_configuration\n}"}],"variables":[{"name":"app_name","required":true,"isInput":true,"isOutput":false,"level":"INTERMEDIATE","type":{"type":"string"},"value":"\"\""},{"name":"app_version","required":true,"isInput":true,"isOutput":false,"level":"INTERMEDIATE","type":{"type":"string"},"value":"\"\""},{"name":"environnment","required":true,"isInput":true,"isOutput":false,"level":"INTERMEDIATE","type":{"type":"string"},"value":"\"\""},{"name":"deploy_number","required":true,"isInput":true,"isOutput":false,"level":"INTERMEDIATE","type":{"type":"string"},"value":"\"\""},{"name":"ignored_app_names","required":true,"isInput":true,"isOutput":false,"level":"INTERMEDIATE","type":{"type":"array"},"value":"[]"},{"name":"opt_gen_appSBOM","required":true,"isInput":true,"isOutput":false,"level":"INTERMEDIATE","type":{"type":"boolean"},"value":"true"},{"name":"opt_gen_cycloneDX","required":true,"isInput":true,"isOutput":false,"level":"INTERMEDIATE","type":{"type":"boolean"},"value":"false"},{"name":"application_data_assessment_impact_risk","required":true,"isInput":true,"isOutput":false,"level":"INTERMEDIATE","type":{"type":"string","enum":["1","2","3","4","5"]},"value":"\"5\"","meta":{"description":"Should be a number"}},{"name":"application_criticality","required":true,"isInput":true,"isOutput":false,"level":"INTERMEDIATE","type":{"type":"string","enum":["1","2","3","4","5"]},"value":"\"5\"","meta":{"description":"Should be a number"}},{"name":"concert_auth_key","required":true,"isInput":true,"isOutput":false,"level":"INTERMEDIATE","type":{"type":"string"},"value":"\"\"","meta":{"authType":"IBM/ConcertAPIKey","subType":"authentication"}},{"name":"resilience_profile","required":true,"isInput":true,"isOutput":false,"level":"INTERMEDIATE","type":{"type":"string"},"value":"\"\""},{"name":"assessment_period","required":true,"isInput":true,"isOutput":false,"level":"INTERMEDIATE","type":{"type":"string","enum":["latest","hour","day","week","month","quarter"]},"value":"\"latest\"","meta":{"description":"[\"latest\",\"hour\",\"day\",\"week\",\"month\",\"quarter\"]"}},{"name":"jvm_configuration","required":false,"isInput":true,"isOutput":false,"level":"INTERMEDIATE","type":{"type":"array"},"value":"[]"},{"name":"vm_list","required":false,"isInput":true,"isOutput":false,"level":"INTERMEDIATE","type":{"type":"array"},"value":"[]"},{"name":"success","required":false,"isInput":false,"isOutput":true,"level":"INTERMEDIATE","type":{"type":"boolean"},"value":"true"},{"name":"result","required":false,"isInput":false,"isOutput":true,"level":"INTERMEDIATE","type":{"type":"array"},"value":"[]"},{"name":"debug","required":false,"isInput":false,"isOutput":true,"level":"INTERMEDIATE","type":{"type":"array"},"value":"[]"},{"name":"error","required":false,"isInput":false,"isOutput":true,"level":"INTERMEDIATE","type":{"type":"array"},"value":"[]"}],"meta":{"workerGroup":"default","created":1772006125242,"lastUpdated":1772006125242,"layout":"flow","updatedByUsername":"anton.cholakov","numberOfBlocks":2,"version":5},"finally":null}