{"name":"Renew kubeadm Certificates using SSH","platform":"node","hash":"WFJq/WLJtNCJYkK4aKU2Guqfd4dxsChSr10OKPAoayI=","blocks":[{"name":"normalizeFileName","function":"const etcdFiles = [\"healthcheck-client\", \"peer\", \"server\"];\n\n$renewCommand = $certificate.metadata.rna_file;\n$renewCommand = $renewCommand.substring($renewCommand.lastIndexOf('/') + 1);\n$renewCommand = $renewCommand.replace(\".crt\", \"\");\n\nif(etcdFiles.includes($renewCommand)){\n    $renewCommand = \"etcd-\" + $renewCommand;\n}\n"}, {"action":"if","name":"If_2","condition":"$ssmEnabled","then":[{"action":"system/AWS/ssm/Send Command","name":"AWS_1","inputs":[{"name":"authKey","value":"$awsAuth"},{"name":"region","value":"$region"},{"name":"body","value":"{\n    \"Comment\": \"ssm test\",\n    \"InstanceIds\": $instanceID,\n    \"DocumentName\": $DocumentName,\n\n    \"Parameters\": {\n        \"commands\": [`kubeadm certs renew ${$renewCommand}`]\n    }\n}"}]},{"action":"system/Common/Sleep","name":"Sleep_1","inputs":[{"name":"seconds","value":"10"}]},{"action":"system/AWS/ssm/List Command Invocations","name":"AWS_2","inputs":[{"name":"authKey","value":"$awsAuth"},{"name":"region","value":"$region"},{"name":"body","value":"{\n    \"Details\": true,\n    \"CommandId\": $AWS_1.result.Command.CommandId\n}"}]},{"action":"if","name":"If_3","condition":"$AWS_2.result.CommandInvocations[0].Status == \"Success\"","then":[{"action":"assign","name":"Assign_2","variable":"$resultSSH","value":"$AWS_2.result.CommandInvocations[0].CommandPlugins[0].Output"}],"else":[{"action":"throw","error":"\"This command not executed properly\""},{"action":"exit"}]}],"else":[{"action":"system/Common/SSH/SSH","name":"kubeadmRenew","inputs":[{"name":"authKey","value":"$service_auth"},{"name":"command","value":"`kubeadm certs renew ${$renewCommand}`"}]},{"action":"assign","name":"Assign_6","variable":"$resultSSH","value":"$kubeadmRenew.result"}]}, {"action":"if","name":"checkSuccess","condition":"$resultSSH.includes(\"certificate\") && $resultSSH.includes(\" renewed\")","then":[{"action":"assign","name":"assignSuccess","variable":"$result","value":"{\"success\": true, \"certificate\": $certificate}"}],"else":[{"action":"if","name":"If_4","condition":"$ssmEnabled","then":[{"action":"system/AWS/ssm/Send Command","name":"AWS_3","inputs":[{"name":"authKey","value":"$awsAuth"},{"name":"region","value":"$region"},{"name":"body","value":"{\n    \"Comment\": \"ssm test\",\n    \"InstanceIds\": $instanceID,\n    \"DocumentName\": $DocumentName,\n\n    \"Parameters\": {\n        \"commands\": [`sudo kubeadm certs renew ${$renewCommand}`]\n    }\n}"}]},{"action":"system/Common/Sleep","name":"Sleep_2","inputs":[{"name":"seconds","value":"10"}]},{"action":"system/AWS/ssm/List Command Invocations","name":"AWS_4","inputs":[{"name":"authKey","value":"$awsAuth"},{"name":"region","value":"$region"},{"name":"body","value":"{\n    \"Details\": true,\n    \"CommandId\": $AWS_3.result.Command.CommandId\n}"}]},{"action":"if","name":"If_5","condition":"$AWS_4.result.CommandInvocations[0].Status == \"Success\"","then":[{"action":"assign","name":"Assign_4","variable":"$resultSSH","value":"$AWS_4.result.CommandInvocations[0].CommandPlugins[0].Output"}],"else":[{"action":"throw","error":"\"This Command is not executed property\""},{"action":"exit"}]}],"else":[{"action":"system/Common/SSH/SSH","name":"sudo_renew","inputs":[{"name":"authKey","value":"$service_auth"},{"name":"command","value":"`sudo kubeadm certs renew ${$renewCommand}`"}]},{"action":"assign","name":"Assign_5","variable":"$resultSSH","value":"$sudo_renew.result"}]},{"action":"if","name":"If_1","condition":"$resultSSH.includes(\"certificate\") && $resultSSH.includes(\"renewed\")","then":[{"action":"assign","name":"Assign_1","value":"{\n    \"success\": true,\n    \"certificate\": $certificate\n}","variable":"$result"}],"else":[{"action":"assign","name":"assignError","variable":"$result","value":"{\"success\": false}"}]}]}],"variables":[{"name":"service_auth","required":true,"isInput":true,"isOutput":false,"level":"INTERMEDIATE","type":{"type":"string"},"value":"\"\"","meta":{"authType":"Common/SSH","subType":"authentication"}},{"name":"certificate","required":true,"isInput":true,"isOutput":false,"level":"INTERMEDIATE","type":{"type":"object","properties":{"rna":{"type":"boolean","enum":[true]},"rna_service":{"type":"string","examples":["kubernetes_kubeadm"]},"rna_file":{"type":"string","examples":["/etc/kubernetes/pki/apiserver-kubelet-client.crt"]}}},"value":"{}"},{"name":"renewCommand","required":false,"isInput":false,"isOutput":false,"level":"INTERMEDIATE","type":{"type":"string"},"value":"\"\""},{"name":"result","required":false,"isInput":false,"isOutput":true,"level":"INTERMEDIATE","type":{"type":"any"},"value":"\"\""},{"name":"ssmEnabled","required":false,"isInput":true,"isOutput":false,"level":"INTERMEDIATE","type":{"type":"boolean"},"value":"false"},{"name":"awsAuth","required":false,"isInput":true,"isOutput":false,"level":"INTERMEDIATE","type":{"type":"string"},"value":"\"\"","meta":{"authType":"ANY","subType":"authentication"}},{"name":"region","required":false,"isInput":true,"isOutput":false,"level":"INTERMEDIATE","type":{"type":"string"},"value":"\"\""},{"name":"DocumentName","required":false,"isInput":true,"isOutput":false,"level":"INTERMEDIATE","type":{"type":"string"},"value":"\"\""},{"name":"instanceID","required":false,"isInput":true,"isOutput":false,"level":"INTERMEDIATE","type":{"type":"array"},"value":"[]"},{"name":"resultSSH","required":false,"isInput":false,"isOutput":true,"level":"INTERMEDIATE","type":{"type":"any"},"value":"\"\""}],"meta":{"workerGroup":"default","created":1771277194130,"lastUpdated":1771277194130,"layout":"flow","updatedByUsername":"admin","numberOfBlocks":26,"version":5},"finally":null}