{"name":"concert_create_profile","platform":"node","hash":"xeOCvcLJwYHsGgv42/g4ETtlDQoMJRuY+5NWZ6sYqgY=","blocks":[{"action":"system/IBM/Concert/Concert HTTP Request","name":"check_profile_exist","inputs":[{"name":"authKey","value":"$in_concert_key"},{"name":"method","value":"\"GET\""},{"name":"path","value":"\"/resilience/grader/api/v1/profile\""}]}, {"action":"if","name":"If_1","condition":"$check_profile_exist.result.filter(prof => prof.name === $in_profile_name).length == 0","then":[{"action":"system/IBM/Concert/Concert HTTP Request","name":"IBM_1","inputs":[{"name":"authKey","value":"$in_concert_key"},{"name":"method","value":"\"POST\""},{"name":"path","value":"\"/resilience/grader/api/v1/profile\""},{"name":"body","value":"{\n    \"name\": $in_profile_name,\n    \"description\": \"\",\n    \"domain\": \"resilience\",\n\n    \"requirements\": [{\n        \"id\": \"55724cd2-a29d-11f0-9c64-0242ac130004\",\n        \"name\": \"load_distribution\",\n        \"label\": \"i18n:load_distribution_label\",\n        \"description\": \"i18n:load_distribution_desc_key\",\n        \"category_tags\": \"Scalability\",\n        \"expected_score\": 100,\n        \"rating_thresholds\": \"100, 75, 50, 25\",\n        \"input_data_keys\": \"pct_pod_with_antiafinity, pct_multi_node_deployment\",\n        \"created_by\": \"system\",\n        \"modified_by\": \"\",\n        \"library_name\": \"runtime_production_readiness\",\n        \"criteria_type\": \"default_function\",\n\n        \"metadata\": {\n            \"recommendation\": \"\",\n\n            \"input_data_spec\": [{\n                \"data_input\": \"pct_pod_with_antiafinity\",\n                \"levels\": [90, 70, 50, 30],\n                \"weight\": \"3\",\n                \"recommendation\": \"Collect data about the percentage of pods with anti-afinity rules defined.\"\n            }, {\n                \"data_input\": \"pct_multi_node_deployment\",\n                \"levels\": [90, 70, 50, 30],\n                \"weight\": \"9\",\n                \"recommendation\": \"Collect data about the percentage of pods replicas running in multiple nodes.\"\n            }]\n        }\n    }, {\n        \"id\": \"55728576-a29d-11f0-9c64-0242ac130004\",\n        \"name\": \"fault_tolerance\",\n        \"label\": \"i18n:fault_tolerance_label\",\n        \"description\": \"i18n:fault_tolerance_desc_key\",\n        \"category_tags\": \"Recoverability\",\n        \"expected_score\": 100,\n        \"rating_thresholds\": \"100, 75, 50, 25\",\n        \"input_data_keys\": \"avg_num_replicas_per_worker, avg_msecs_health_check_latency, pct_self_healing_success_actual\",\n        \"created_by\": \"system\",\n        \"modified_by\": \"\",\n        \"library_name\": \"runtime_production_readiness\",\n        \"criteria_type\": \"default_function\",\n\n        \"metadata\": {\n            \"recommendation\": \"\",\n\n            \"input_data_spec\": [{\n                \"data_input\": \"avg_num_replicas_per_worker\",\n                \"levels\": [10, 8, 5, 3],\n                \"weight\": \"9\",\n                \"recommendation\": \"Information about the number of replicas accounts for 70% of the score. Collect data to track the availability of the service.\"\n            }, {\n                \"data_input\": \"avg_msecs_health_check_latency\",\n                \"levels\": [100, 300, 500, 1000],\n                \"weight\": \"1\",\n                \"recommendation\": \"Collect data about health check latency to track service availability.\"\n            }, {\n                \"data_input\": \"pct_self_healing_success_actual\",\n                \"levels\": [99, 98, 95, 90],\n                \"weight\": \"3\",\n                \"recommendation\": \"Collect data on actual self-healing success rates to improve resilience tracking.\"\n            }]\n        }\n    }, {\n        \"id\": \"5572cb1c-a29d-11f0-9c64-0242ac130004\",\n        \"name\": \"image_identification\",\n        \"label\": \"i18n:image_identification_label\",\n        \"description\": \"i18n:image_identification_desc_key\",\n        \"category_tags\": \"Integrity\",\n        \"expected_score\": 100,\n        \"rating_thresholds\": \"100, 75, 50, 25\",\n        \"input_data_keys\": \"pct_images_latest_tag_identification\",\n        \"created_by\": \"system\",\n        \"modified_by\": \"\",\n        \"library_name\": \"runtime_production_readiness\",\n        \"criteria_type\": \"default_function\",\n\n        \"metadata\": {\n            \"recommendation\": \"\",\n\n            \"input_data_spec\": [{\n                \"data_input\": \"pct_images_latest_tag_identification\",\n                \"levels\": [5, 10, 20, 50],\n                \"weight\": \"9\",\n                \"recommendation\": \"Collect information on the tags used by deployments and statefulsets.\"\n            }]\n        }\n    }, {\n        \"id\": \"557313b0-a29d-11f0-9c64-0242ac130004\",\n        \"name\": \"workloads_missing_cpu_requests\",\n        \"label\": \"i18n:pct_workloads_missing_cpu_requests_label\",\n        \"description\": \"i18n:pct_workloads_missing_cpu_requests_desc_key\",\n        \"category_tags\": \"Integrity\",\n        \"expected_score\": 100,\n        \"rating_thresholds\": \"100, 75, 50, 25\",\n        \"input_data_keys\": \"pct_workloads_missing_cpu_requests\",\n        \"created_by\": \"system\",\n        \"modified_by\": \"\",\n        \"library_name\": \"runtime_production_readiness\",\n        \"criteria_type\": \"default_function\",\n\n        \"metadata\": {\n            \"recommendation\": \"\",\n\n            \"input_data_spec\": [{\n                \"data_input\": \"pct_workloads_missing_cpu_requests\",\n                \"levels\": [0, 5, 10, 15],\n                \"weight\": \"9\",\n                \"recommendation\": \"Ensure minimum CPU requests is defined.\"\n            }]\n        }\n    }, {\n        \"id\": \"55733ba6-a29d-11f0-9c64-0242ac130004\",\n        \"name\": \"workloads_missing_cpu_limits\",\n        \"label\": \"i18n:workloads_missing_cpu_limits_label\",\n        \"description\": \"i18n:workloads_missing_cpu_limits_desc_key\",\n        \"category_tags\": \"Integrity\",\n        \"expected_score\": 100,\n        \"rating_thresholds\": \"100, 75, 50, 25\",\n        \"input_data_keys\": \"pct_workloads_missing_cpu_limits\",\n        \"created_by\": \"system\",\n        \"modified_by\": \"\",\n        \"library_name\": \"runtime_production_readiness\",\n        \"criteria_type\": \"default_function\",\n\n        \"metadata\": {\n            \"recommendation\": \"\",\n\n            \"input_data_spec\": [{\n                \"data_input\": \"pct_workloads_missing_cpu_limits\",\n                \"levels\": [10, 20, 30, 40],\n                \"weight\": \"9\",\n                \"recommendation\": \"Ensure CPU limits is defined to avoid resource contention and ensure fair scheduling.\"\n            }]\n        }\n    }, {\n        \"id\": \"55736482-a29d-11f0-9c64-0242ac130004\",\n        \"name\": \"workloads_within_90pct_cpu_limits\",\n        \"label\": \"i18n:workloads_within_90pct_cpu_limits_label\",\n        \"description\": \"i18n:workloads_within_90pct_cpu_limits_desc_key\",\n        \"category_tags\": \"Integrity\",\n        \"expected_score\": 100,\n        \"rating_thresholds\": \"100, 75, 50, 25\",\n        \"input_data_keys\": \"pct_workloads_within_90pct_cpu_limits\",\n        \"created_by\": \"system\",\n        \"modified_by\": \"\",\n        \"library_name\": \"runtime_production_readiness\",\n        \"criteria_type\": \"default_function\",\n\n        \"metadata\": {\n            \"recommendation\": \"\",\n\n            \"input_data_spec\": [{\n                \"data_input\": \"pct_workloads_within_90pct_cpu_limits\",\n                \"levels\": [90, 80, 70, 60],\n                \"weight\": \"9\",\n                \"recommendation\": \"Review workloads operating near CPU limits. Consider increasing CPU limits or optimizing application CPU usage to prevent throttling or degraded performance.\"\n            }]\n        }\n    }, {\n        \"id\": \"55738ce6-a29d-11f0-9c64-0242ac130004\",\n        \"name\": \"workloads_missing_memory_requests\",\n        \"label\": \"i18n:workloads_missing_memory_requests_label\",\n        \"description\": \"i18n:workloads_missing_memory_requests_desc_key\",\n        \"category_tags\": \"Integrity\",\n        \"expected_score\": 100,\n        \"rating_thresholds\": \"100, 75, 50, 25\",\n        \"input_data_keys\": \"pct_workloads_missing_memory_requests\",\n        \"created_by\": \"system\",\n        \"modified_by\": \"\",\n        \"library_name\": \"runtime_production_readiness\",\n        \"criteria_type\": \"default_function\",\n\n        \"metadata\": {\n            \"recommendation\": \"\",\n\n            \"input_data_spec\": [{\n                \"data_input\": \"pct_workloads_missing_memory_requests\",\n                \"levels\": [10, 20, 30, 40],\n                \"weight\": \"9\",\n                \"recommendation\": \"Ensure all workloads define memory requests. Missing requests can lead to unpredictable scheduling and increased risk of OOM (Out Of Memory) terminations.\"\n            }]\n        }\n    }, {\n        \"id\": \"5573b716-a29d-11f0-9c64-0242ac130004\",\n        \"name\": \"workloads_missing_memory_limits\",\n        \"label\": \"i18n:workloads_missing_memory_limits_label\",\n        \"description\": \"i18n:workloads_missing_memory_limits_desc_key\",\n        \"category_tags\": \"Integrity\",\n        \"expected_score\": 100,\n        \"rating_thresholds\": \"100, 75, 50, 25\",\n        \"input_data_keys\": \"pct_workloads_missing_memory_limits\",\n        \"created_by\": \"system\",\n        \"modified_by\": \"\",\n        \"library_name\": \"runtime_production_readiness\",\n        \"criteria_type\": \"default_function\",\n\n        \"metadata\": {\n            \"recommendation\": \"\",\n\n            \"input_data_spec\": [{\n                \"data_input\": \"pct_workloads_missing_memory_limits\",\n                \"levels\": [10, 20, 30, 40],\n                \"weight\": \"9\",\n                \"recommendation\": \"Define memory limits for all workloads to prevent excessive consumption and safeguard node stability\"\n            }]\n        }\n    }, {\n        \"id\": \"5573e150-a29d-11f0-9c64-0242ac130004\",\n        \"name\": \"workloads_within_90pct_memory_limits\",\n        \"label\": \"i18n:workloads_within_90pct_memory_limits_label\",\n        \"description\": \"i18n:workloads_within_90pct_memory_limits_desc_key\",\n        \"category_tags\": \"Integrity\",\n        \"expected_score\": 100,\n        \"rating_thresholds\": \"100, 75, 50, 25\",\n        \"input_data_keys\": \"pct_workloads_within_90pct_memory_limits\",\n        \"created_by\": \"system\",\n        \"modified_by\": \"\",\n        \"library_name\": \"runtime_production_readiness\",\n        \"criteria_type\": \"default_function\",\n\n        \"metadata\": {\n            \"recommendation\": \"\",\n\n            \"input_data_spec\": [{\n                \"data_input\": \"pct_workloads_within_90pct_memory_limits\",\n                \"levels\": [90, 80, 70, 60],\n                \"weight\": \"9\",\n                \"recommendation\": \"Monitor workloads approaching memory limits. Consider increasing memory limits or optimizing memory usage to reduce risk of OOM kills and performance issues.\"\n            }]\n        }\n    }, {\n        \"id\": \"55741008-a29d-11f0-9c64-0242ac130004\",\n        \"name\": \"workload_liveness_initial_delay\",\n        \"label\": \"i18n:workload_liveness_initial_delay_label\",\n        \"description\": \"i18n:workload_liveness_initial_delay_desc_key\",\n        \"category_tags\": \"Usability\",\n        \"expected_score\": 100,\n        \"rating_thresholds\": \"100, 75, 50, 25\",\n        \"input_data_keys\": \"pct_workload_liveness_initial_delay_defined\",\n        \"created_by\": \"system\",\n        \"modified_by\": \"\",\n        \"library_name\": \"runtime_production_readiness\",\n        \"criteria_type\": \"default_function\",\n\n        \"metadata\": {\n            \"recommendation\": \"\",\n\n            \"input_data_spec\": [{\n                \"data_input\": \"pct_workload_liveness_initial_delay_defined\",\n                \"levels\": [90, 80, 70, 60],\n                \"weight\": \"9\",\n                \"recommendation\": \"Ensure all workloads define initialDelaySeconds in their liveness probes to avoid early health check failures.\"\n            }]\n        }\n    }, {\n        \"id\": \"55743664-a29d-11f0-9c64-0242ac130004\",\n        \"name\": \"workload_readiness_period\",\n        \"label\": \"i18n:workload_readiness_period_label\",\n        \"description\": \"i18n:workload_readiness_period_desc_key\",\n        \"category_tags\": \"Usability\",\n        \"expected_score\": 100,\n        \"rating_thresholds\": \"100, 75, 50, 25\",\n        \"input_data_keys\": \"pct_pods_with_readiness_probe_defined\",\n        \"created_by\": \"system\",\n        \"modified_by\": \"\",\n        \"library_name\": \"runtime_production_readiness\",\n        \"criteria_type\": \"default_function\",\n\n        \"metadata\": {\n            \"recommendation\": \"\",\n\n            \"input_data_spec\": [{\n                \"data_input\": \"pct_pods_with_readiness_probe_defined\",\n                \"levels\": [90, 80, 70, 60],\n                \"weight\": \"9\",\n                \"recommendation\": \"Readiness probes signal when a Pod is ready to serve traffic; define them explicitly for reliable rollouts and service routing.\"\n            }]\n        }\n    }, {\n        \"id\": \"557454c8-a29d-11f0-9c64-0242ac130004\",\n        \"name\": \"workload_liveliness_period\",\n        \"label\": \"i18n:workload_liveliness_period_label\",\n        \"description\": \"i18n:workload_liveliness_period_desc_key\",\n        \"category_tags\": \"Usability\",\n        \"expected_score\": 100,\n        \"rating_thresholds\": \"100, 75, 50, 25\",\n        \"input_data_keys\": \"pct_pods_with_liveliness_probe_defined\",\n        \"created_by\": \"system\",\n        \"modified_by\": \"\",\n        \"library_name\": \"runtime_production_readiness\",\n        \"criteria_type\": \"default_function\",\n\n        \"metadata\": {\n            \"recommendation\": \"\",\n\n            \"input_data_spec\": [{\n                \"data_input\": \"pct_pods_with_liveliness_probe_defined\",\n                \"levels\": [90, 80, 70, 60],\n                \"weight\": \"3\",\n                \"recommendation\": \"Use liveness probes so Kubernetes can automatically restart containers that become unresponsive.\"\n            }]\n        }\n    }, {\n        \"id\": \"55749988-a29d-11f0-9c64-0242ac130004\",\n        \"name\": \"network_policy\",\n        \"label\": \"i18n:network_policy_label\",\n        \"description\": \"i18n:network_policy_desc_key\",\n        \"category_tags\": \"Security\",\n        \"expected_score\": 100,\n        \"rating_thresholds\": \"100, 75, 50, 25\",\n        \"input_data_keys\": \"pct_workload_network_policy_defined, pct_policies_using_ingress_and_ports, pct_policies_with_non_empty_rules, pct_policies_using_ipBlocks\",\n        \"created_by\": \"system\",\n        \"modified_by\": \"\",\n        \"library_name\": \"runtime_production_readiness\",\n        \"criteria_type\": \"default_function\",\n\n        \"metadata\": {\n            \"recommendation\": \"\",\n\n            \"input_data_spec\": [{\n                \"data_input\": \"pct_workload_network_policy_defined\",\n                \"levels\": [90, 80, 70, 60],\n                \"weight\": \"3\",\n                \"recommendation\": \"Percentage of workloads with NetworkPolicy is missing (50% impact).\"\n            }, {\n                \"data_input\": \"pct_policies_using_ingress_and_ports\",\n                \"levels\": [90, 80, 70, 60],\n                \"weight\": \"3\",\n                \"recommendation\": \"Percentage of policies using both ingress and ports is missing (30% impact).\"\n            }, {\n                \"data_input\": \"pct_policies_with_non_empty_rules\",\n                \"levels\": [90, 80, 70, 60],\n                \"weight\": \"1\",\n                \"recommendation\": \"Percentage of non-empty rule policies is missing (10% impact).\"\n            }, {\n                \"data_input\": \"pct_policies_using_ipBlocks\",\n                \"levels\": [90, 80, 70, 60],\n                \"weight\": \"1\",\n                \"recommendation\": \"Percentage of policies using IP blocks is missing (10% impact).\"\n            }]\n        }\n    }, {\n        \"id\": \"5574f2d4-a29d-11f0-9c64-0242ac130004\",\n        \"name\": \"workloads_service_account_defined\",\n        \"label\": \"i18n:workloads_service_account_defined_label\",\n        \"description\": \"i18n:workloads_service_account_defined_desc_key\",\n        \"category_tags\": \"Security\",\n        \"expected_score\": 100,\n        \"rating_thresholds\": \"100, 75, 50, 25\",\n        \"input_data_keys\": \"pct_workloads_service_account_defined\",\n        \"created_by\": \"system\",\n        \"modified_by\": \"\",\n        \"library_name\": \"runtime_production_readiness\",\n        \"criteria_type\": \"default_function\",\n\n        \"metadata\": {\n            \"recommendation\": \"\",\n\n            \"input_data_spec\": [{\n                \"data_input\": \"pct_workloads_service_account_defined\",\n                \"levels\": [100, 90, 80, 70],\n                \"weight\": \"9\",\n                \"recommendation\": \"Ensure service account adherence percentage is explicitly defined.\"\n            }]\n        }\n    }, {\n        \"id\": \"5575265a-a29d-11f0-9c64-0242ac130004\",\n        \"name\": \"service_accounts_with_least_privilege_roles\",\n        \"label\": \"i18n:service_accounts_with_least_privilege_roles_label\",\n        \"description\": \"i18n:service_accounts_with_least_privilege_roles_desc_key\",\n        \"category_tags\": \"Security\",\n        \"expected_score\": 100,\n        \"rating_thresholds\": \"100, 75, 50, 25\",\n        \"input_data_keys\": \"pct_service_accounts_with_least_privilege_roles\",\n        \"created_by\": \"system\",\n        \"modified_by\": \"\",\n        \"library_name\": \"runtime_production_readiness\",\n        \"criteria_type\": \"default_function\",\n\n        \"metadata\": {\n            \"recommendation\": \"\",\n\n            \"input_data_spec\": [{\n                \"data_input\": \"pct_service_accounts_with_least_privilege_roles\",\n                \"levels\": [100, 90, 80, 70],\n                \"weight\": \"9\",\n                \"recommendation\": \"Ensure service accounts are assigned only roles with least privilege, avoiding broad permissions like 'admin' or 'cluster-admin'.\"\n            }]\n        }\n    }, {\n        \"id\": \"55755558-a29d-11f0-9c64-0242ac130004\",\n        \"name\": \"privileged_mode_containers\",\n        \"label\": \"i18n:privileged_mode_containers_label\",\n        \"description\": \"i18n:privileged_mode_containers_desc_key\",\n        \"category_tags\": \"Security\",\n        \"expected_score\": 100,\n        \"rating_thresholds\": \"100, 75, 50, 25\",\n        \"input_data_keys\": \"pct_privileged_mode_containers\",\n        \"created_by\": \"system\",\n        \"modified_by\": \"\",\n        \"library_name\": \"runtime_production_readiness\",\n        \"criteria_type\": \"default_function\",\n\n        \"metadata\": {\n            \"recommendation\": \"\",\n\n            \"input_data_spec\": [{\n                \"data_input\": \"pct_privileged_mode_containers\",\n                \"levels\": [10, 20, 30, 40],\n                \"weight\": \"9\",\n                \"recommendation\": \"Ensure privileged container adherence percentage is explicitly defined.\"\n            }]\n        }\n    }, {\n        \"id\": \"5575846a-a29d-11f0-9c64-0242ac130004\",\n        \"name\": \"workload_run_as_root\",\n        \"label\": \"i18n:workload_run_as_root_label\",\n        \"description\": \"i18n:workload_run_as_root_desc_key\",\n        \"category_tags\": \"Security\",\n        \"expected_score\": 100,\n        \"rating_thresholds\": \"100, 75, 50, 25\",\n        \"input_data_keys\": \"pct_workload_run_as_root\",\n        \"created_by\": \"system\",\n        \"modified_by\": \"\",\n        \"library_name\": \"runtime_production_readiness\",\n        \"criteria_type\": \"default_function\",\n\n        \"metadata\": {\n            \"recommendation\": \"\",\n\n            \"input_data_spec\": [{\n                \"data_input\": \"pct_workload_run_as_root\",\n                \"levels\": [10, 20, 30, 40],\n                \"weight\": \"9\",\n                \"recommendation\": \"Ensure adherence percentage for non-root containers is explicitly defined.\"\n            }]\n        }\n    }, {\n        \"id\": \"5575b548-a29d-11f0-9c64-0242ac130004\",\n        \"name\": \"multi_zone_deployment\",\n        \"label\": \"i18n:multi_zone_deployment_label\",\n        \"description\": \"i18n:multi_zone_deployment_desc_key\",\n        \"category_tags\": \"Availability\",\n        \"expected_score\": 100,\n        \"rating_thresholds\": \"100, 75, 50, 25\",\n        \"input_data_keys\": \"pct_multi_zone_deployment\",\n        \"created_by\": \"system\",\n        \"modified_by\": \"\",\n        \"library_name\": \"runtime_production_readiness\",\n        \"criteria_type\": \"default_function\",\n\n        \"metadata\": {\n            \"recommendation\": \"\",\n\n            \"input_data_spec\": [{\n                \"data_input\": \"pct_multi_zone_deployment\",\n                \"levels\": [80, 60, 40, 20],\n                \"weight\": \"9\",\n                \"recommendation\": \"Ensure parameter pct_multi_zone_deployment is defined.\"\n            }]\n        }\n    }, {\n        \"id\": \"5575ed2e-a29d-11f0-9c64-0242ac130004\",\n        \"name\": \"node_failure_tolerance\",\n        \"label\": \"i18n:node_failure_tolerance_label\",\n        \"description\": \"i18n:node_failure_tolerance_desc_key\",\n        \"category_tags\": \"Recoverability\",\n        \"expected_score\": 100,\n        \"rating_thresholds\": \"100, 75, 50, 25\",\n        \"input_data_keys\": \"node_recovery_time, avg_pct_cpu_usage, avg_pct_memory_usage\",\n        \"created_by\": \"system\",\n        \"modified_by\": \"\",\n        \"library_name\": \"runtime_production_readiness\",\n        \"criteria_type\": \"default_function\",\n\n        \"metadata\": {\n            \"recommendation\": \"\",\n\n            \"input_data_spec\": [{\n                \"data_input\": \"node_recovery_time\",\n                \"levels\": [1, 3, 6, 8],\n                \"weight\": \"3\",\n                \"recommendation\": \"Reduce node recovery time by enabling auto-scaling groups, configuring node auto-repair, and ensuring rapid provisioning via node pools or spot fallback mechanisms. \\n\"\n            }, {\n                \"data_input\": \"avg_pct_cpu_usage\",\n                \"levels\": [60, 70, 80, 90],\n                \"weight\": \"3\",\n                \"recommendation\": \"High CPU usage may lead to scheduling delays or degraded performance. Consider right-sizing nodes, tuning resource requests/limits, or load-spreading across nodes. \\n\"\n            }, {\n                \"data_input\": \"avg_pct_memory_usage\",\n                \"levels\": [60, 70, 80, 90],\n                \"weight\": \"3\",\n                \"recommendation\": \"High memory usage can cause eviction and Out of memory kills. Ensure resource limits are set appropriately and workloads are memory-optimized.\"\n            }]\n        }\n    }, {\n        \"id\": \"55764cba-a29d-11f0-9c64-0242ac130004\",\n        \"name\": \"single_point_of_failure\",\n        \"label\": \"i18n:single_point_of_failure_label\",\n        \"description\": \"i18n:single_point_of_failure_desc_key\",\n        \"category_tags\": \"Recoverability\",\n        \"expected_score\": 100,\n        \"rating_thresholds\": \"100, 75, 50, 25\",\n        \"input_data_keys\": \"num_workloads_with_single_replica, num_stfs_with_single_member, pct_sufficient_affinity_nodes, num_control_plane_nodes, num_worker_nodes, num_etcd_nodes, num_coredns_pods\",\n        \"created_by\": \"system\",\n        \"modified_by\": \"\",\n        \"library_name\": \"runtime_production_readiness\",\n        \"criteria_type\": \"default_function\",\n\n        \"metadata\": {\n            \"recommendation\": \"\",\n\n            \"input_data_spec\": [{\n                \"data_input\": \"num_workloads_with_single_replica\",\n                \"levels\": [0, 1, 3, 5],\n                \"weight\": \"1\",\n                \"recommendation\": \"Avoid single-replica workloads to prevent downtime during node failures or rolling updates. Ensure all critical workloads are deployed with at least two replicas.\"\n            }, {\n                \"data_input\": \"num_stfs_with_single_member\",\n                \"levels\": [0, 1, 3, 5],\n                \"weight\": \"1\",\n                \"recommendation\": \"StatefulSets with a single member pose availability risks. Consider increasing replicas for critical StatefulSets where node capacity and storage constraints allow, to improve fault tolerance and ensure service continuity.\"\n            }, {\n                \"data_input\": \"pct_sufficient_affinity_nodes\",\n                \"levels\": [90, 70, 50, 30],\n                \"weight\": \"1\",\n                \"recommendation\": \"Low node affinity diversity can lead to scheduling constraints or concentrated risk. Ensure affinity rules allow scheduling across multiple nodes to improve workload resilience.\"\n            }, {\n                \"data_input\": \"num_control_plane_nodes\",\n                \"levels\": [3, 1],\n                \"weight\": \"1\",\n                \"recommendation\": \"A highly available control plane typically requires 3 or more nodes. Increase the number of control plane nodes to avoid cluster unavailability during upgrades or failures.\"\n            }, {\n                \"data_input\": \"num_worker_nodes\",\n                \"levels\": [3, 1],\n                \"weight\": \"1\",\n                \"recommendation\": \"A small number of worker nodes increases the risk of resource bottlenecks and impacts workload redundancy. Add more worker nodes to support high availability and load balancing.\"\n            }, {\n                \"data_input\": \"num_etcd_nodes\",\n                \"levels\": [3, 1],\n                \"weight\": \"1\",\n                \"recommendation\": \"Ensure etcd is deployed with an odd number of members (typically 3 or 5) for quorum-based fault tolerance. Avoid single-node etcd setups to prevent control plane failure.\"\n            }, {\n                \"data_input\": \"num_coredns_pods\",\n                \"levels\": [2, 1],\n                \"weight\": \"1\",\n                \"recommendation\": \"Run multiple CoreDNS pods to maintain reliable DNS resolution. Single instances can cause widespread failure if disrupted; consider horizontal scaling across nodes.\"\n            }]\n        }\n    }, {\n        \"id\": \"55769d78-a29d-11f0-9c64-0242ac130004\",\n        \"name\": \"errors_logged_last_hour\",\n        \"label\": \"i18n:errors_logged_last_hour_label\",\n        \"description\": \"i18n:errors_logged_last_hour_desc_key\",\n        \"category_tags\": \"Usability\",\n        \"expected_score\": 100,\n        \"rating_thresholds\": \"100, 75, 50, 25\",\n        \"input_data_keys\": \"avg_num_errors_logged_last_hour, maxcount_errors_logged_last_hour\",\n        \"created_by\": \"system\",\n        \"modified_by\": \"\",\n        \"library_name\": \"runtime_production_readiness\",\n        \"criteria_type\": \"default_function\",\n\n        \"metadata\": {\n            \"recommendation\": \"\",\n\n            \"input_data_spec\": [{\n                \"data_input\": \"avg_num_errors_logged_last_hour\",\n                \"levels\": [0, 10, 20, 30],\n                \"weight\": \"3\",\n                \"recommendation\": \"Information about the average numbers of errors logged for pods running for application accounts for 70% of the score.\"\n            }, {\n                \"data_input\": \"maxcount_errors_logged_last_hour\",\n                \"levels\": [0, 10, 50, 100],\n                \"weight\": \"3\",\n                \"recommendation\": \"Information about the count of errors logged for pod having maximum errors considering all running pods for application accounts for 30% of the score.\"\n            }]\n        }\n    }, {\n        \"id\": \"5576cd5c-a29d-11f0-9c64-0242ac130004\",\n        \"name\": \"open_vulnerabilities\",\n        \"label\": \"i18n:open_vulnerabilities_label\",\n        \"description\": \"i18n:open_vulnerabilities_desc_key\",\n        \"category_tags\": \"Security\",\n        \"expected_score\": 100,\n        \"rating_thresholds\": \"100, 75, 50, 25\",\n        \"input_data_keys\": \"num_priority1_vulnerabilities, num_priority2_vulnerabilities, num_priority3_vulnerabilities, num_deprioritized_vulnerabilities\",\n        \"created_by\": \"system\",\n        \"modified_by\": \"\",\n        \"library_name\": \"runtime_production_readiness\",\n        \"criteria_type\": \"default_function\",\n\n        \"metadata\": {\n            \"recommendation\": \"\",\n\n            \"input_data_spec\": [{\n                \"data_input\": \"num_priority1_vulnerabilities\",\n                \"levels\": [0, 5, 10, 15],\n                \"weight\": \"9\",\n                \"recommendation\": \"Priority 1 vulnerability data is missing (70% impact). Provide vulnerability scan results.\"\n            }, {\n                \"data_input\": \"num_priority2_vulnerabilities\",\n                \"levels\": [0, 10, 20, 30],\n                \"weight\": \"3\",\n                \"recommendation\": \"Priority 2 vulnerability data is missing (25% impact). Provide vulnerability scan results.\"\n            }, {\n                \"data_input\": \"num_priority3_vulnerabilities\",\n                \"levels\": [0, 20, 40, 60],\n                \"weight\": \"1\",\n                \"recommendation\": \"Priority 3 vulnerability data is missing (4% impact). Provide vulnerability scan results.\"\n            }, {\n                \"data_input\": \"num_deprioritized_vulnerabilities\",\n                \"levels\": [0, 40, 80, 120],\n                \"weight\": \"1\",\n                \"recommendation\": \"Deprioritized vulnerability data is missing (1% impact). Provide vulnerability scan results.\"\n            }]\n        }\n    }, {\n        \"id\": \"55770588-a29d-11f0-9c64-0242ac130004\",\n        \"name\": \"open_exposures\",\n        \"label\": \"i18n:open_exposures_label\",\n        \"description\": \"i18n:open_exposures_desc_key\",\n        \"category_tags\": \"Security\",\n        \"expected_score\": 100,\n        \"rating_thresholds\": \"100, 75, 50, 25\",\n        \"input_data_keys\": \"num_priority1_exposures, num_priority2_exposures, num_priority3_exposures, num_deprioritized_exposures\",\n        \"created_by\": \"system\",\n        \"modified_by\": \"\",\n        \"library_name\": \"runtime_production_readiness\",\n        \"criteria_type\": \"default_function\",\n\n        \"metadata\": {\n            \"recommendation\": \"\",\n\n            \"input_data_spec\": [{\n                \"data_input\": \"num_priority1_exposures\",\n                \"levels\": [0, 5, 10, 15],\n                \"weight\": \"9\",\n                \"recommendation\": \"Priority 1 Exposures data is missing (75% impact).\"\n            }, {\n                \"data_input\": \"num_priority2_exposures\",\n                \"levels\": [0, 10, 20, 30],\n                \"weight\": \"3\",\n                \"recommendation\": \"Priority 2 Exposures data is missing (25% impact).\"\n            }, {\n                \"data_input\": \"num_priority3_exposures\",\n                \"levels\": [0, 20, 40, 60],\n                \"weight\": \"1\",\n                \"recommendation\": \"Priority 3 Exposures data is missing (4% impact).\"\n            }, {\n                \"data_input\": \"num_deprioritized_exposures\",\n                \"levels\": [0, 40, 80, 120],\n                \"weight\": \"1\",\n                \"recommendation\": \"Deprioritized Exposures data is missing (1% impact).\"\n            }]\n        }\n    }, {\n        \"id\": \"55773b48-a29d-11f0-9c64-0242ac130004\",\n        \"name\": \"kube_certificate_expired\",\n        \"label\": \"i18n:kube_certificate_expired_label\",\n        \"description\": \"i18n:kube_certificate_expired_desc_key\",\n        \"category_tags\": \"Availability\",\n        \"expected_score\": 100,\n        \"rating_thresholds\": \"25,50,75,100\",\n        \"input_data_keys\": \"num_certificates_expired\",\n        \"created_by\": \"system\",\n        \"modified_by\": \"\",\n        \"library_name\": \"runtime_production_readiness\",\n        \"criteria_type\": \"default_function\",\n\n        \"metadata\": {\n            \"recommendation\": \"MTTD is typically influenced by the ability to automatically detect incidents. Review the incidents detected by monitoring for gaps in detection under observability.\",\n\n            \"input_data_spec\": [{\n                \"data_input\": \"num_certificates_expired\",\n                \"levels\": [1, 10, 20, 30],\n                \"weight\": \"9\",\n                \"recommendation\": \"\"\n            }]\n        }\n    }, {\n        \"id\": \"557775ae-a29d-11f0-9c64-0242ac130004\",\n        \"name\": \"kube_certificate_expiring_soon\",\n        \"label\": \"i18n:kube_certificate_expiring_soon_label\",\n        \"description\": \"i18n:kube_certificate_expiring_soon_desc_key\",\n        \"category_tags\": \"Availability\",\n        \"expected_score\": 100,\n        \"rating_thresholds\": \"100, 75, 50, 25\",\n        \"input_data_keys\": \"num_certificates_expiring_in_one_day, num_certificates_expiring_in_one_week, num_certificates_expiring_in_one_month\",\n        \"created_by\": \"system\",\n        \"modified_by\": \"\",\n        \"library_name\": \"runtime_production_readiness\",\n        \"criteria_type\": \"default_function\",\n\n        \"metadata\": {\n            \"recommendation\": \"\",\n\n            \"input_data_spec\": [{\n                \"data_input\": \"num_certificates_expiring_in_one_day\",\n                \"levels\": [1, 10, 20, 30],\n                \"weight\": \"9\",\n                \"recommendation\": \"Data for the number of certificates that will expire in one day is missing.\"\n            }, {\n                \"data_input\": \"num_certificates_expiring_in_one_week\",\n                \"levels\": [1, 10, 20, 30],\n                \"weight\": \"3\",\n                \"recommendation\": \"Data for the number of certificates that will expire in week day is missing.\"\n            }, {\n                \"data_input\": \"num_certificates_expiring_in_one_month\",\n                \"levels\": [1, 10, 20, 30],\n                \"weight\": \"1\",\n                \"recommendation\": \"Data for the number of certificates that will expire in one month is missing.\"\n            }]\n        }\n    }, {\n        \"id\": \"5577ad30-a29d-11f0-9c64-0242ac130004\",\n        \"name\": \"images_with_devel_pkgs\",\n        \"label\": \"i18n:images_with_devel_pkgs_label\",\n        \"description\": \"i18n:images_with_devel_pkgs_desc_key\",\n        \"category_tags\": \"Integrity\",\n        \"expected_score\": 100,\n        \"rating_thresholds\": \"100, 75, 50, 25\",\n        \"input_data_keys\": \"pct_images_with_devel_pkgs\",\n        \"created_by\": \"system\",\n        \"modified_by\": \"\",\n        \"library_name\": \"runtime_production_readiness\",\n        \"criteria_type\": \"default_function\",\n\n        \"metadata\": {\n            \"recommendation\": \"Avoid installing development packages in production container images, as they may introduce unnecessary attack surface and increase image size.\",\n\n            \"input_data_spec\": [{\n                \"data_input\": \"pct_images_with_devel_pkgs\",\n                \"levels\": [0, 5, 10, 20],\n                \"weight\": \"9\",\n                \"recommendation\": \"No images with development packages should be present in the environment.\"\n            }]\n        }\n    }, {\n        \"id\": \"5577e35e-a29d-11f0-9c64-0242ac130004\",\n        \"name\": \"configmap_security_risk\",\n        \"label\": \"i18n:configmap_security_risk_label\",\n        \"description\": \"i18n:configmap_security_risk_desc_key\",\n        \"category_tags\": \"Integrity\",\n        \"expected_score\": 100,\n        \"rating_thresholds\": \"100, 75, 50, 25\",\n        \"input_data_keys\": \"pct_configmap_with_sensitive_content,pct_configmaps_with_secrets\",\n        \"created_by\": \"system\",\n        \"modified_by\": \"\",\n        \"library_name\": \"runtime_production_readiness\",\n        \"criteria_type\": \"default_function\",\n\n        \"metadata\": {\n            \"recommendation\": \"\",\n\n            \"input_data_spec\": [{\n                \"data_input\": \"pct_configmap_with_sensitive_content\",\n                \"levels\": [0, 5, 10, 15],\n                \"weight\": \"3\",\n                \"recommendation\": \"Storing sensitive content such as usernames and email addresses in configMaps is unsafe. Remove sensitive content from configMap data value.\"\n            }, {\n                \"data_input\": \"pct_configmaps_with_secrets\",\n                \"levels\": [5, 10, 15, 20],\n                \"weight\": \"3\",\n                \"recommendation\": \"Storing secrets in configMaps is unsafe. Remove password/secret from configMap data value.\"\n            }]\n        }\n    }, {\n        \"id\": \"55781d2e-a29d-11f0-9c64-0242ac130004\",\n        \"name\": \"service_with_external_ip\",\n        \"label\": \"i18n:service_with_external_ip_label\",\n        \"description\": \"i18n:service_with_external_ip_desc_key\",\n        \"category_tags\": \"Integrity\",\n        \"expected_score\": 100,\n        \"rating_thresholds\": \"100, 75, 50, 25\",\n        \"input_data_keys\": \"pct_services_with_external_ip\",\n        \"created_by\": \"system\",\n        \"modified_by\": \"\",\n        \"library_name\": \"runtime_production_readiness\",\n        \"criteria_type\": \"default_function\",\n\n        \"metadata\": {\n            \"recommendation\": \"\",\n\n            \"input_data_spec\": [{\n                \"data_input\": \"pct_services_with_external_ip\",\n                \"levels\": [0, 5, 10, 15],\n                \"weight\": \"3\",\n                \"recommendation\": \"Services with external IP addresses allows direct access from the internet and might expose risk for CVE-2020-8554. Do not set spec.externalIPs\"\n            }]\n        }\n    }, {\n        \"id\": \"5578514a-a29d-11f0-9c64-0242ac130004\",\n        \"name\": \"privilege_escalation_risk\",\n        \"label\": \"i18n:privilege_escalation_risk_label\",\n        \"description\": \"i18n:privilege_escalation_risk_desc_key\",\n        \"category_tags\": \"Integrity\",\n        \"expected_score\": 100,\n        \"rating_thresholds\": \"100, 75, 50, 25\",\n        \"input_data_keys\": \"pct_workloads_with_privilege_escalation\",\n        \"created_by\": \"system\",\n        \"modified_by\": \"\",\n        \"library_name\": \"runtime_production_readiness\",\n        \"criteria_type\": \"default_function\",\n\n        \"metadata\": {\n            \"recommendation\": \"\",\n\n            \"input_data_spec\": [{\n                \"data_input\": \"pct_workloads_with_privilege_escalation\",\n                \"levels\": [0, 5, 10, 15],\n                \"weight\": \"3\",\n                \"recommendation\": \"SA program inside the container can elevate its own privileges and run as root, which might give the program control over the container and node. Set 'set containers[].securityContext.allowPrivilegeEscalation' to 'false'.\"\n            }]\n        }\n    }, {\n        \"id\": \"557885de-a29d-11f0-9c64-0242ac130004\",\n        \"name\": \"workload_capabilities_hardening\",\n        \"label\": \"i18n:workload_capabilities_hardening_label\",\n        \"description\": \"i18n:workload_capabilities_hardening_desc_key\",\n        \"category_tags\": \"Integrity\",\n        \"expected_score\": 100,\n        \"rating_thresholds\": \"100, 75, 50, 25\",\n        \"input_data_keys\": \"pct_workloads_with_all_capabilities_drop,pct_workloads_with_only_net_bind_service\",\n        \"created_by\": \"system\",\n        \"modified_by\": \"\",\n        \"library_name\": \"runtime_production_readiness\",\n        \"criteria_type\": \"default_function\",\n\n        \"metadata\": {\n            \"recommendation\": \"\",\n\n            \"input_data_spec\": [{\n                \"data_input\": \"pct_workloads_with_all_capabilities_drop\",\n                \"levels\": [100, 95, 90, 85],\n                \"weight\": \"3\",\n                \"recommendation\": \"The container should drop all default capabilities and add only those that are needed for its execution. Add 'ALL' to containers[].securityContext.capabilities.drop.\"\n            }, {\n                \"data_input\": \"pct_workloads_with_only_net_bind_service\",\n                \"levels\": [100, 95, 90, 85],\n                \"weight\": \"3\",\n                \"recommendation\": \"Containers must drop ALL capabilities, and are only permitted to add back the NET_BIND_SERVICE capability. Set 'spec.containers[*].securityContext.capabilities.drop' to 'ALL' and only add 'NET_BIND_SERVICE' to 'spec.containers[*].securityContext.capabilities.add'.\"\n            }]\n        }\n    }, {\n        \"id\": \"5578ba72-a29d-11f0-9c64-0242ac130004\",\n        \"name\": \"workload_host_namespace_isolation\",\n        \"label\": \"i18n:workload_host_namespace_isolation_label\",\n        \"description\": \"i18n:workload_host_namespace_isolation_desc_key\",\n        \"category_tags\": \"Integrity\",\n        \"expected_score\": 100,\n        \"rating_thresholds\": \"100, 75, 50, 25\",\n        \"input_data_keys\": \"pct_workloads_with_access_to_host_ipc_namespace,pct_workloads_with_access_to_host_network,pct_workloads_with_access_to_host_pid\",\n        \"created_by\": \"system\",\n        \"modified_by\": \"\",\n        \"library_name\": \"runtime_production_readiness\",\n        \"criteria_type\": \"default_function\",\n\n        \"metadata\": {\n            \"recommendation\": \"\",\n\n            \"input_data_spec\": [{\n                \"data_input\": \"pct_workloads_with_access_to_host_ipc_namespace\",\n                \"levels\": [0, 5, 10, 15],\n                \"weight\": \"3\",\n                \"recommendation\": \"Sharing the host's IPC namespace allows container processes to communicate with processes on the host. Do not set 'spec.template.spec.hostIPC' to true.\"\n            }, {\n                \"data_input\": \"pct_workloads_with_access_to_host_network\",\n                \"levels\": [0, 5, 10, 15],\n                \"weight\": \"3\",\n                \"recommendation\": \"Sharing the host's network namespace permits processes in the pod to communicate with processes bound to the host's loopback adapter. Do not set 'spec.template.spec.hostNetwork' to true.\"\n            }, {\n                \"data_input\": \"pct_workloads_with_access_to_host_pid\",\n                \"levels\": [0, 5, 10, 15],\n                \"weight\": \"3\",\n                \"recommendation\": \"Sharing the host's PID namespace allows visibility on host processes, potentially leaking information such as environment variables and configuration. Do not set 'spec.template.spec.hostPID' to true.\"\n            }]\n        }\n    }, {\n        \"id\": \"5578fa1e-a29d-11f0-9c64-0242ac130004\",\n        \"name\": \"root_filesystem_protection\",\n        \"label\": \"i18n:root_filesystem_protection_label\",\n        \"description\": \"i18n:root_filesystem_protection_desc_key\",\n        \"category_tags\": \"Integrity\",\n        \"expected_score\": 100,\n        \"rating_thresholds\": \"100, 75, 50, 25\",\n        \"input_data_keys\": \"pct_workloads_with_rootfs_not_read_only\",\n        \"created_by\": \"system\",\n        \"modified_by\": \"\",\n        \"library_name\": \"runtime_production_readiness\",\n        \"criteria_type\": \"default_function\",\n\n        \"metadata\": {\n            \"recommendation\": \"\",\n\n            \"input_data_spec\": [{\n                \"data_input\": \"pct_workloads_with_rootfs_not_read_only\",\n                \"levels\": [0, 5, 10, 15],\n                \"weight\": \"3\",\n                \"recommendation\": \"An immutable root file system prevents applications from writing to their local disk. This can limit intrusions, as attackers will not be able to tamper with the file system or write foreign executables to disk. Change 'containers[].securityContext.readOnlyRootFilesystem' to 'true'.\"\n            }]\n        }\n    }, {\n        \"id\": \"557924da-a29d-11f0-9c64-0242ac130004\",\n        \"name\": \"unnecessary_capabilities_detection\",\n        \"label\": \"i18n:unnecessary_capabilities_detection_label\",\n        \"description\": \"i18n:unnecessary_capabilities_detection_desc_key\",\n        \"category_tags\": \"Integrity\",\n        \"expected_score\": 100,\n        \"rating_thresholds\": \"100, 75, 50, 25\",\n        \"input_data_keys\": \"pct_workloads_with_extra_capabilities_added\",\n        \"created_by\": \"system\",\n        \"modified_by\": \"\",\n        \"library_name\": \"runtime_production_readiness\",\n        \"criteria_type\": \"default_function\",\n\n        \"metadata\": {\n            \"recommendation\": \"\",\n\n            \"input_data_spec\": [{\n                \"data_input\": \"pct_workloads_with_extra_capabilities_added\",\n                \"levels\": [0, 5, 10, 15],\n                \"weight\": \"3\",\n                \"recommendation\": \"According to pod security standard 'Capabilities', capabilities beyond the default set must not be added. Do not set spec.containers[*].securityContext.capabilities.add and spec.initContainers[*].securityContext.capabilities.add.\"\n            }]\n        }\n    }, {\n        \"id\": \"55794d70-a29d-11f0-9c64-0242ac130004\",\n        \"name\": \"hostpath_volume_mounts_detection\",\n        \"label\": \"i18n:hostpath_volume_mounts_detection_label\",\n        \"description\": \"i18n:hostpath_volume_mounts_detection_desc_key\",\n        \"category_tags\": \"Integrity\",\n        \"expected_score\": 100,\n        \"rating_thresholds\": \"100, 75, 50, 25\",\n        \"input_data_keys\": \"pct_workloads_with_hostpath_volumes_mounted\",\n        \"created_by\": \"system\",\n        \"modified_by\": \"\",\n        \"library_name\": \"runtime_production_readiness\",\n        \"criteria_type\": \"default_function\",\n\n        \"metadata\": {\n            \"recommendation\": \"\",\n\n            \"input_data_spec\": [{\n                \"data_input\": \"pct_workloads_with_hostpath_volumes_mounted\",\n                \"levels\": [0, 5, 10, 15],\n                \"weight\": \"3\",\n                \"recommendation\": \"According to pod security standard 'HostPath Volumes', HostPath volumes must be forbidden. Do not set 'spec.volumes[*].hostPath'.\"\n            }]\n        }\n    }, {\n        \"id\": \"55797750-a29d-11f0-9c64-0242ac130004\",\n        \"name\": \"host_ports_access_detection\",\n        \"label\": \"i18n:host_ports_access_detection_label\",\n        \"description\": \"i18n:host_ports_access_detection_desc_key\",\n        \"category_tags\": \"Integrity\",\n        \"expected_score\": 100,\n        \"rating_thresholds\": \"100, 75, 50, 25\",\n        \"input_data_keys\": \"pct_workloads_with_access_to_host_ports\",\n        \"created_by\": \"system\",\n        \"modified_by\": \"\",\n        \"library_name\": \"runtime_production_readiness\",\n        \"criteria_type\": \"default_function\",\n\n        \"metadata\": {\n            \"recommendation\": \"\",\n\n            \"input_data_spec\": [{\n                \"data_input\": \"pct_workloads_with_access_to_host_ports\",\n                \"levels\": [0, 5, 10, 15],\n                \"weight\": \"3\",\n                \"recommendation\": \"According to pod security standard 'Host Ports', hostPorts should be disallowed, or at minimum restricted to a known list. Do not set spec.containers[*].ports[*].hostPort and spec.initContainers[*].ports[*].hostPort.\"\n            }]\n        }\n    }, {\n        \"id\": \"5579a298-a29d-11f0-9c64-0242ac130004\",\n        \"name\": \"non_default_proc_masks_detection\",\n        \"label\": \"i18n:non_default_proc_masks_detection_label\",\n        \"description\": \"i18n:non_default_proc_masks_detection_desc_key\",\n        \"category_tags\": \"Integrity\",\n        \"expected_score\": 100,\n        \"rating_thresholds\": \"100, 75, 50, 25\",\n        \"input_data_keys\": \"pct_workloads_with_non_default_proc_masks\",\n        \"created_by\": \"system\",\n        \"modified_by\": \"\",\n        \"library_name\": \"runtime_production_readiness\",\n        \"criteria_type\": \"default_function\",\n\n        \"metadata\": {\n            \"recommendation\": \"\",\n\n            \"input_data_spec\": [{\n                \"data_input\": \"pct_workloads_with_non_default_proc_masks\",\n                \"levels\": [0, 5, 10, 15],\n                \"weight\": \"3\",\n                \"recommendation\": \"According to pod security standard '/proc Mount Type', the default /proc masks are set up to reduce attack surface, and should be required. Do not set spec.containers[*].securityContext.procMount and spec.initContainers[*].securityContext.procMount.\"\n            }]\n        }\n    }, {\n        \"id\": \"5579d97a-a29d-11f0-9c64-0242ac130004\",\n        \"name\": \"non_core_volume_types_detection\",\n        \"label\": \"i18n:non_core_volume_types_detection_label\",\n        \"description\": \"i18n:non_core_volume_types_detection_desc_key\",\n        \"category_tags\": \"Integrity\",\n        \"expected_score\": 100,\n        \"rating_thresholds\": \"100, 75, 50, 25\",\n        \"input_data_keys\": \"pct_workloads_with_non_core_volume_types\",\n        \"created_by\": \"system\",\n        \"modified_by\": \"\",\n        \"library_name\": \"runtime_production_readiness\",\n        \"criteria_type\": \"default_function\",\n\n        \"metadata\": {\n            \"recommendation\": \"\",\n\n            \"input_data_spec\": [{\n                \"data_input\": \"pct_workloads_with_non_core_volume_types\",\n                \"levels\": [0, 5, 10, 15],\n                \"weight\": \"3\",\n                \"recommendation\": \"According to pod security standard 'Volume types', non-core volume types must not be used. Do not Set 'spec.volumes[*]' to any of the disallowed volume types.\"\n            }]\n        }\n    }, {\n        \"id\": \"557a1a8e-a29d-11f0-9c64-0242ac130004\",\n        \"name\": \"missing_runtime_profile_detection\",\n        \"label\": \"i18n:missing_runtime_profile_detection_label\",\n        \"description\": \"i18n:missing_runtime_profile_detection_desc_key\",\n        \"category_tags\": \"Integrity\",\n        \"expected_score\": 100,\n        \"rating_thresholds\": \"100, 75, 50, 25\",\n        \"input_data_keys\": \"pct_workloads_without_runtime_profile\",\n        \"created_by\": \"system\",\n        \"modified_by\": \"\",\n        \"library_name\": \"runtime_production_readiness\",\n        \"criteria_type\": \"default_function\",\n\n        \"metadata\": {\n            \"recommendation\": \"\",\n\n            \"input_data_spec\": [{\n                \"data_input\": \"pct_workloads_without_runtime_profile\",\n                \"levels\": [0, 5, 10, 15],\n                \"weight\": \"3\",\n                \"recommendation\": \"According to pod security standard 'Seccomp', the RuntimeDefault seccomp profile must be required, or allow specific additional profiles. Set 'spec.securityContext.seccompProfile.type', 'spec.containers[*].securityContext.seccompProfile' and 'spec.initContainers[*].securityContext.seccompProfile' to 'RuntimeDefault' or undefined.\"\n            }]\n        }\n    }, {\n        \"id\": \"557a599a-a29d-11f0-9c64-0242ac130004\",\n        \"name\": \"rbac_privilege_risks_detection\",\n        \"label\": \"i18n:rbac_privilege_risks_detection_label\",\n        \"description\": \"i18n:rbac_privilege_risks_detection_desc_key\",\n        \"category_tags\": \"Integrity\",\n        \"expected_score\": 100,\n        \"rating_thresholds\": \"100, 75, 50, 25\",\n        \"input_data_keys\": \"pct_clusterroles_managing_secrets,pct_roles_with_delete_log_permissions,pct_roles_with_wildcard_verb_on_wildcard_resources,pct_roles_with_wildcard_verbs\",\n        \"created_by\": \"system\",\n        \"modified_by\": \"\",\n        \"library_name\": \"runtime_production_readiness\",\n        \"criteria_type\": \"default_function\",\n\n        \"metadata\": {\n            \"recommendation\": \"\",\n\n            \"input_data_spec\": [{\n                \"data_input\": \"pct_clusterroles_managing_secrets\",\n                \"levels\": [0, 5, 10, 15],\n                \"weight\": \"3\",\n                \"recommendation\": \"Viewing secrets at the cluster-scope is akin to cluster-admin in most clusters as there are typically at least one service accounts (their token stored in a secret) bound to cluster-admin directly or a role/clusterrole that gives similar permissions. Manage secrets are not allowed. Remove resource 'secrets' from cluster role\"\n            }, {\n                \"data_input\": \"pct_roles_with_delete_log_permissions\",\n                \"levels\": [0, 5, 10, 15],\n                \"weight\": \"3\",\n                \"recommendation\": \"Used to cover attacker's tracks, but most clusters ship logs quickly off-cluster. Remove verbs 'delete' and 'deletecollection' for resource 'pods/log' for Role and ClusterRole\"\n            }, {\n                \"data_input\": \"pct_roles_with_wildcard_verb_on_wildcard_resources\",\n                \"levels\": [0, 5, 10, 15],\n                \"weight\": \"3\",\n                \"recommendation\": \"Check whether role permits wildcard verb on wildcard resource. Create a role which does not permit wildcard verb on wildcard resource.\"\n            }, {\n                \"data_input\": \"pct_roles_with_wildcard_verbs\",\n                \"levels\": [0, 5, 10, 15],\n                \"weight\": \"3\",\n                \"recommendation\": \"Check whether role permits wildcard verb on specific resources. Create a role which does not permit wildcard verb on specific resources\"\n            }]\n        }\n    }, {\n        \"id\": \"557a990a-a29d-11f0-9c64-0242ac130004\",\n        \"name\": \"cluster_wide_full_access_roles_detection\",\n        \"label\": \"i18n:cluster_wide_full_access_roles_detection_label\",\n        \"description\": \"i18n:cluster_wide_full_access_roles_detection_desc_key\",\n        \"category_tags\": \"Integrity\",\n        \"expected_score\": 100,\n        \"rating_thresholds\": \"100, 75, 50, 25\",\n        \"input_data_keys\": \"pct_cluster_roles_with_manage_all_resources\",\n        \"created_by\": \"system\",\n        \"modified_by\": \"\",\n        \"library_name\": \"runtime_production_readiness\",\n        \"criteria_type\": \"default_function\",\n\n        \"metadata\": {\n            \"recommendation\": \"\",\n\n            \"input_data_spec\": [{\n                \"data_input\": \"pct_cluster_roles_with_manage_all_resources\",\n                \"levels\": [0, 5, 10, 15],\n                \"weight\": \"3\",\n                \"recommendation\": \"Full control of the cluster resources, and therefore also root on all nodes where workloads can run and has access to all pods, secrets, and data. Remove '*' from 'rules.resources'. Provide specific list of resources to be managed by cluster role\"\n            }]\n        }\n    }, {\n        \"id\": \"557acd94-a29d-11f0-9c64-0242ac130004\",\n        \"name\": \"privilege_escalation_permissions_detection\",\n        \"label\": \"i18n:privilege_escalation_permissions_detection_label\",\n        \"description\": \"i18n:privilege_escalation_permissions_detection_desc_key\",\n        \"category_tags\": \"Integrity\",\n        \"expected_score\": 100,\n        \"rating_thresholds\": \"100, 75, 50, 25\",\n        \"input_data_keys\": \"pct_roles_allowing_privileges_escalation\",\n        \"created_by\": \"system\",\n        \"modified_by\": \"\",\n        \"library_name\": \"runtime_production_readiness\",\n        \"criteria_type\": \"default_function\",\n\n        \"metadata\": {\n            \"recommendation\": \"\",\n\n            \"input_data_spec\": [{\n                \"data_input\": \"pct_roles_allowing_privileges_escalation\",\n                \"levels\": [0, 5, 10, 15],\n                \"weight\": \"3\",\n                \"recommendation\": \"Check whether role permits privilege escalation from node proxy. Create a role which does not permit privilege escalation from node proxy.\"\n            }]\n        }\n    }, {\n        \"id\": \"557b008e-a29d-11f0-9c64-0242ac130004\",\n        \"name\": \"sensitive_operations_permission_detection\",\n        \"label\": \"i18n:sensitive_operations_permission_detection_label\",\n        \"description\": \"i18n:sensitive_operations_permission_detection_desc_key\",\n        \"category_tags\": \"Integrity\",\n        \"expected_score\": 100,\n        \"rating_thresholds\": \"100, 75, 50, 25\",\n        \"input_data_keys\": \"pct_roles_managing_configmaps,pct_roles_allowing_exec_into_pods,pct_roles_managing_kubernetes_networking\",\n        \"created_by\": \"system\",\n        \"modified_by\": \"\",\n        \"library_name\": \"runtime_production_readiness\",\n        \"criteria_type\": \"default_function\",\n\n        \"metadata\": {\n            \"recommendation\": \"\",\n\n            \"input_data_spec\": [{\n                \"data_input\": \"pct_roles_managing_configmaps\",\n                \"levels\": [0, 5, 10, 15],\n                \"weight\": \"3\",\n                \"recommendation\": \"Some workloads leverage configmaps to store sensitive data or configuration parameters that affect runtime behavior that can be modified by an attacker or combined with another issue to potentially lead to compromise. Remove write permission verbs for resource 'configmaps'\"\n            }, {\n                \"data_input\": \"pct_roles_allowing_exec_into_pods\",\n                \"levels\": [0, 5, 10, 15],\n                \"weight\": \"3\",\n                \"recommendation\": \"The ability to exec into a container with privileged access to the host or with an attached SA with higher RBAC permissions is a common escalation path to cluster-admin. Remove write permission verbs for resource 'pods/exec'\"\n            }, {\n                \"data_input\": \"pct_roles_managing_kubernetes_networking\",\n                \"levels\": [0, 5, 10, 15],\n                \"weight\": \"3\",\n                \"recommendation\": \"The ability to control which pods get service traffic directed to them allows for interception attacks. Controlling network policy allows for bypassing lateral movement restrictions. Networking resources are only allowed for verbs 'list', 'watch', 'get'\"\n            }]\n        }\n    }, {\n        \"id\": \"557b6d94-a29d-11f0-9c64-0242ac130004\",\n        \"name\": \"rbac_role_management_permissions_detection\",\n        \"label\": \"i18n:rbac_role_management_permissions_detection_label\",\n        \"description\": \"i18n:rbac_role_management_permissions_detection_desc_key\",\n        \"category_tags\": \"Integrity\",\n        \"expected_score\": 100,\n        \"rating_thresholds\": \"100, 75, 50, 25\",\n        \"input_data_keys\": \"pct_roles_with_manage_rbac_roles\",\n        \"created_by\": \"system\",\n        \"modified_by\": \"\",\n        \"library_name\": \"runtime_production_readiness\",\n        \"criteria_type\": \"default_function\",\n\n        \"metadata\": {\n            \"recommendation\": \"\",\n\n            \"input_data_spec\": [{\n                \"data_input\": \"pct_roles_with_manage_rbac_roles\",\n                \"levels\": [0, 5, 10, 15],\n                \"weight\": \"3\",\n                \"recommendation\": \"An effective level of access equivalent to cluster-admin should not be provided. Remove write permission verbs for resource 'roles' and 'rolebindings'\"\n            }]\n        }\n    }, {\n        \"id\": \"557ba2be-a29d-11f0-9c64-0242ac130004\",\n        \"name\": \"default_seccomp_policy_usage_detection\",\n        \"label\": \"i18n:default_seccomp_policy_usage_detection_label\",\n        \"description\": \"i18n:default_seccomp_policy_usage_detection_desc_key\",\n        \"category_tags\": \"Integrity\",\n        \"expected_score\": 100,\n        \"rating_thresholds\": \"100, 75, 50, 25\",\n        \"input_data_keys\": \"pct_workloads_with_default_seccomp_policies\",\n        \"created_by\": \"system\",\n        \"modified_by\": \"\",\n        \"library_name\": \"runtime_production_readiness\",\n        \"criteria_type\": \"default_function\",\n\n        \"metadata\": {\n            \"recommendation\": \"\",\n\n            \"input_data_spec\": [{\n                \"data_input\": \"pct_workloads_with_default_seccomp_policies\",\n                \"levels\": [100, 95, 90, 85],\n                \"weight\": \"3\",\n                \"recommendation\": \"A program inside the container can bypass Seccomp protection policies. Specify seccomp either by annotation or by seccomp profile type having allowed values as per pod security standards.\"\n            }]\n        }\n    }, {\n        \"id\": \"557bd4f0-a29d-11f0-9c64-0242ac130004\",\n        \"name\": \"admin_access_and_webhook_control_detection\",\n        \"label\": \"i18n:admin_access_and_webhook_control_detection_label\",\n        \"description\": \"i18n:admin_access_and_webhook_control_detection_desc_key\",\n        \"category_tags\": \"Integrity\",\n        \"expected_score\": 100,\n        \"rating_thresholds\": \"100, 75, 50, 25\",\n        \"input_data_keys\": \"pct_rolebingings_with_admin_access,pct_clusterroles_managing_webhooks\",\n        \"created_by\": \"system\",\n        \"modified_by\": \"\",\n        \"library_name\": \"runtime_production_readiness\",\n        \"criteria_type\": \"default_function\",\n\n        \"metadata\": {\n            \"recommendation\": \"\",\n\n            \"input_data_spec\": [{\n                \"data_input\": \"pct_rolebingings_with_admin_access\",\n                \"levels\": [0, 5, 10, 15],\n                \"weight\": \"3\",\n                \"recommendation\": \"Either cluster-admin or those granted powerful permissions. Remove binding for clusterrole 'cluster-admin', 'admin' or 'edit'\"\n            }, {\n                \"data_input\": \"pct_clusterroles_managing_webhooks\",\n                \"levels\": [0, 5, 10, 15],\n                \"weight\": \"3\",\n                \"recommendation\": \"Webhooks can silently intercept or actively mutate/block resources as they are being created or updated. This includes secrets and pod specs. Remove webhook configuration resouces/verbs, acceptable values for verbs ['get', 'list', 'watch']\"\n            }]\n        }\n    }, {\n        \"id\": \"557c0ca4-a29d-11f0-9c64-0242ac130004\",\n        \"name\": \"root_gid_usage_detection\",\n        \"label\": \"i18n:root_gid_usage_detection_label\",\n        \"description\": \"i18n:root_gid_usage_detection_desc_key\",\n        \"category_tags\": \"Integrity\",\n        \"expected_score\": 100,\n        \"rating_thresholds\": \"100, 75, 50, 25\",\n        \"input_data_keys\": \"pct_workloads_with_root_primary_supplementary_gid\",\n        \"created_by\": \"system\",\n        \"modified_by\": \"\",\n        \"library_name\": \"runtime_production_readiness\",\n        \"criteria_type\": \"default_function\",\n\n        \"metadata\": {\n            \"recommendation\": \"\",\n\n            \"input_data_spec\": [{\n                \"data_input\": \"pct_workloads_with_root_primary_supplementary_gid\",\n                \"levels\": [0, 5, 10, 15],\n                \"weight\": \"3\",\n                \"recommendation\": \"According to pod security standard 'Non-root groups', containers should be forbidden from running with a root primary or supplementary GID. Set 'containers[].securityContext.runAsGroup' to a non-zero integer or leave undefined.\"\n            }]\n        }\n    }, {\n        \"id\": \"557c3b2a-a29d-11f0-9c64-0242ac130004\",\n        \"name\": \"privileged_port_binding_detection\",\n        \"label\": \"i18n:privileged_port_binding_detection_label\",\n        \"description\": \"i18n:privileged_port_binding_detection_desc_key\",\n        \"category_tags\": \"Integrity\",\n        \"expected_score\": 100,\n        \"rating_thresholds\": \"100, 75, 50, 25\",\n        \"input_data_keys\": \"pct_workloads_with_binding_to_privileged_ports\",\n        \"created_by\": \"system\",\n        \"modified_by\": \"\",\n        \"library_name\": \"runtime_production_readiness\",\n        \"criteria_type\": \"default_function\",\n\n        \"metadata\": {\n            \"recommendation\": \"\",\n\n            \"input_data_spec\": [{\n                \"data_input\": \"pct_workloads_with_binding_to_privileged_ports\",\n                \"levels\": [0, 5, 10, 15],\n                \"weight\": \"3\",\n                \"recommendation\": \"The ports which are lower than 1024 receive and transmit various sensitive and privileged data. Allowing containers to use them can bring serious implications. Do not map the container ports to privileged host ports when starting a container.\"\n            }]\n        }\n    }, {\n        \"id\": \"557c7c0c-a29d-11f0-9c64-0242ac130004\",\n        \"name\": \"overprivileged_namespace_roles_detection\",\n        \"label\": \"i18n:overprivileged_namespace_roles_detection_label\",\n        \"description\": \"i18n:overprivileged_namespace_roles_detection_desc_key\",\n        \"category_tags\": \"Integrity\",\n        \"expected_score\": 100,\n        \"rating_thresholds\": \"100, 75, 50, 25\",\n        \"input_data_keys\": \"pct_roles_with_manage_all_resources,pct_roles_managing_secrets\",\n        \"created_by\": \"system\",\n        \"modified_by\": \"\",\n        \"library_name\": \"runtime_production_readiness\",\n        \"criteria_type\": \"default_function\",\n\n        \"metadata\": {\n            \"recommendation\": \"\",\n\n            \"input_data_spec\": [{\n                \"data_input\": \"pct_roles_with_manage_all_resources\",\n                \"levels\": [0, 5, 10, 15],\n                \"weight\": \"3\",\n                \"recommendation\": \"Full control of the resources within a namespace.  In some cluster configurations, this is excessive. In others, this is normal (a gitops deployment operator like flux). Remove '*' from 'rules.resources'. Provide specific list of resources to be managed by role in namespace\"\n            }, {\n                \"data_input\": \"pct_roles_managing_secrets\",\n                \"levels\": [5, 10, 15, 20],\n                \"weight\": \"3\",\n                \"recommendation\": \"Viewing secrets at the namespace scope can lead to escalation if another service account in that namespace has a higher privileged rolebinding or clusterrolebinding bound. Manage namespace secrets are not allowed. Remove resource 'secrets' from role.\"\n            }]\n        }\n    }, {\n        \"id\": \"557cc888-a29d-11f0-9c64-0242ac130004\",\n        \"name\": \"outdated_packages\",\n        \"label\": \"i18n:num_outdated_packages_label\",\n        \"description\": \"i18n:num_outdated_packages_desc_key\",\n        \"category_tags\": \"Maintainability\",\n        \"expected_score\": 100,\n        \"rating_thresholds\": \"100, 75, 50, 25\",\n        \"input_data_keys\": \"num_outdated_packages\",\n        \"created_by\": \"system\",\n        \"modified_by\": \"\",\n        \"library_name\": \"runtime_production_readiness\",\n        \"criteria_type\": \"default_function\",\n\n        \"metadata\": {\n            \"recommendation\": \"\",\n\n            \"input_data_spec\": [{\n                \"data_input\": \"num_outdated_packages\",\n                \"levels\": [5, 10, 15, 25],\n                \"weight\": \"3\",\n                \"recommendation\": \"Reduce the number of outdated packages by regularly updating your base images and dependencies. Unpatched packages may expose workloads to known vulnerabilities.\"\n            }]\n        }\n    }, {\n        \"id\": \"557cf98e-a29d-11f0-9c64-0242ac130004\",\n        \"name\": \"backlevel_packages\",\n        \"label\": \"i18n:pct_backlevel_packages_label\",\n        \"description\": \"i18n:pct_backlevel_packages_desc_key\",\n        \"category_tags\": \"Maintainability\",\n        \"expected_score\": 100,\n        \"rating_thresholds\": \"100, 75, 50, 25\",\n        \"input_data_keys\": \"pct_backlevel_packages\",\n        \"created_by\": \"system\",\n        \"modified_by\": \"\",\n        \"library_name\": \"runtime_production_readiness\",\n        \"criteria_type\": \"default_function\",\n\n        \"metadata\": {\n            \"recommendation\": \"\",\n\n            \"input_data_spec\": [{\n                \"data_input\": \"pct_backlevel_packages\",\n                \"levels\": [5, 10, 15, 25],\n                \"weight\": \"3\",\n                \"recommendation\": \"A high percentage of backlevel packages indicates poor update hygiene. Establish automated dependency management to ensure timely updates.\"\n            }]\n        }\n    }, {\n        \"id\": \"557d2832-a29d-11f0-9c64-0242ac130004\",\n        \"name\": \"unpermitted_packages\",\n        \"label\": \"i18n:num_unpermitted_packages_label\",\n        \"description\": \"i18n:num_unpermitted_packages_desc_key\",\n        \"category_tags\": \"Integrity\",\n        \"expected_score\": 100,\n        \"rating_thresholds\": \"100, 75, 50, 25\",\n        \"input_data_keys\": \"num_unpermitted_packages\",\n        \"created_by\": \"system\",\n        \"modified_by\": \"\",\n        \"library_name\": \"runtime_production_readiness\",\n        \"criteria_type\": \"default_function\",\n\n        \"metadata\": {\n            \"recommendation\": \"\",\n\n            \"input_data_spec\": [{\n                \"data_input\": \"num_unpermitted_packages\",\n                \"levels\": [0, 10, 15, 25],\n                \"weight\": \"3\",\n                \"recommendation\": \"Remove unapproved or unpermitted packages to enforce compliance and reduce security risks. Maintain an allowlist and integrate it into image build validation workflows.\"\n            }]\n        }\n    }, {\n        \"id\": \"557d5690-a29d-11f0-9c64-0242ac130004\",\n        \"name\": \"unlicensed_packages\",\n        \"label\": \"i18n:num_unlicensed_packages_label\",\n        \"description\": \"i18n:num_unlicensed_packages_desc_key\",\n        \"category_tags\": \"Integrity\",\n        \"expected_score\": 100,\n        \"rating_thresholds\": \"100, 75, 50, 25\",\n        \"input_data_keys\": \"num_unlicensed_packages\",\n        \"created_by\": \"system\",\n        \"modified_by\": \"\",\n        \"library_name\": \"runtime_production_readiness\",\n        \"criteria_type\": \"default_function\",\n\n        \"metadata\": {\n            \"recommendation\": \"\",\n\n            \"input_data_spec\": [{\n                \"data_input\": \"num_unlicensed_packages\",\n                \"levels\": [0, 10, 15, 25],\n                \"weight\": \"3\",\n                \"recommendation\": \"Identify and remove unlicensed or improperly licensed packages from your container images. Use license scanners to enforce compliance with organizational policies and avoid legal risk.\"\n            }]\n        }\n    }, {\n        \"id\": \"557d80a2-a29d-11f0-9c64-0242ac130004\",\n        \"name\": \"high_availability\",\n        \"label\": \"i18n:high_availability_label\",\n        \"description\": \"i18n:high_availability_desc_key\",\n        \"category_tags\": \"Availability\",\n        \"expected_score\": 100,\n        \"rating_thresholds\": \"100, 75, 50, 25\",\n        \"input_data_keys\": \"avg_number_of_replicas, pct_workloads_gt_3_replicas, pct_pod_with_antiafinity, pct_pods_with_readiness_probe_defined, pct_pods_with_liveliness_probe_defined, pct_workloads_with_hpa\",\n        \"created_by\": \"system\",\n        \"modified_by\": \"\",\n        \"library_name\": \"runtime_production_readiness\",\n        \"criteria_type\": \"default_function\",\n\n        \"metadata\": {\n            \"recommendation\": \"\",\n\n            \"input_data_spec\": [{\n                \"data_input\": \"avg_number_of_replicas\",\n                \"levels\": [7, 5, 3, 1],\n                \"weight\": \"9\",\n                \"recommendation\": \"Ensure workloads maintain >= 3 replicas to avoid single point of failure.\"\n            }, {\n                \"data_input\": \"pct_workloads_gt_3_replicas\",\n                \"levels\": [100, 90, 80, 70],\n                \"weight\": \"9\",\n                \"recommendation\": \"Improve workload availability by scaling more than 3 replicas where applicable.\"\n            }, {\n                \"data_input\": \"pct_pod_with_antiafinity\",\n                \"levels\": [90, 70, 50, 30],\n                \"weight\": \"3\",\n                \"recommendation\": \"Collect data about the percentage of pods with anti-afinity rules defined.\"\n            }, {\n                \"data_input\": \"pct_pods_with_readiness_probe_defined\",\n                \"levels\": [90, 80, 70, 60],\n                \"weight\": \"9\",\n                \"recommendation\": \"Percentage for readiness probe period is explicitly defined.\"\n            }, {\n                \"data_input\": \"pct_pods_with_liveliness_probe_defined\",\n                \"levels\": [90, 80, 70, 60],\n                \"weight\": \"3\",\n                \"recommendation\": \"Use liveness probes to allow automatic recovery from hung containers.\"\n            }, {\n                \"data_input\": \"pct_workloads_with_hpa\",\n                \"levels\": [100, 90, 80, 70],\n                \"weight\": \"3\",\n                \"recommendation\": \"Enable HPA (Horizontal Pod Autoscaler) to handle dynamic load and ensure resilience.\"\n            }]\n        }\n    }, {\n        \"id\": \"557dcb2a-a29d-11f0-9c64-0242ac130004\",\n        \"name\": \"pod_disruption_budget\",\n        \"label\": \"i18n:pod_disruption_budget_label\",\n        \"description\": \"i18n:pod_disruption_budget_desc_key\",\n        \"category_tags\": \"Availability\",\n        \"expected_score\": 100,\n        \"rating_thresholds\": \"100, 75, 50, 25\",\n        \"input_data_keys\": \"pct_workloads_with_pdb,pct_workloads_with_minAvailable_gt_1\",\n        \"created_by\": \"system\",\n        \"modified_by\": \"\",\n        \"library_name\": \"runtime_production_readiness\",\n        \"criteria_type\": \"default_function\",\n\n        \"metadata\": {\n            \"recommendation\": \"\",\n\n            \"input_data_spec\": [{\n                \"data_input\": \"pct_workloads_with_pdb\",\n                \"levels\": [100, 90, 80, 70],\n                \"weight\": \"6\",\n                \"recommendation\": \"Define Pod Disruption Budgets (PDBs) to protect high-priority workloads from voluntary disruptions such as node draining or maintenance.\"\n            }, {\n                \"data_input\": \"pct_workloads_with_minAvailable_gt_1\",\n                \"levels\": [100, 90, 80, 70],\n                \"weight\": \"3\",\n                \"recommendation\": \"Set `minAvailable > 1` in your PDBs to ensure multiple pods remain available during disruptions, improving service reliability.\"\n            }]\n        }\n    }, {\n        \"id\": \"557dfb9a-a29d-11f0-9c64-0242ac130004\",\n        \"name\": \"workload_probes_difference_check\",\n        \"label\": \"i18n:workload_probes_difference_check_label\",\n        \"description\": \"i18n:workload_probes_difference_check_desc_key\",\n        \"category_tags\": \"Availability\",\n        \"expected_score\": 100,\n        \"rating_thresholds\": \"100, 75, 50, 25\",\n        \"input_data_keys\": \"pct_workload_with_probes_not_equal\",\n        \"created_by\": \"system\",\n        \"modified_by\": \"\",\n        \"library_name\": \"runtime_production_readiness\",\n        \"criteria_type\": \"default_function\",\n\n        \"metadata\": {\n            \"recommendation\": \"\",\n\n            \"input_data_spec\": [{\n                \"data_input\": \"pct_workload_with_probes_not_equal\",\n                \"levels\": [100, 90, 80, 70],\n                \"weight\": \"6\",\n                \"recommendation\": \"Ensure liveness and readiness probes serve distinct purposes. Do not use identical configurations for both probes.\"\n            }]\n        }\n    }, {\n        \"id\": \"557e2322-a29d-11f0-9c64-0242ac130004\",\n        \"name\": \"replicas_allow_disruptions\",\n        \"label\": \"i18n:replicas_allow_disruptions_label\",\n        \"description\": \"i18n:replicas_allow_disruptions_desc_key\",\n        \"category_tags\": \"Availability\",\n        \"expected_score\": 100,\n        \"rating_thresholds\": \"100, 75, 50, 25\",\n        \"input_data_keys\": \"avg_number_of_replicas,pct_workloads_gt_3_replicas\",\n        \"created_by\": \"system\",\n        \"modified_by\": \"\",\n        \"library_name\": \"runtime_production_readiness\",\n        \"criteria_type\": \"default_function\",\n\n        \"metadata\": {\n            \"recommendation\": \"\",\n\n            \"input_data_spec\": [{\n                \"data_input\": \"avg_number_of_replicas\",\n                \"levels\": [7, 5, 3, 1],\n                \"weight\": \"9\",\n                \"recommendation\": \"Ensure workloads maintain >= 3 replicas to avoid single point of failure.\"\n            }, {\n                \"data_input\": \"pct_workloads_gt_3_replicas\",\n                \"levels\": [100, 90, 80, 70],\n                \"weight\": \"9\",\n                \"recommendation\": \"Improve workload availability by scaling more than 3 replicas where applicable.\"\n            }]\n        }\n    }, {\n        \"id\": \"557e58e2-a29d-11f0-9c64-0242ac130004\",\n        \"name\": \"topology_spread_constraints_check\",\n        \"label\": \"i18n:topology_spread_constraints_check_label\",\n        \"description\": \"i18n:topology_spread_constraints_check_desc_key\",\n        \"category_tags\": \"Availability\",\n        \"expected_score\": 100,\n        \"rating_thresholds\": \"100, 75, 50, 25\",\n        \"input_data_keys\": \"pct_workloads_with_topology_spread_constraints,pct_workloads_with_topology_spread_constraints_for_host,pct_workloads_with_topology_spread_constraints_for_zone\",\n        \"created_by\": \"system\",\n        \"modified_by\": \"\",\n        \"library_name\": \"runtime_production_readiness\",\n        \"criteria_type\": \"default_function\",\n\n        \"metadata\": {\n            \"recommendation\": \"\",\n\n            \"input_data_spec\": [{\n                \"data_input\": \"pct_workloads_with_topology_spread_constraints\",\n                \"levels\": [100, 90, 80, 70],\n                \"weight\": \"5\",\n                \"recommendation\": \"Define topologySpreadConstraints for high availability and even pod distribution across failure domains.\"\n            }, {\n                \"data_input\": \"pct_workloads_with_topology_spread_constraints_for_host\",\n                \"levels\": [100, 90, 80, 70],\n                \"weight\": \"2\",\n                \"recommendation\": \"Spread pods across nodes to reduce risk of single-node failures.\"\n            }, {\n                \"data_input\": \"pct_workloads_with_topology_spread_constraints_for_zone\",\n                \"levels\": [100, 90, 80, 70],\n                \"weight\": \"2\",\n                \"recommendation\": \"Spread pods across zones to improve fault tolerance in multi-zone clusters.\"\n            }]\n        }\n    }, {\n        \"id\": \"557eaa54-a29d-11f0-9c64-0242ac130004\",\n        \"name\": \"image_checksum_verification\",\n        \"label\": \"i18n:image_checksum_verification_label\",\n        \"description\": \"i18n:image_checksum_verification_desc_key\",\n        \"category_tags\": \"Integrity\",\n        \"expected_score\": 100,\n        \"rating_thresholds\": \"100, 75, 50, 25\",\n        \"input_data_keys\": \"pct_images_with_digest\",\n        \"created_by\": \"system\",\n        \"modified_by\": \"\",\n        \"library_name\": \"runtime_production_readiness\",\n        \"criteria_type\": \"default_function\",\n\n        \"metadata\": {\n            \"recommendation\": \"\",\n\n            \"input_data_spec\": [{\n                \"data_input\": \"pct_images_with_digest\",\n                \"levels\": [100, 90, 80, 70],\n                \"weight\": \"9\",\n                \"recommendation\": \"Use image digests instead of tags for stronger integrity and immutability guarantees during deployments.\"\n            }]\n        }\n    }, {\n        \"id\": \"557ed7ae-a29d-11f0-9c64-0242ac130004\",\n        \"name\": \"storage_class_usage\",\n        \"label\": \"i18n:storage_class_usage_label\",\n        \"description\": \"i18n:storage_class_usage_desc_key\",\n        \"category_tags\": \"Availability\",\n        \"expected_score\": 100,\n        \"rating_thresholds\": \"100, 75, 50, 25\",\n        \"input_data_keys\": \"pct_pvc_with_storage_class\",\n        \"created_by\": \"system\",\n        \"modified_by\": \"\",\n        \"library_name\": \"runtime_production_readiness\",\n        \"criteria_type\": \"default_function\",\n\n        \"metadata\": {\n            \"recommendation\": \"\",\n\n            \"input_data_spec\": [{\n                \"data_input\": \"pct_pvc_with_storage_class\",\n                \"levels\": [100, 90, 80, 70],\n                \"weight\": \"6\",\n                \"recommendation\": \"Ensure all PersistentVolumeClaims (PVCs) specify a storageClassName to guarantee predictable and appropriate storage provisioning.\"\n            }]\n        }\n    }, {\n        \"id\": \"557f0738-a29d-11f0-9c64-0242ac130004\",\n        \"name\": \"workload_without_node_selector\",\n        \"label\": \"i18n:workload_without_node_selector_label\",\n        \"description\": \"i18n:workload_without_node_selector_desc_key\",\n        \"category_tags\": \"Availability\",\n        \"expected_score\": 100,\n        \"rating_thresholds\": \"100, 75, 50, 25\",\n        \"input_data_keys\": \"pct_workload_without_node_selector\",\n        \"created_by\": \"system\",\n        \"modified_by\": \"\",\n        \"library_name\": \"runtime_production_readiness\",\n        \"criteria_type\": \"default_function\",\n\n        \"metadata\": {\n            \"recommendation\": \"\",\n\n            \"input_data_spec\": [{\n                \"data_input\": \"pct_workload_without_node_selector\",\n                \"levels\": [100, 90, 80, 70],\n                \"weight\": \"3\",\n                \"recommendation\": \"Avoid using node selectors unless necessary to prevent limiting workload scheduling flexibility and ensure better resource distribution.\"\n            }]\n        }\n    }, {\n        \"id\": \"557f405e-a29d-11f0-9c64-0242ac130004\",\n        \"name\": \"workloads_with_sysctl_restricted\",\n        \"label\": \"i18n:workloads_with_sysctl_restricted_label\",\n        \"description\": \"i18n:workloads_with_sysctl_restricted_desc_key\",\n        \"category_tags\": \"Security\",\n        \"expected_score\": 100,\n        \"rating_thresholds\": \"100, 75, 50, 25\",\n        \"input_data_keys\": \"pct_workloads_with_systctl_restricted\",\n        \"created_by\": \"system\",\n        \"modified_by\": \"\",\n        \"library_name\": \"runtime_production_readiness\",\n        \"criteria_type\": \"default_function\",\n\n        \"metadata\": {\n            \"recommendation\": \"\",\n\n            \"input_data_spec\": [{\n                \"data_input\": \"pct_workloads_with_systctl_restricted\",\n                \"levels\": [100, 90, 80, 70],\n                \"weight\": \"3\",\n                \"recommendation\": \"Limit usage of sysctls in workloads to only those considered safe and namespaced. Avoid unsafe sysctls that impact host-wide settings.\"\n            }]\n        }\n    }, {\n        \"id\": \"557f6a52-a29d-11f0-9c64-0242ac130004\",\n        \"name\": \"wildcard_verb_usage_in_roles\",\n        \"label\": \"i18n:wildcard_verb_usage_in_roles_label\",\n        \"description\": \"i18n:wildcard_verb_usage_in_roles_desc_key\",\n        \"category_tags\": \"Integrity\",\n        \"expected_score\": 100,\n        \"rating_thresholds\": \"100, 75, 50, 25\",\n        \"input_data_keys\": \"pct_roles_with_wildcard_verbs\",\n        \"created_by\": \"system\",\n        \"modified_by\": \"\",\n        \"library_name\": \"runtime_production_readiness\",\n        \"criteria_type\": \"default_function\",\n\n        \"metadata\": {\n            \"recommendation\": \"\",\n\n            \"input_data_spec\": [{\n                \"data_input\": \"pct_roles_with_wildcard_verbs\",\n                \"levels\": [0, 5, 10, 15],\n                \"weight\": \"3\",\n                \"recommendation\": \"Check whether the role permits wildcard verbs on resources. Avoid using wildcards like '*' in verb definitions to prevent unintended privilege escalation.\"\n            }]\n        }\n    }, {\n        \"id\": \"557f8cc6-a29d-11f0-9c64-0242ac130004\",\n        \"name\": \"workloads_with_hpa\",\n        \"label\": \"i18n:workloads_with_hpa_label\",\n        \"description\": \"i18n:workloads_with_hpa_desc_key\",\n        \"category_tags\": \"Availability\",\n        \"expected_score\": 100,\n        \"rating_thresholds\": \"100, 75, 50, 25\",\n        \"input_data_keys\": \"pct_workloads_with_hpa\",\n        \"created_by\": \"system\",\n        \"modified_by\": \"\",\n        \"library_name\": \"runtime_production_readiness\",\n        \"criteria_type\": \"default_function\",\n\n        \"metadata\": {\n            \"recommendation\": \"\",\n\n            \"input_data_spec\": [{\n                \"data_input\": \"pct_workloads_with_hpa\",\n                \"levels\": [100, 90, 80, 70],\n                \"weight\": \"3\",\n                \"recommendation\": \"Enable HPA (Horizontal Pod Autoscaler) to handle dynamic load and ensure resilience.\"\n            }]\n        }\n    }, {\n        \"id\": \"557fad96-a29d-11f0-9c64-0242ac130004\",\n        \"name\": \"restrict_master_infra_tolerations\",\n        \"label\": \"i18n:restrict_master_infra_tolerations_label\",\n        \"description\": \"i18n:restrict_master_infra_tolerations_desc_key\",\n        \"category_tags\": \"Integrity\",\n        \"expected_score\": 100,\n        \"rating_thresholds\": \"100, 75, 50, 25\",\n        \"input_data_keys\": \"master_nodes_with_taints,infra_nodes_with_taints,pct_workloads_without_tolerations\",\n        \"created_by\": \"system\",\n        \"modified_by\": \"\",\n        \"library_name\": \"runtime_production_readiness\",\n        \"criteria_type\": \"default_function\",\n\n        \"metadata\": {\n            \"recommendation\": \"\",\n\n            \"input_data_spec\": [{\n                \"data_input\": \"master_nodes_with_taints\",\n                \"levels\": [0, 1, 2, 3],\n                \"weight\": \"3\",\n                \"recommendation\": \"Avoid applying tolerations for master nodes in workloads unless explicitly required. Workloads should not be scheduled on master nodes.\"\n            }, {\n                \"data_input\": \"infra_nodes_with_taints\",\n                \"levels\": [0, 1, 2, 3],\n                \"weight\": \"3\",\n                \"recommendation\": \"Avoid applying tolerations for infra nodes unless needed. Use node affinity and taints carefully to isolate infra services.\"\n            }, {\n                \"data_input\": \"pct_workloads_without_tolerations\",\n                \"levels\": [60, 75, 90, 100],\n                \"weight\": \"3\",\n                \"recommendation\": \"Most workloads should not specify tolerations unless required. This helps prevent them from being scheduled on master or infra nodes.\"\n            }]\n        }\n    }],\n    \"aggregate_criteria\": \"\",\n    \"aggregate_criteria_type\": \"average\",\n    \"label\": \"\",\n    \"created_by\": \"ibmconcert\",\n    \"modified_by\": \"ibmconcert\",\n    \"use_last_received_data\": \"\",\n\n    \"metadata\": {\n        \"AI_generated\": false\n    }\n}"}]},{"action":"assign","name":"Assign_1","variable":"$result","value":"true"}],"else":[{"action":"assign","name":"Assign_2","variable":"$result","value":"true"}]}],"variables":[{"name":"in_profile_name","required":true,"isInput":true,"isOutput":false,"level":"INTERMEDIATE","type":{"type":"string"},"value":"\"\""},{"name":"in_concert_key","required":true,"isInput":true,"isOutput":false,"level":"INTERMEDIATE","type":{"type":"string"},"value":"\"\""},{"name":"result","required":false,"isInput":false,"isOutput":true,"level":"INTERMEDIATE","type":{"type":"any"},"value":"false"}],"meta":{"workerGroup":"default","lastUpdated":1762478661844,"layout":"flow","updatedByUsername":"ibmconcert","numberOfBlocks":5,"version":5},"finally":null}