{"name":"Ingest JSON Certificates Data into IBM Concert","platform":"node","hash":"/35UdocWzhTz3LK7RD1R5s4xiYhqcZXIiA9fWN4PLgI=","blocks":[{"action":"system/IBM/Concert/Import Data/Upload Files to Concert","name":"uploadFile","inputs":[{"name":"authKey","value":"$auth"},{"name":"file","value":"{\n    \"data_type\": $data_type,\n    \"metadata\": $metadata,\n    \"filename\": $json\n}"},{"name":"fileType","value":"\"json\""}]}, {"action":"assign","name":"Assign_1","variable":"$result","value":"$uploadFile.result","breakpoint":"enabled"}],"variables":[{"name":"auth","required":true,"isInput":true,"isOutput":false,"level":"INTERMEDIATE","type":{"type":"string"},"value":"\"\"","meta":{"authType":"ANY","subType":"authentication"}},{"name":"json","required":true,"isInput":true,"isOutput":false,"level":"INTERMEDIATE","type":{"type":"string"},"value":"\"\""},{"name":"data_type","required":true,"isInput":true,"isOutput":false,"level":"INTERMEDIATE","type":{"type":"string"},"value":"\"certificate\""},{"name":"metadata","required":false,"isInput":true,"isOutput":false,"level":"INTERMEDIATE","type":{"type":"object"},"value":"{}"},{"name":"result","required":false,"isInput":false,"isOutput":true,"level":"INTERMEDIATE","type":{"type":"any"},"value":"\"\""}],"meta":{"version":5,"layout":"flat","workerGroup":"default","created":1771275994595,"lastUpdated":1771275994595,"updatedByUsername":"admin","numberOfBlocks":2,"description":"Ingest certificates data into IBM Concert"},"finally":null}