{"name":"Jira_Fetch_Metrics","platform":"node","hash":"Q9EfMlrfsjT3FMInNmana+fSSd0maX/8qT4nWgQBC4s=","blocks":[{"name":"Function_1","function":"function formatJiraDate(epochMs) {\n    const d = new Date(epochMs);\n    const YYYY = d.getFullYear();\n    const MM = String(d.getMonth() + 1).padStart(2, \"0\");\n    const DD = String(d.getDate()).padStart(2, \"0\");\n    const hh = String(d.getHours()).padStart(2, \"0\");\n    const mm = String(d.getMinutes()).padStart(2, \"0\");\n    return `${YYYY}-${MM}-${DD} ${hh}:${mm}`;\n};\n\nconst ts = $startTime;\nconst te = $endTime;\n$stringStartTime = formatJiraDate(ts)\n$stringStopTime = formatJiraDate(te)"}, {"action":"system/Common/HTTP/HTTP Request","name":"HTTPRequest_1","inputs":[{"name":"method","value":"\"POST\""},{"name":"host","value":"$jiraHost"},{"name":"protocol","value":"\"https\""},{"name":"path","value":"\"rest/api/3/search/jql\""},{"name":"headers","value":"{\n  \"Accept\": \"application/json\",\n  \"Content-Type\": \"application/json\"\n}"},{"name":"body","value":"{\n  \"jql\": \"project = \" + $applicationName \n         + \" AND created >= \\\"\" + $stringStartTime + \"\\\"\" \n         + \" AND created <= \\\"\" + $stringStopTime + \"\\\"\" \n         + \" AND statusCategory = Done\",\n  \"maxResults\": 100,\n  \"fields\": [\"*all\"],\n  \"fieldsByKeys\": true,\n  \"expand\": \"names\"\n}\n"},{"name":"bodyEncoding","value":"\"default\""},{"name":"authKey","value":"$jiraAccessToken"},{"name":"responseEncoding","value":"\"utf-8\""}]}, {"action":"system/Atlassian/Jira v3/Issue search/Search For Issues Using Jql","name":"fetchMetrics","inputs":[{"name":"authKey","value":"$jiraAuthKey"},{"name":"body","value":"{\n    \"jql\": \"project=\" + $applicationName + \" AND created >= '\" + $stringStartTime +\"' AND statusCategory = Done\",\n    \"expand\": [\"names\"]\n}"}],"skipped":true}, {"action":"assign","name":"Assign_1","variable":"$fetchResult","value":"$HTTPRequest_1.result"}],"variables":[{"name":"applicationName","required":false,"isInput":true,"isOutput":false,"level":"INTERMEDIATE","type":{"type":"string"},"value":"\"\""},{"name":"startTime","required":false,"isInput":true,"isOutput":true,"level":"INTERMEDIATE","type":{"type":"number"},"value":"0"},{"name":"endTime","required":false,"isInput":true,"isOutput":true,"level":"INTERMEDIATE","type":{"type":"number"},"value":"0"},{"name":"jiraAccessToken","required":true,"isInput":true,"isOutput":false,"level":"INTERMEDIATE","type":{"type":"string"},"value":"\"\"","meta":{"authType":"Common/BearerToken","subType":"authentication"}},{"name":"jiraHost","required":true,"isInput":true,"isOutput":false,"level":"INTERMEDIATE","type":{"type":"string"},"value":"\"\""},{"name":"stringStartTime","required":false,"isInput":false,"isOutput":false,"level":"INTERMEDIATE","type":{"type":"string"},"value":"\"\""},{"name":"stringStopTime","required":false,"isInput":false,"isOutput":false,"level":"INTERMEDIATE","type":{"type":"string"},"value":"\"\""},{"name":"fetchResult","required":false,"isInput":false,"isOutput":true,"level":"INTERMEDIATE","type":{"type":"any"},"value":"\"\""}],"meta":{"workerGroup":"default","created":1767354434994,"lastUpdated":1767354434994,"description":"This workflow retrieves Problem/Ticket metrics from Jira over a specified time period, and sends to the main flow","layout":"flat","updatedByUsername":"admin","numberOfBlocks":4,"version":5},"finally":null}