{"name":"Discover_Public_Access_Points_From_Kubernetes_And_OCP","platform":"node","hash":"buB579GDzaAys8+PK6SowX7En/bO88SCdpUnzGK9Bic=","blocks":[{"action":"if","name":"NamespaceCheck","condition":"$namespaces.every(ns => ns == \"\")","then":[{"action":"switch","name":"SwitchSystemForAllNamespaces","expression":"$systemType","cases":[{"value":"\"kubernetes\"","blocks":[{"action":"system/Kubernetes/KubernetesHttpRequest","name":"ListAllNamespaces","inputs":[{"name":"authKey","value":"$serviceAuth"},{"name":"method","value":"\"GET\""},{"name":"path","value":"\"/api/v1/namespaces\""}]},{"action":"assign","name":"AssignAllNamespaces","variable":"$result","value":"$ListAllNamespaces.result"}]},{"value":"\"ocp\"","blocks":[{"action":"system/OpenShift/Project Openshift Io/List Project Openshift Io Project","name":"ListAllProjects","inputs":[{"name":"authKey","value":"$serviceAuth"}]},{"action":"assign","name":"AssignAllProjects","variable":"$result","value":"$ListAllProjects.result"}]}],"default":[{"action":"assign","name":"InvalidSysType","variable":"$result","value":"{\n    \"error\": \"invalid system type\"\n}"},{"action":"exit"}]},{"name":"Function_1","function":"function extractNamespacesFromOCPandK8s(AllNamespaceProjectsList){\n   if(Array.isArray(AllNamespaceProjectsList.items)){\n       return AllNamespaceProjectsList.items.map(ns => ns.metadata?.name).filter(Boolean);\n   }\n   return []\n}\n\n$namespaces = extractNamespacesFromOCPandK8s($result)"}],"else":[]}, {"action":"if","name":"CheckNamespaceAndEnvironment","condition":"$envName != \"\" && $apiServer != \"\"","then":[{"action":"foreach","name":"LoopNamespaces","list":"$namespaces","blocks":[{"action":"if","name":"NamespaceEmptyCheck","condition":"$LoopNamespaces.item != \"\"","then":[{"action":"switch","name":"SwitchSystemType","expression":"$systemType","cases":[{"value":"\"kubernetes\"","blocks":[{"action":"comment","value":"Fetch the list of Ingress"},{"action":"system/Kubernetes/KubernetesHttpRequest","name":"GetIngressList","inputs":[{"name":"authKey","value":"$serviceAuth"},{"name":"method","value":"\"GET\""},{"name":"path","value":"`/apis/networking.k8s.io/v1/namespaces/${$LoopNamespaces.item}/ingresses`"}]},{"action":"assign","name":"AssignIngressList","variable":"$resourceList","value":"$GetIngressList.result.items"}]},{"value":"\"ocp\"","blocks":[{"action":"comment","value":"Fetch the list of Routes"},{"action":"system/OpenShift/Route Openshift Io/List Route Openshift Io Namespaced Route","name":"GetRoutesList","inputs":[{"name":"authKey","value":"$serviceAuth"},{"name":"namespace","value":"$LoopNamespaces.item"}]},{"action":"assign","name":"AssignRouteList","variable":"$resourceList","value":"$GetRoutesList.result.items"}]}],"default":[{"action":"assign","name":"InvalidSysTypeErr","variable":"$result","value":"{\n    \"error\": \"invalid system type\"\n}"},{"action":"exit"}]},{"action":"comment","value":"Check if Ingress/Routes data is present"},{"action":"if","name":"ResourceListCheck","condition":"$resourceList.length == 0","then":[{"action":"continue"}],"else":[]},{"action":"comment","value":"Certificate data creation"},{"action":"foreach","name":"CreateCertificatePayload","list":"$resourceList","blocks":[{"action":"./Helpers/Create_Certificate_For_OCP_Kubernetes","name":"CreateCertPayload","inputs":[{"name":"namespaceResource","value":"$CreateCertificatePayload.item"},{"name":"defaultPort","value":"$defaultPort"},{"name":"apiServer","value":"$apiServer"},{"name":"certificateArr","value":"$certificateArr"},{"name":"systemType","value":"$systemType"},{"name":"envName","value":"$envName"},{"name":"namespace","value":"$LoopNamespaces.item"}]}]}],"else":[{"action":"continue"}]}]},{"action":"comment","value":"Ingest data to IBM Concert"},{"action":"if","name":"CertificateArrLengthCheck","condition":"$certificateArr.components.length > 0","then":[{"action":"./Helpers/Load_Batch_Certificate_Data","name":"LoadBatchCertificateData","inputs":[{"name":"certificateData","value":"$certificateArr"},{"name":"defaultBatchSize","value":"$defaultBatchSize"}]},{"action":"assign","name":"LoadDataToConcertResult","variable":"$result","value":"$LoadBatchCertificateData.result"}],"else":[{"action":"assign","name":"NoCertFound","variable":"$result","value":"{\n    \"Status\": \"Error\",\n    \"Message\": \"No Certificates Found\"\n}"}]}],"else":[{"action":"assign","name":"NamespaceOrEnvironmentErr","variable":"$result","value":"{\n    \"Status\": \"Error\",\n    \"Message\": \"Required input parameter(Environment Name/API Server) not found\"\n}"},{"action":"exit"}]}],"variables":[{"name":"serviceAuth","required":true,"isInput":true,"isOutput":false,"level":"INTERMEDIATE","type":{"type":"string"},"value":"\"\"","meta":{"authType":["Kubernetes","OpenShift"],"subType":"authentication"}},{"name":"envName","required":true,"isInput":true,"isOutput":false,"level":"INTERMEDIATE","type":{"type":"string"},"value":"\"\""},{"name":"systemType","required":true,"isInput":true,"isOutput":false,"level":"INTERMEDIATE","type":{"type":"string","enum":["ocp","kubernetes"]},"value":"\"\""},{"name":"apiServer","required":true,"isInput":true,"isOutput":false,"level":"INTERMEDIATE","type":{"type":"string"},"value":"\"\""},{"name":"namespaces","required":false,"isInput":true,"isOutput":false,"level":"INTERMEDIATE","type":{"type":"array"},"value":"[]"},{"name":"routes","required":false,"isInput":false,"isOutput":false,"level":"INTERMEDIATE","type":{"type":"array"},"value":"[]"},{"name":"resourceList","required":false,"isInput":false,"isOutput":false,"level":"INTERMEDIATE","type":{"type":"array"},"value":"[]"},{"name":"defaultPort","required":false,"isInput":false,"isOutput":false,"level":"INTERMEDIATE","type":{"type":"number"},"value":"443"},{"name":"defaultBatchSize","required":false,"isInput":false,"isOutput":false,"level":"INTERMEDIATE","type":{"type":"number"},"value":"150"},{"name":"certificateArr","required":false,"isInput":false,"isOutput":false,"level":"INTERMEDIATE","type":{"type":"object"},"value":"{\n    \"components\": [],\n    \"dependencies\": [{\n        \"ref\": \"environment:\",\n        \"depends_on\": []\n    }]\n}"},{"name":"result","required":false,"isInput":false,"isOutput":true,"level":"INTERMEDIATE","type":{"type":"object"},"value":"{}"}],"meta":{"workerGroup":"default","created":1771276496709,"lastUpdated":1771276586965,"description":"This flow discovers Public Access Point data from Kubernetes and OCP, transforms the data and ingests the data to IBM Concert","layout":"flow","updatedByUsername":"admin","numberOfBlocks":39,"version":5,"tags":[{"name":"Consumer","value":"Concert"},{"name":"Concert version","value":"2.3.0"},{"name":"Category","value":"Certificates"}]},"finally":null}