{"name":"4 - Processing","platform":"node","hash":"G8RAyfrIlOTCRp3uDRigkeValbGYc+xzD1/IFm2DRfM=","blocks":[{"action":"foreach","name":"ForEach_service","list":"[$in_app_data]","blocks":[{"action":"assign","name":"Assign_Serv_Data","value":"$ForEach_service.item.data","variable":"$serv_data"},{"action":"assign","name":"Assign_5","value":"[{\n    target: $ForEach_service.item.concert.applicationName + \".ecs.amazonaws.com\",\n    components: []\n}]","variable":"$t_component_metrics"},{"action":"comment","value":"processing -> set service metrics "},{"name":"fun_metric_calculation","function":"// Metric Calculation and NFR mapping\n\nlet total_latest = 0;\nlet total_containers = 0;\nlet total_cont_zero_cpu = 0;\nlet total_cont_zero_mem = 0;\nlet total_cont_within_90pct_cpu = 0;\nlet total_cont_within_90pct_mem = 0;\nlet total_cpu_len = 0;\nlet total_mem_len = 0;\nlet total_cont_runs_as_root = 0; \nlet total_cont_not_read_only_fs = 0; \nlet total_cont_priv_count = 0;\nlet total_cont_liveness_initial_delay = 0; \nlet total_host_port_access = 0; \nlet total_priv_port_binding = 0; \nlet total_extra_caps = 0;\nlet total_non_def_proc_mask = 0;\nlet total_non_core_vol_type = 0;\nlet total_cont_root_gid = 0; \nlet total_caps_drop_all = 0;\nlet total_caps_net_bind = 0;\nlet total_with_runtime_profile = 0;\nlet run_tasks = [];\nlet cont_inst = [];\nlet desired_tasks = [];\nlet total_cpu_sum_pct = 0;\nlet total_mem_sum_pct = 0;\nlet total_with_healthcheck_defined = 0;\nlet total_priv_escalation_risk = 0;\nlet minimumHealthyPercent = 0;\nlet maximumPercent = 0;\nlet delivery_throttl_ct = 0;\nlet restart_task_ct = 0;\n\nconst PRIV_ESC_CAPS = new Set([\n  \"SYS_ADMIN\",\"NET_ADMIN\",\"SYS_MODULE\",\"SYS_PTRACE\",\n  \"SYS_TIME\",\"SYS_RAWIO\",\"SYSLOG\",\"SYS_BOOT\",\n  \"SETUID\",\"SETGID\",\"DAC_READ_SEARCH\",\"DAC_OVERRIDE\",\n  \"IPC_LOCK\",\"IPC_OWNER\",\"MAC_ADMIN\",\"MAC_OVERRIDE\"\n]);\n\n\nconst cont_data = $serv_data.containers;\n\n// get service-level health\nif ($serv_data?.deploymentConfiguration) {\n  if (typeof $serv_data.deploymentConfiguration.minimumHealthyPercent === \"number\") {\n    minimumHealthyPercent = $serv_data.deploymentConfiguration.minimumHealthyPercent;\n  }\n  if (typeof $serv_data.deploymentConfiguration.maximumPercent === \"number\") {\n    maximumPercent = $serv_data.deploymentConfiguration.maximumPercent;\n  }\n}\n\ntotal_containers += cont_data.length;\ntotal_latest += cont_data.filter(c => c.image.endsWith(':latest')).length;\n\n// get mode data per task def \nconst ipc_count = cont_data.filter(c => c.hostIPC).length;\nconst net_count = cont_data.filter(c => c.hostNetwork).length;\nconst pid_count = cont_data.filter(c => c.hostPID).length;\n\ncont_data.forEach(c => {\n    // get missing cpu\n    if (!(\"cpu\" in c) || c.cpu === 0) {\n        total_cont_zero_cpu++;\n    };\n\n    // get missing memory\n    if (!(\"memory\" in c) || c.memory === 0) {\n        total_cont_zero_mem++;\n    };\n\n    // get read only root fs\n    if (c.readonlyRootFilesystem === false) {\n        total_cont_not_read_only_fs++;\n    };\n\n    // get host port access\n    if ((c.hostNetwork != \"awsvpc\" && c.portMappings || []).some(pm => pm.hostPort && pm.hostPort > 0) || c.hostNetwork == \"host\") {\n        total_host_port_access++;\n    };\n\n    // get privileged mode\n    if (!c.user || c.user === \"root\" || c.user === \"0\" || c.user.startsWith(\"0:\")) {\n        total_cont_runs_as_root++;\n    };\n\n    // get root gid count\n    if (c.user && c.user.includes(\":\")) {\n        const id_split = c.user.split(\":\");\n        const gid = id_split[1];\n        if (gid === \"0\") {\n            total_cont_root_gid++;\n        }\n    };\n\n    // get liveness initial delay\n    if (c.healthCheck && typeof c.healthCheck.startPeriod === \"number\" && c.healthCheck.startPeriod > 0) {\n        total_cont_liveness_initial_delay++;\n    };\n\n    // // count any ecs healthCheck as a liveness/readiness\n    if (c.healthCheck && Object.keys(c.healthCheck).length > 0) {\n        total_with_healthcheck_defined++;\n    };\n\n\n    // get privileged port bindings\n    if ((c.portMappings || []).some(pm => pm.hostPort < 1024)) {\n        total_priv_port_binding++;\n    };\n\n    // get root privileged mode \n    if (c.privileged === true) {\n        total_cont_priv_count++;\n    };\n\n    // get extra capabilities added\n    const extra_caps_data = (c.linuxParameters && c.linuxParameters.capabilities && c.linuxParameters.capabilities.add) || [];\n\n    if (Array.isArray(extra_caps_data) && extra_caps_data.length > 0) {\n        total_extra_caps++;\n    };\n\n    // get total of non default process namespace masks \n    if (c.hasNonDefaultProcMask) total_non_def_proc_mask++;\n\n    // get total of non core volume types\n    if (c.hasNonCoreVolumeType) total_non_core_vol_type++;\n\n    // get aws cloudwatch metrics\n    const cpu_util_data = c.metrics.cpu_metric_res.MetricDataResults[0].Values;\n    const mem_util_data = c.metrics.mem_metriic_res.MetricDataResults[0].Values;\n\n    total_cont_within_90pct_cpu += cpu_util_data.filter(val => val <= 90).length;\n    total_cont_within_90pct_mem += mem_util_data.filter(val => val <= 90).length;\n\n    total_cpu_len += cpu_util_data.length;\n    total_mem_len += mem_util_data.length;\n\n\n    // get caps hardening \n    const all_caps = (c.linuxParameters && c.linuxParameters.capabilities) || {};\n    const add_caps = (all_caps.add || []).map(x => String(x).toUpperCase());\n    const drop_caps = (all_caps.drop || []).map(x => String(x).toUpperCase());\n\n    if (drop_caps.includes(\"ALL\")) total_caps_drop_all++;\n    if (add_caps.length === 1 && add_caps[0] === \"NET_BIND_SERVICE\") total_caps_net_bind++;\n\n    // get priv esc risk\n    const hasRiskyCap = add_caps.some(cap => PRIV_ESC_CAPS.has(cap));\n        if (c.privileged === true || hasRiskyCap) {\n        total_priv_escalation_risk++;\n    };\n\n    // get docker sec opts for runtime profile\n    const dso = (c.dockerSecurityOptions || []).map(String);\n    if ($t_compatible_launch_type.includes(\"FARGATE\") || (dso.some(s => s.toLowerCase().includes('seccomp') || s.toLowerCase().includes('apparmor')))) {\n      total_with_runtime_profile++;\n    };\n\n    // get runnig task count and container instance count\n    if (!run_tasks.length) {\n      run_tasks = c.metrics?.running_task_ct?.MetricDataResults?.[0]?.Values?.map(Number) || [];\n    };\n\n    if (!desired_tasks.length) {\n    desired_tasks = c.metrics?.desired_task_ct?.MetricDataResults?.[0]?.Values?.map(Number) || [];\n    };\n\n    if (!cont_inst.length) {\n      cont_inst = c.metrics?.cont_inst_ct.MetricDataResults?.[0]?.Values?.map(Number) || [];\n    };\n\n    //accumulate mem and cpu usage pct\n    total_cpu_sum_pct += cpu_util_data.reduce((a, b) => a + b, 0);\n    total_mem_sum_pct += mem_util_data.reduce((a, b) => a + b, 0);\n\n    // get load_distr log back pressure data\n    if (delivery_throttl_ct === 0) {\n      const vals = c.metrics?.aws_delivery_throttl?.MetricDataResults?.[0]?.Values?.map(Number) || [];\n      if (vals.length) delivery_throttl_ct = vals.reduce((a, b) => a + (b || 0), 0);\n    };\n\n    if (restart_task_ct === 0) {\n      const vals = c.metrics?.restart_task_count?.MetricDataResults?.[0]?.Values?.map(Number) || [];\n      if (vals.length) restart_task_ct = vals.reduce((a, b) => a + (b || 0), 0);\n    };\n\n});\n\nconst workload_volumes = $serv_data.rawData.taskDefinition.taskDefinition.volumes;\n\nworkload_volumes.forEach(volume => {\n  if('sourcePath' in volume.host){\n    $t_workloads_with_hostpath_volumes_mounted_count++;\n  }\n});\n\nconst pct_images_latest_tag_identification = ((total_latest / total_containers) * 100).toFixed(2);\nconst pct_workloads_missing_cpu_limits = (total_cont_zero_cpu / total_containers * 100).toFixed(2);\nconst pct_workloads_missing_memory_limits = ((total_cont_zero_mem / total_containers) * 100).toFixed(2);\nconst pct_workloads_within_90pct_cpu_limits = total_cpu_len ? ((total_cont_within_90pct_cpu / total_cpu_len) * 100).toFixed(2) : 0;\nconst pct_workloads_within_90pct_memory_limits = total_mem_len ? ((total_cont_within_90pct_mem / total_mem_len) * 100).toFixed(2): 0;\nconst pct_workload_run_as_root = ((total_cont_runs_as_root / total_containers) * 100).toFixed(2);\nconst pct_workloads_with_rootfs_not_read_only = ((total_cont_not_read_only_fs / total_containers) * 100).toFixed(2);\nconst pct_workloads_with_access_to_host_ports = ((total_host_port_access / total_containers) * 100).toFixed(2);\nconst pct_workloads_with_binding_to_privileged_ports = ((total_priv_port_binding / total_containers) * 100).toFixed(2);\nconst pct_privileged_mode_containers = ((total_cont_priv_count / total_containers) * 100).toFixed(2);\nconst pct_workload_liveness_initial_delay_defined = ((total_cont_liveness_initial_delay / total_containers) * 100).toFixed(2);\nconst pct_workloads_with_extra_capabilities_added = ((total_extra_caps / total_containers) * 100).toFixed(2);\nconst pct_workloads_with_non_default_proc_masks = ((total_non_def_proc_mask / total_containers) * 100).toFixed(2);\nconst pct_workloads_with_non_core_volume_types = ((total_non_core_vol_type / total_containers) * 100).toFixed(2);\nconst pct_workloads_with_root_primary_supplementary_gid = ((total_cont_root_gid / total_containers) * 100).toFixed(2);\nconst pct_workloads_with_all_capabilities_drop = ((total_caps_drop_all / total_containers) * 100).toFixed(2);\nconst pct_workloads_with_only_net_bind_service = ((total_caps_net_bind / total_containers) * 100).toFixed(2);\nconst pct_workloads_without_runtime_profile = (((total_containers - total_with_runtime_profile) / total_containers) * 100).toFixed(2);\n// computed per task def/service not container level\nconst pct_workloads_with_access_to_host_ipc_namespace = ipc_count ? \"100.00\" : \"0.00\";\nconst pct_workloads_with_access_to_host_network = net_count ? \"100.00\" : \"0.00\";\nconst pct_workloads_with_access_to_host_pid = pid_count ? \"100.00\" : \"0.00\";\n// compute replicas per worker\nconst avg_run_task  = run_tasks.length  ? (run_tasks.reduce((a,b)=>a+b,0)  / run_tasks.length)  : 0;\nconst avg_desired_task = desired_tasks.length ? desired_tasks.reduce((a,b)=>a+b,0) / desired_tasks.length : 0;\nconst avg_cont_inst = cont_inst.length ? (cont_inst.reduce((a,b)=>a+b,0) / cont_inst.length) : 0;\nconst avg_num_replicas_per_worker = avg_cont_inst > 0\n  ? (avg_run_task / avg_cont_inst).toFixed(2)\n  : \"0.00\";\n//compute avg for cpu and mem usage\nconst avg_pct_cpu_usage = total_cpu_len ? (total_cpu_sum_pct / total_cpu_len).toFixed(2) : \"0.00\";\nconst avg_pct_memory_usage = total_mem_len ? (total_mem_sum_pct / total_mem_len).toFixed(2) : \"0.00\";\n//compute liveliness and priv esc\nconst pct_pods_with_liveliness_probe_defined = total_containers\n  ? ((total_with_healthcheck_defined / total_containers) * 100).toFixed(2)\n  : \"0.00\";\n\nconst pct_workloads_with_privilege_escalation = total_containers\n  ? ((total_priv_escalation_risk / total_containers) * 100).toFixed(2)\n  : \"0.00\";\n\n\n\n$t_pct_images_latest_tag_identification = pct_images_latest_tag_identification;\n$t_pct_workloads_missing_cpu_limits = pct_workloads_missing_cpu_limits;\n$t_pct_workloads_missing_memory_limits = pct_workloads_missing_memory_limits;\n$t_pct_workloads_within_90pct_cpu_limits = pct_workloads_within_90pct_cpu_limits;\n$t_pct_workloads_within_90pct_memory_limits = pct_workloads_within_90pct_memory_limits;\n$t_pct_privileged_mode_containers = pct_privileged_mode_containers;\n$t_pct_workloads_with_rootfs_not_read_only = pct_workloads_with_rootfs_not_read_only;\n$t_pct_workloads_with_access_to_host_ports = pct_workloads_with_access_to_host_ports;\n$t_pct_workloads_with_binding_to_privileged_ports = pct_workloads_with_binding_to_privileged_ports;\n$t_pct_workload_liveness_initial_delay_defined = pct_workload_liveness_initial_delay_defined;\n$t_pct_workload_run_as_root = pct_workload_run_as_root;\n$t_pct_workloads_with_extra_capabilities_added = pct_workloads_with_extra_capabilities_added;\n$t_pct_workloads_with_non_default_proc_masks = pct_workloads_with_non_default_proc_masks;\n$t_pct_workloads_with_non_core_volume_types = pct_workloads_with_non_core_volume_types;\n$t_pct_workloads_with_root_primary_supplementary_gid = pct_workloads_with_root_primary_supplementary_gid;\n$t_pct_workloads_with_all_capabilities_drop = pct_workloads_with_all_capabilities_drop;\n$t_pct_workloads_with_only_net_bind_service = pct_workloads_with_only_net_bind_service;\n$t_pct_workloads_without_runtime_profile = pct_workloads_without_runtime_profile;\n$t_pct_workloads_with_access_to_host_ipc_namespace = pct_workloads_with_access_to_host_ipc_namespace;\n$t_pct_workloads_with_access_to_host_network = pct_workloads_with_access_to_host_network;\n$t_pct_workloads_with_access_to_host_pid = pct_workloads_with_access_to_host_pid\n$t_avg_num_replicas_per_worker = avg_num_replicas_per_worker;\n$t_avg_pct_cpu_usage = avg_pct_cpu_usage;\n$t_avg_pct_memory_usage = avg_pct_memory_usage;\n$t_pct_pods_with_liveliness_probe_defined = pct_pods_with_liveliness_probe_defined;\n$t_pct_workloads_with_privilege_escalation = pct_workloads_with_privilege_escalation;\n$t_deploy_health = (avg_run_task / avg_desired_task).toFixed(2)\n$t_minimumHealthyPercent = minimumHealthyPercent.toFixed(2);\n$t_maximumPercent = maximumPercent.toFixed(2);\n$t_delivery_throttl_ct = delivery_throttl_ct.toFixed(2);\n$t_restart_task_ct = restart_task_ct.toFixed(2);\n$t_running_as_root = pct_workload_run_as_root;\n$t_serv_latest_images = pct_images_latest_tag_identification;"},{"action":"assign","name":"assign_metric","variable":"$t_nfr_assignment","value":"{\n    \"pct_images_latest_tag_identification\": $t_pct_images_latest_tag_identification,\n    \"pct_workloads_missing_cpu_limits\": $t_pct_workloads_missing_cpu_limits,\n    \"pct_workloads_missing_memory_limits\": $t_pct_workloads_missing_memory_limits,\n    \"pct_workloads_within_90pct_cpu_limits\": $t_pct_workloads_within_90pct_cpu_limits,\n    \"pct_workloads_within_90pct_memory_limits\": $t_pct_workloads_within_90pct_memory_limits,\n    \"pct_privileged_mode_containers\": $t_pct_privileged_mode_containers,\n    \"pct_workloads_with_rootfs_not_read_only\": $t_pct_workloads_with_rootfs_not_read_only,\n    \"pct_workloads_with_access_to_host_ports\": $t_pct_workloads_with_access_to_host_ports,\n    \"pct_workloads_with_binding_to_privileged_ports\": $t_pct_workloads_with_binding_to_privileged_ports,\n    \"pct_workload_liveness_initial_delay_defined\": $t_pct_workload_liveness_initial_delay_defined,\n    \"pct_workload_run_as_root\": $t_pct_workload_run_as_root,\n    \"pct_workloads_with_extra_capabilities_added\": $t_pct_workloads_with_extra_capabilities_added,\n    \"pct_workloads_with_non_default_proc_masks\": $t_pct_workloads_with_non_default_proc_masks,\n    \"pct_workloads_with_non_core_volume_types\": $t_pct_workloads_with_non_core_volume_types,\n    \"pct_workloads_with_root_primary_supplementary_gid\": $t_pct_workloads_with_root_primary_supplementary_gid,\n    \"pct_workloads_with_all_capabilities_drop\": $t_pct_workloads_with_all_capabilities_drop,\n    \"pct_workloads_with_only_net_bind_service\": $t_pct_workloads_with_only_net_bind_service,\n    \"pct_workloads_without_runtime_profile\": $t_pct_workloads_without_runtime_profile,\n    \"pct_workloads_with_access_to_host_ipc_namespace\": $t_pct_workloads_with_access_to_host_ipc_namespace,\n    \"pct_workloads_with_access_to_host_network\": $t_pct_workloads_with_access_to_host_network,\n    \"pct_workloads_with_access_to_host_pid\": $t_pct_workloads_with_access_to_host_pid,\n    \"avg_num_replicas_per_worker\": $t_avg_num_replicas_per_worker,\n    \"avg_pct_cpu_usage\": $t_avg_pct_memory_usage,\n    \"avg_pct_memory_usage\": $t_avg_pct_memory_usage,\n    \"pct_pods_with_liveliness_probe_defined\": $t_pct_pods_with_liveliness_probe_defined,\n    \"pct_workloads_with_privilege_escalation\": $t_pct_workloads_with_privilege_escalation,\n    \"pct_workloads_with_hostpath_volumes_mounted\": $t_workloads_with_hostpath_volumes_mounted_count\n}"},{"action":"assign","name":"Assign_1","variable":"$serv_data.metrics","value":"$t_nfr_assignment"},{"action":"system/Common/Object/Object Keys","name":"metric_keys","inputs":[{"name":"object","value":"$serv_data.metrics"}]},{"action":"foreach","name":"ForEach_key","list":"$metric_keys.result","blocks":[{"action":"assign","name":"Assign_avg_metric","variable":"$t_avg_metrics[$ForEach_key.item]","value":"Number($t_avg_metrics[$ForEach_key.item] || 0) + Number($serv_data.metrics[$ForEach_key.item])"}]},{"action":"assign","name":"Assign_4","variable":"$t_metric_length","value":"$t_metric_length + 1"},{"action":"foreach","name":"ForEach_container","list":"$serv_data.containers","blocks":[{"name":"fun_metric_calculation_1","function":"// Metric Calculation and NFR mapping\n\nlet total_latest = 0;\nlet total_containers = 0;\nlet total_cont_zero_cpu = 0;\nlet total_cont_zero_mem = 0;\nlet total_cont_within_90pct_cpu = 0;\nlet total_cont_within_90pct_mem = 0;\nlet total_cpu_len = 0;\nlet total_mem_len = 0;\nlet total_cont_runs_as_root = 0; \nlet total_cont_not_read_only_fs = 0; \nlet total_cont_priv_count = 0;\nlet total_cont_liveness_initial_delay = 0; \nlet total_host_port_access = 0; \nlet total_priv_port_binding = 0; \nlet total_extra_caps = 0;\nlet total_non_def_proc_mask = 0;\nlet total_non_core_vol_type = 0;\nlet total_cont_root_gid = 0; \nlet total_caps_drop_all = 0;\nlet total_caps_net_bind = 0;\nlet total_with_runtime_profile = 0;\nlet run_tasks = [];\nlet cont_inst = [];\n\nconst c = $ForEach_container.item;\n\ntotal_containers = 1;\ntotal_latest = c.image.endsWith(':latest') ? 1 : 0;\n\n// get mode data per task def \n    // get missing cpu\n    if (!(\"cpu\" in c) || c.cpu === 0) {\n        total_cont_zero_cpu++;\n    };\n\n    // get missing memory\n    if (!(\"memory\" in c) || c.memory === 0) {\n        total_cont_zero_mem++;\n    };\n\n    // get read only root fs\n    if (c.readonlyRootFilesystem === false) {\n        total_cont_not_read_only_fs++;\n    };\n\n    // get host port access\n    if ((c.portMappings || []).some(pm => pm.hostPort && pm.hostPort > 0)) {\n        total_host_port_access++;\n    };\n\n    // get privileged mode\n    if (!c.user || c.user === \"root\" || c.user === \"0\" || c.user.startsWith(\"0:\")) {\n        total_cont_runs_as_root++;\n    };\n\n    // get root gid count\n    if (c.user && c.user.includes(\":\")) {\n        const id_split = c.user.split(\":\");\n        const gid = id_split[1];\n        if (gid === \"0\") {\n            total_cont_root_gid++;\n        }\n    };\n\n    // get liveness initial delay\n    if (c.healthCheck && typeof c.healthCheck.startPeriod === \"number\" && c.healthCheck.startPeriod > 0) {\n        total_cont_liveness_initial_delay++;\n    };\n\n    // get privileged port bindings\n    if ((c.portMappings || []).some(pm => pm.hostPort < 1024)) {\n        total_priv_port_binding++;\n    };\n\n    // get root privileged mode \n    if (c.privileged === true) {\n        total_cont_priv_count++;\n    };\n\n    // get extra capabilities added\n    const extra_caps_data = (c.linuxParameters && c.linuxParameters.capabilities && c.linuxParameters.capabilities.add) || [];\n\n    if (Array.isArray(extra_caps_data) && extra_caps_data.length > 0) {\n        total_extra_caps++;\n    };\n\n    // get total of non default process namespace masks \n    if (c.hasNonDefaultProcMask) total_non_def_proc_mask++;\n\n    // get total of non core volume types\n    if (c.hasNonCoreVolumeType) total_non_core_vol_type++;\n\n    // get aws cloudwatch metrics\n    const cpu_util_data = c.metrics.cpu_metric_res.MetricDataResults[0].Values;\n    const mem_util_data = c.metrics.mem_metriic_res.MetricDataResults[0].Values;\n\n    total_cont_within_90pct_cpu += cpu_util_data.filter(val => val * 100 <= 90).length;\n    total_cont_within_90pct_mem += mem_util_data.filter(val => val * 100 <= 90).length;\n\n    total_cpu_len += cpu_util_data.length;\n    total_mem_len += mem_util_data.length;\n\n\n    // get caps hardening \n    const all_caps = (c.linuxParameters && c.linuxParameters.capabilities) || {};\n    const add_caps = (all_caps.add || []).map(x => String(x).toUpperCase());\n    const drop_caps = (all_caps.drop || []).map(x => String(x).toUpperCase());\n\n    if (drop_caps.includes(\"ALL\")) total_caps_drop_all++;\n    if (add_caps.length === 1 && add_caps[0] === \"NET_BIND_SERVICE\") total_caps_net_bind++;\n\n    // get docker sec opts for runtime profile\n    const dso = (c.dockerSecurityOptions || []).map(String);\n    if (dso.some(s => s.toLowerCase().includes('seccomp') || s.toLowerCase().includes('apparmor'))) {\n    total_with_runtime_profile++;\n    }\n\n    // get runnig task count and container instance count\n    if (!run_tasks.length) {\n      run_tasks = c.metrics?.running_task_ct?.MetricDataResults?.[0]?.Values?.map(Number) || [];\n    }\n\n    if (!cont_inst.length) {\n      cont_inst = c.metrics?.cont_inst_ct.MetricDataResults?.[0]?.Values?.map(Number) || [];\n    }\n\nconst pct_images_latest_tag_identification = ((total_latest / total_containers) * 100).toFixed(2);\nconst pct_workloads_missing_cpu_limits = (total_cont_zero_cpu / total_containers * 100).toFixed(2);\nconst pct_workloads_missing_memory_limits = ((total_cont_zero_mem / total_containers) * 100).toFixed(2);\nconst pct_workloads_within_90pct_cpu_limits = total_cpu_len ? ((total_cont_within_90pct_cpu / total_cpu_len) * 100).toFixed(2) : 0;\nconst pct_workloads_within_90pct_memory_limits = total_mem_len ? ((total_cont_within_90pct_mem / total_mem_len) * 100).toFixed(2) : 0;\nconst pct_workload_run_as_root = ((total_cont_runs_as_root / total_containers) * 100).toFixed(2);\nconst pct_workloads_with_rootfs_not_read_only = ((total_cont_not_read_only_fs / total_containers) * 100).toFixed(2);\nconst pct_workloads_with_access_to_host_ports = ((total_host_port_access / total_containers) * 100).toFixed(2);\nconst pct_workloads_with_binding_to_privileged_ports = ((total_priv_port_binding / total_containers) * 100).toFixed(2);\nconst pct_privileged_mode_containers = ((total_cont_priv_count / total_containers) * 100).toFixed(2);\nconst pct_workload_liveness_initial_delay_defined = ((total_cont_liveness_initial_delay / total_containers) * 100).toFixed(2);\nconst pct_workloads_with_extra_capabilities_added = ((total_extra_caps / total_containers) * 100).toFixed(2);\nconst pct_workloads_with_non_default_proc_masks = ((total_non_def_proc_mask / total_containers) * 100).toFixed(2);\nconst pct_workloads_with_non_core_volume_types = ((total_non_core_vol_type / total_containers) * 100).toFixed(2);\nconst pct_workloads_with_root_primary_supplementary_gid = ((total_cont_root_gid / total_containers) * 100).toFixed(2);\nconst pct_workloads_with_all_capabilities_drop = ((total_caps_drop_all / total_containers) * 100).toFixed(2);\nconst pct_workloads_with_only_net_bind_service = ((total_caps_net_bind / total_containers) * 100).toFixed(2);\nconst pct_workloads_without_runtime_profile = (((total_containers - total_with_runtime_profile) / total_containers) * 100).toFixed(2);\n\n\n$t_pct_images_latest_tag_identification = pct_images_latest_tag_identification;\n$t_pct_workloads_missing_cpu_limits = pct_workloads_missing_cpu_limits;\n$t_pct_workloads_missing_memory_limits = pct_workloads_missing_memory_limits;\n$t_pct_workloads_within_90pct_cpu_limits = pct_workloads_within_90pct_cpu_limits;\n$t_pct_workloads_within_90pct_memory_limits = pct_workloads_within_90pct_memory_limits;\n$t_pct_privileged_mode_containers = pct_privileged_mode_containers;\n$t_pct_workloads_with_rootfs_not_read_only = pct_workloads_with_rootfs_not_read_only;\n$t_pct_workloads_with_access_to_host_ports = pct_workloads_with_access_to_host_ports;\n$t_pct_workloads_with_binding_to_privileged_ports = pct_workloads_with_binding_to_privileged_ports;\n$t_pct_workload_liveness_initial_delay_defined = pct_workload_liveness_initial_delay_defined;\n$t_pct_workload_run_as_root = pct_workload_run_as_root;\n$t_pct_workloads_with_extra_capabilities_added = pct_workloads_with_extra_capabilities_added;\n$t_pct_workloads_with_non_default_proc_masks = pct_workloads_with_non_default_proc_masks;\n$t_pct_workloads_with_non_core_volume_types = pct_workloads_with_non_core_volume_types;\n$t_pct_workloads_with_root_primary_supplementary_gid = pct_workloads_with_root_primary_supplementary_gid;\n$t_pct_workloads_with_all_capabilities_drop = pct_workloads_with_all_capabilities_drop;\n$t_pct_workloads_with_only_net_bind_service = pct_workloads_with_only_net_bind_service;\n$t_pct_workloads_without_runtime_profile = pct_workloads_without_runtime_profile;\n"},{"action":"comment","value":"Turn on Bottom to get hard-coded values for actions \n(double check)"},{"name":"fun_metric_calculation_1_1","function":"$t_pct_images_latest_tag_identification = \"100.00\";\n$t_pct_workloads_missing_cpu_limits = \"100.00\";\n$t_pct_workloads_missing_memory_limits = \"100.00\";\n$t_pct_workloads_within_90pct_cpu_limits = \"100.00\";\n$t_pct_workloads_within_90pct_memory_limits = \"100.00\";\n$t_pct_privileged_mode_containers = \"100.00\";\n$t_pct_workloads_with_rootfs_not_read_only = \"100.00\";\n$t_pct_workloads_with_access_to_host_ports = \"100.00\";\n$t_pct_workloads_with_binding_to_privileged_ports = \"100.00\";\n$t_pct_workload_liveness_initial_delay_defined = \"100.00\";\n$t_pct_workload_run_as_root = \"100.00\";\n$t_pct_workloads_with_extra_capabilities_added = \"100.00\";\n$t_pct_workloads_with_non_default_proc_masks = \"100.00\";\n$t_pct_workloads_with_non_core_volume_types = \"100.00\";\n$t_pct_workloads_with_root_primary_supplementary_gid = \"100.00\";\n$t_pct_workloads_with_all_capabilities_drop = \"100.00\";\n$t_pct_workloads_with_only_net_bind_service = \"100.00\";\n$t_pct_workloads_without_runtime_profile = \"100.00\";\n$t_deploy_health = \"0.5\";\n$t_minimumHealthyPercent = \"20\";\n$t_maximumPercent = \"90\";\n$t_delivery_throttl_ct = \"2\";\n$t_restart_task_ct = \"2\";\n$t_running_as_root = \"2\";\n$t_serv_latest_images = \"50\""},{"action":"assign","name":"assign_component_metrics","variable":"$t_nfr_assignment","value":"{\n    \"component_name\": $ForEach_container.item.name,\n\n    \"fact_field_values\": {\n        \"pct_images_latest_tag_identification\": parseFloat($t_pct_images_latest_tag_identification),\n        \"pct_workloads_missing_cpu_limits\": parseFloat($t_pct_workloads_missing_cpu_limits),\n        \"pct_workloads_missing_memory_limits\": parseFloat($t_pct_workloads_missing_memory_limits),\n        \"pct_workloads_within_90pct_cpu_limits\": parseFloat($t_pct_workloads_within_90pct_cpu_limits),\n        \"pct_workloads_within_90pct_memory_limits\": parseFloat($t_pct_workloads_within_90pct_memory_limits),\n        \"pct_privileged_mode_containers\": parseFloat($t_pct_privileged_mode_containers),\n        \"pct_workloads_with_rootfs_not_read_only\": parseFloat($t_pct_workloads_with_rootfs_not_read_only),\n        \"pct_workloads_with_access_to_host_ports\": parseFloat($t_pct_workloads_with_access_to_host_ports),\n        \"pct_workloads_with_binding_to_privileged_ports\": parseFloat($t_pct_workloads_with_binding_to_privileged_ports),\n        \"pct_workload_liveness_initial_delay_defined\": parseFloat($t_pct_workload_liveness_initial_delay_defined),\n        \"pct_workload_run_as_root\": parseFloat($t_pct_workload_run_as_root),\n        \"pct_workloads_with_extra_capabilities_added\": parseFloat($t_pct_workloads_with_extra_capabilities_added),\n        \"pct_workloads_with_non_default_proc_masks\": parseFloat($t_pct_workloads_with_non_default_proc_masks),\n        \"pct_workloads_with_non_core_volume_types\": parseFloat($t_pct_workloads_with_non_core_volume_types),\n        \"pct_workloads_with_root_primary_supplementary_gid\": parseFloat($t_pct_workloads_with_root_primary_supplementary_gid),\n        \"pct_workloads_with_all_capabilities_drop\": parseFloat($t_pct_workloads_with_all_capabilities_drop),\n        \"pct_workloads_with_only_net_bind_service\": parseFloat($t_pct_workloads_with_only_net_bind_service),\n        \"pct_workloads_without_runtime_profile\": parseFloat($t_pct_workloads_without_runtime_profile),\n        \"minimumHealthyPercent_comp\": parseFloat($t_minimumHealthyPercent),\n        \"maximumPercent_comp\": parseFloat($t_maximumPercent),\n        \"delivery_throttling_comp\": parseFloat($t_delivery_throttl_ct),\n        \"task_restart_count_comp\": parseFloat($t_restart_task_ct),\n        \"is_running_as_roo_comp\": parseFloat($t_running_as_root),\n        \"task_exit_count_comp\": parseFloat(\"5\"),\n        \"diff_image_tag_with_takssha_comp\": parseFloat($t_serv_latest_images)\n    }\n}"},{"action":"system/Common/Array/Array Push","name":"ArrayPush_component_metrics","inputs":[{"name":"array","value":"$t_component_metrics[$ForEach_service.index].components"},{"name":"item","value":"$t_nfr_assignment"}]}]}]}, {"action":"system/Common/Object/Object Keys","name":"metric_keys_app","inputs":[{"name":"object","value":"$t_avg_metrics"}]}, {"action":"foreach","name":"ForEach_1","list":"$metric_keys_app.result","blocks":[{"action":"assign","name":"Assign_3","variable":"$t_avg_metrics[$ForEach_1.item]","value":"$t_avg_metrics[$ForEach_1.item]/$t_metric_length"}]}, {"action":"assign","name":"Assign_service_metrics","variable":"$in_app_data.metrics","value":"$t_avg_metrics"}, {"action":"assign","name":"Assign_2","variable":"$result","value":"$in_app_data"}, {"action":"assign","name":"Assign_res_component_data","variable":"$result[\"component_data\"]","value":"$t_component_metrics"}, {"action":"assign","name":"Assign_success","variable":"$success","value":"true"}],"variables":[{"name":"in_app_data","required":true,"isInput":true,"isOutput":false,"level":"INTERMEDIATE","type":{"type":"object"},"value":"{}"},{"name":"t_compatible_launch_type","required":true,"isInput":true,"isOutput":false,"level":"INTERMEDIATE","type":{"type":"array"},"value":"[]"},{"name":"result","required":false,"isInput":false,"isOutput":true,"level":"INTERMEDIATE","type":{"type":"any"},"value":"[]"},{"name":"error","required":false,"isInput":false,"isOutput":true,"level":"INTERMEDIATE","type":{"type":"array"},"value":"[]"},{"name":"debug","required":false,"isInput":false,"isOutput":true,"level":"INTERMEDIATE","type":{"type":"array"},"value":"[]"},{"name":"success","required":false,"isInput":false,"isOutput":true,"level":"INTERMEDIATE","type":{"type":"boolean"},"value":"false"},{"name":"t_service_metrics","required":false,"isInput":false,"isOutput":false,"level":"INTERMEDIATE","type":{"type":"any"},"value":"{}"},{"name":"t_avg_metrics","required":false,"isInput":false,"isOutput":false,"level":"INTERMEDIATE","type":{"type":"any"},"value":"{}"},{"name":"t_metric_length","required":false,"isInput":false,"isOutput":false,"level":"INTERMEDIATE","type":{"type":"number"},"value":"0"},{"name":"t_pct_images_latest_tag_identification","required":false,"isInput":false,"isOutput":false,"level":"INTERMEDIATE","type":{"type":"string"},"value":"\"\""},{"name":"t_pct_workloads_missing_cpu_limits","required":false,"isInput":false,"isOutput":false,"level":"INTERMEDIATE","type":{"type":"string"},"value":"\"\""},{"name":"t_pct_workloads_missing_memory_limits","required":false,"isInput":false,"isOutput":false,"level":"INTERMEDIATE","type":{"type":"string"},"value":"\"\""},{"name":"t_pct_workloads_within_90pct_cpu_limits","required":false,"isInput":false,"isOutput":false,"level":"INTERMEDIATE","type":{"type":"string"},"value":"\"\""},{"name":"t_pct_workloads_within_90pct_memory_limits","required":false,"isInput":false,"isOutput":false,"level":"INTERMEDIATE","type":{"type":"string"},"value":"\"\""},{"name":"t_pct_privileged_mode_containers","required":false,"isInput":false,"isOutput":false,"level":"INTERMEDIATE","type":{"type":"string"},"value":"\"\""},{"name":"t_pct_workloads_with_rootfs_not_read_only","required":false,"isInput":false,"isOutput":false,"level":"INTERMEDIATE","type":{"type":"string"},"value":"\"\""},{"name":"t_pct_workloads_with_access_to_host_ports","required":false,"isInput":false,"isOutput":false,"level":"INTERMEDIATE","type":{"type":"string"},"value":"\"\""},{"name":"t_pct_workloads_with_binding_to_privileged_ports","required":false,"isInput":false,"isOutput":false,"level":"INTERMEDIATE","type":{"type":"string"},"value":"\"\""},{"name":"t_pct_workload_liveness_initial_delay_defined","required":false,"isInput":false,"isOutput":false,"level":"INTERMEDIATE","type":{"type":"string"},"value":"\"\""},{"name":"t_pct_workload_run_as_root","required":false,"isInput":false,"isOutput":false,"level":"INTERMEDIATE","type":{"type":"string"},"value":"\"\""},{"name":"test","required":false,"isInput":false,"isOutput":false,"level":"INTERMEDIATE","type":{"type":"any"},"value":"\"\""},{"name":"t_nfr_assignment","required":false,"isInput":false,"isOutput":false,"level":"INTERMEDIATE","type":{"type":"string"},"value":"\"\""},{"name":"t_pct_workloads_with_extra_capabilities_added","required":false,"isInput":false,"isOutput":false,"level":"INTERMEDIATE","type":{"type":"string"},"value":"\"\""},{"name":"t_pct_workloads_with_non_default_proc_masks","required":false,"isInput":false,"isOutput":false,"level":"INTERMEDIATE","type":{"type":"string"},"value":"\"\""},{"name":"t_pct_workloads_with_non_core_volume_types","required":false,"isInput":false,"isOutput":false,"level":"INTERMEDIATE","type":{"type":"string"},"value":"\"\""},{"name":"t_pct_workloads_with_root_primary_supplementary_gid","required":false,"isInput":false,"isOutput":false,"level":"INTERMEDIATE","type":{"type":"string"},"value":"\"\""},{"name":"t_pct_workloads_with_all_capabilities_drop","required":false,"isInput":false,"isOutput":false,"level":"INTERMEDIATE","type":{"type":"string"},"value":"\"\""},{"name":"t_pct_workloads_with_only_net_bind_service","required":false,"isInput":false,"isOutput":false,"level":"INTERMEDIATE","type":{"type":"string"},"value":"\"\""},{"name":"t_pct_workloads_without_runtime_profile","required":false,"isInput":false,"isOutput":false,"level":"INTERMEDIATE","type":{"type":"string"},"value":"\"\""},{"name":"t_pct_workloads_with_access_to_host_ipc_namespace","required":false,"isInput":false,"isOutput":false,"level":"INTERMEDIATE","type":{"type":"string"},"value":"\"\""},{"name":"t_pct_workloads_with_access_to_host_network","required":false,"isInput":false,"isOutput":false,"level":"INTERMEDIATE","type":{"type":"string"},"value":"\"\""},{"name":"t_pct_workloads_with_access_to_host_pid","required":false,"isInput":false,"isOutput":false,"level":"INTERMEDIATE","type":{"type":"string"},"value":"\"\""},{"name":"serv_data","required":false,"isInput":false,"isOutput":false,"level":"INTERMEDIATE","type":{"type":"any"},"value":"\"\""},{"name":"t_avg_num_replicas_per_worker","required":false,"isInput":false,"isOutput":false,"level":"INTERMEDIATE","type":{"type":"string"},"value":"\"\""},{"name":"t_avg_pct_cpu_usage","required":false,"isInput":false,"isOutput":false,"level":"INTERMEDIATE","type":{"type":"string"},"value":"\"\""},{"name":"t_avg_pct_memory_usage","required":false,"isInput":false,"isOutput":false,"level":"INTERMEDIATE","type":{"type":"string"},"value":"\"\""},{"name":"t_pct_pods_with_liveliness_probe_defined","required":false,"isInput":false,"isOutput":false,"level":"INTERMEDIATE","type":{"type":"string"},"value":"\"\""},{"name":"t_pct_workloads_with_privilege_escalation","required":false,"isInput":false,"isOutput":false,"level":"INTERMEDIATE","type":{"type":"string"},"value":"\"\""},{"name":"t_desired_task_count","required":false,"isInput":false,"isOutput":false,"level":"INTERMEDIATE","type":{"type":"number"},"value":"0"},{"name":"t_running_task_count","required":false,"isInput":false,"isOutput":false,"level":"INTERMEDIATE","type":{"type":"number"},"value":"0"},{"name":"t_component_metrics","required":false,"isInput":false,"isOutput":false,"level":"INTERMEDIATE","type":{"type":"array"},"value":"[]"},{"name":"t_deploy_health","required":false,"isInput":false,"isOutput":false,"level":"INTERMEDIATE","type":{"type":"string"},"value":"\"\""},{"name":"t_minimumHealthyPercent","required":false,"isInput":false,"isOutput":true,"level":"INTERMEDIATE","type":{"type":"string"},"value":"\"\""},{"name":"t_maximumPercent","required":false,"isInput":false,"isOutput":true,"level":"INTERMEDIATE","type":{"type":"string"},"value":"\"\""},{"name":"t_delivery_throttl_ct","required":false,"isInput":false,"isOutput":true,"level":"INTERMEDIATE","type":{"type":"string"},"value":"\"\""},{"name":"t_restart_task_ct","required":false,"isInput":false,"isOutput":true,"level":"INTERMEDIATE","type":{"type":"string"},"value":"\"\""},{"name":"t_running_as_root","required":false,"isInput":false,"isOutput":false,"level":"INTERMEDIATE","type":{"type":"string"},"value":"\"\""},{"name":"t_serv_latest_images","required":false,"isInput":false,"isOutput":false,"level":"INTERMEDIATE","type":{"type":"string"},"value":"\"\""},{"name":"t_workloads_with_hostpath_volumes_mounted_count","required":false,"isInput":true,"isOutput":false,"level":"INTERMEDIATE","type":{"type":"number"},"value":"0"}],"meta":{"workerGroup":"default","created":1763475818073,"lastUpdated":1763475818073,"layout":"flow","updatedByUsername":"ibmconcert","numberOfBlocks":24,"version":5},"finally":null}