{"name":"2.1 - dis_websphere_discovery","platform":"node","hash":"baE93AdToTi4s7jvTpcrXAXeIDQJ+XCYALQBBtFo38Q=","blocks":[{"action":"system/Common/Status Message Update","name":"StatusMessageUpdate_1","inputs":[{"name":"message","value":"\"Checking Websphere Application Info\""}]}, {"action":"./2_dis_metric_request","name":"dis_http_test","inputs":[{"name":"in_port","value":"$in_app_port"},{"name":"in_servername","value":"$in_server_host"},{"name":"in_cred","value":"$in_server_authkey"}]}, {"action":"if","name":"If_1","condition":"$in_application_info.wstype == \"jboss\"","then":[{"action":"foreach","name":"ForEach_metric_body","list":"Object.entries($dis_http_test.result.data.base)","blocks":[{"name":"Function_1","function":"const dotIdx = $ForEach_metric_body.item[0].indexOf('.');\nif (dotIdx !== -1){\n  var prefix = $ForEach_metric_body.item[0].slice(0, dotIdx);\n  var rest   = $ForEach_metric_body.item[0].slice(dotIdx + 1);\n} else {\n  const semiIdx = $ForEach_metric_body.item[0].indexOf(';');\n  if (semiIdx !== -1) {\n    prefix = $ForEach_metric_body.item[0].slice(0, semiIdx);\n    rest   = $ForEach_metric_body.item[0].slice(semiIdx + 1);\n  } else {\n    prefix = $ForEach_metric_body.item[0];\n    rest   = 'value';\n  }\n}\n\nif(prefix && rest){\n    $t_metrics[prefix] ??= {};\n    $t_metrics[prefix][rest] = $ForEach_metric_body.item[1];\n}"}]},{"action":"foreach","name":"ForEach_metric_vendor","list":"Object.entries($dis_http_test.result.data.vendor)","blocks":[{"name":"Function_2","function":"const dotIdx = $ForEach_metric_vendor.item[0].indexOf('.');\nif (dotIdx !== -1){\n  var prefix = $ForEach_metric_vendor.item[0].slice(0, dotIdx);\n  var rest   = $ForEach_metric_vendor.item[0].slice(dotIdx + 1);\n} else {\n  const semiIdx = $ForEach_metric_vendor.item[0].indexOf(';');\n  if (semiIdx !== -1) {\n    prefix = $ForEach_metric_vendor.item[0].slice(0, semiIdx);\n    rest   = $ForEach_metric_vendor.item[0].slice(semiIdx + 1);\n  } else {\n    prefix = $ForEach_metric_vendor.item[0];\n    rest   = 'value';\n  }\n}\n\nif(prefix && rest){\n    if (prefix === 'memoryPool') {\n      prefix = 'memory';\n    }\n    $t_metrics[prefix] ??= {};\n    $t_metrics[prefix][rest] = $ForEach_metric_vendor.item[1];\n}"}]},{"action":"foreach","name":"ForEach_metric_jboss","list":"Object.entries($dis_http_test.result.data.jboss)","blocks":[{"name":"Function_2_2","function":"if ($ForEach_metric_jboss.item[0].startsWith('undertow.')) {\n    $t_metrics.sessions ??= {};\n    if ($ForEach_metric_jboss.item[0].includes('max.active.sessions')) $t_metrics.sessions.maxActive = $ForEach_metric_jboss.item[1];\n    else if ($ForEach_metric_jboss.item[0].includes('active.sessions')) $t_metrics.sessions.active = $ForEach_metric_jboss.item[1];\n    else if ($ForEach_metric_jboss.item[0].includes('sessions.created')) $t_metrics.sessions.created = $ForEach_metric_jboss.item[1];\n    else if ($ForEach_metric_jboss.item[0].includes('expired.sessions')) $t_metrics.sessions.expired = $ForEach_metric_jboss.item[1];\n    else if ($ForEach_metric_jboss.item[0].includes('rejected.sessions')) $t_metrics.sessions.rejected = $ForEach_metric_jboss.item[1];\n\n\n  }\nelse{\nconst dotIdx = $ForEach_metric_jboss.item[0].indexOf('.');\nif (dotIdx !== -1){\n  var prefix = $ForEach_metric_jboss.item[0].slice(0, dotIdx);\n  var rest   = $ForEach_metric_jboss.item[0].slice(dotIdx + 1);\n} else {\n  const semiIdx = $ForEach_metric_jboss.item[0].indexOf(';');\n  if (semiIdx !== -1) {\n    prefix = $ForEach_metric_jboss.item[0].slice(0, semiIdx);\n    rest   = $ForEach_metric_jboss.item[0].slice(semiIdx + 1);\n  } else {\n    prefix = $ForEach_metric_jboss.item[0];\n    rest   = 'value';\n  }\n}\n\nif(prefix && rest){\n    if (prefix === 'memoryPool') {\n      prefix = 'memory';\n    }\n    $t_metrics[prefix] ??= {};\n    $t_metrics[prefix][rest] = $ForEach_metric_jboss.item[1];\n}\n}"}]}],"else":[{"action":"foreach","name":"ForEach_metric_body_1","list":"Object.entries($dis_http_test.result.data.base)","blocks":[{"name":"Function_1_2","function":"const [prefix, rest] = $ForEach_metric_body_1.item[0].split('.', 2);\n$t_metrics[prefix] ??= {};\n$t_metrics[prefix][rest ?? 'value'] = $ForEach_metric_body_1.item[1];\n"}]},{"action":"foreach","name":"ForEach_metric_vendor_1","list":"Object.entries($dis_http_test.result.data.vendor)","blocks":[{"name":"Function_2_1","function":"var baseKey = $ForEach_metric_vendor_1.item[0].split(\";\")[0];\n$t_metrics[\"vendor\"][baseKey] = $ForEach_metric_vendor_1.item[1];"}]}]}, {"name":"Split_1","action":"split","branches":[{"blocks":[{"action":"assign","name":"Assign_mem","variable":"$t_mem_data","value":"{\n    \"Eden Space\": {\n        \"max\": $t_metrics.memory[\"usage.max;name=G1 Eden Space\"] ? $t_metrics.memory[\"usage.max;name=G1 Eden Space\"] : $t_metrics.memory.maxHeap,\n        \"used\": $t_metrics.memory[\"usage;name=G1 Eden Space\"] ? $t_metrics.memory[\"usage;name=G1 Eden Space\"] : $t_metrics.memory.committedHeap\n    },\n    \"Old Gen\": {\n        \"max\": $t_metrics.memory[\"usage.max;name=G1 Old Gen\"] ? $t_metrics.memory[\"usage.max;name=G1 Old Gen\"] : $t_metrics.memory.maxHeap,\n        \"used\": $t_metrics.memory[\"usage;name=G1 Old Gen\"] ? $t_metrics.memory[\"usage;name=G1 Old Gen\"] : $t_metrics.memory.committedHeap\n    },\n    \"Survivor Space\": {\n        \"max\": $t_metrics.memory[\"usage.max;name=G1 Survivor Space\"] ? $t_metrics.memory[\"usage.max;name=G1 Survivor Space\"] : $t_metrics.memory.maxHeap,\n        \"used\": $t_metrics.memory[\"usage;name=G1 Survivor Space\"] ? $t_metrics.memory[\"usage;name=G1 Survivor Space\"] : $t_metrics.memory.committedHeap\n    }\n}"}]},{"blocks":[{"action":"assign","name":"Assign_GC","variable":"$t_GC_data","value":"{\n    \"young_gen\": {\n        \"COUNT\": $t_metrics.gc[\"name=G1 Young Generation\"] ?? $t_metrics.gc[\"total;name=scavenge\"],\n        \"TOTAL_TIME\": $t_metrics.gc[\"time.total;name=G1 Young Generation\"]*1000 ?? $t_metrics.gc[\"time;name=scavenge\"]\n    },\n    \"old_gen\": {\n        \"COUNT\": $t_metrics.gc[\"name=G1 Old Generation\"] ?? $t_metrics.gc[\"total;name=global\"],\n        \"TOTAL_TIME\": $t_metrics.gc[\"time.total;name=G1 Old Generation\"] * 1000 ?? $t_metrics.gc[\"time;name=global\"]\n    }\n}"}]},{"blocks":[{"action":"assign","name":"Assign_thread","variable":"$t_thread_data","value":"{\n    \"currentThreadCount\": $t_metrics.thread.count ? $t_metrics.thread.count : $t_metrics.thread.value,\n    \"maxThreads\": $t_metrics.thread.max\n}"}]},{"blocks":[{"action":"if","name":"If_2","condition":"$in_application_info.wstype != \"jboss\"","then":[{"action":"assign","name":"Assign_session","variable":"$t_session_data","value":"{\n    \"activeSessions\": $t_metrics.vendor[\"session.liveSessions\"],\n    \"expiredSessions\": $t_metrics.vendor[\"session.invalidatedbyTimeout.total\"]\n}"}],"else":[{"action":"assign","name":"Assign_session_1","variable":"$t_session_data","value":"{\n    \"activeSessions\": $t_metrics.sessions[\"active\"],\n    \"expiredSessions\": $t_metrics.sessions[\"expired\"],\n    \"rejectedSessions\": $t_metrics.sessions[\"rejected\"],\n    \"maxActiveSessions\": ($t_metrics.sessions?.maxActive != -1 ? $t_metrics.sessions.maxActive : 999) ?? 999\n}"}]}]}]}, {"action":"../dis_tomcat/dis_tomcat_jmx/dis_tomcat_server_metrics","name":"dis_serv_metrics","inputs":[{"name":"in_server_authkey","value":"$in_server_authkey"},{"name":"in_server_host","value":"$in_server_host"},{"name":"in_ssh_port","value":"$in_ssh_port"}]}, {"action":"assign","name":"Assign_serv_metrics","variable":"$t_server_metrics","value":"$dis_serv_metrics.result"}, {"action":"assign","name":"Assign_name","variable":"$t_app_data[\"name\"]","value":"$in_app_name"}, {"action":"assign","name":"Assign_5_1","variable":"$t_app_data[\"path\"]","value":"$dis_http_test.result.url_used"}, {"action":"assign","name":"Assign_version","variable":"$t_app_data[\"version\"]","value":"$in_app_version"}, {"action":"assign","name":"Assign_ogDocBase","variable":"$t_app_data[\"originalDocBase\"]","value":"$in_application_info.originalDocBase"}, {"action":"assign","name":"Assig_port","variable":"$t_app_data[\"port\"]","value":"parseInt($dis_http_test.result.port_used)"}, {"action":"assign","name":"Assign_baseurl","variable":"$t_app_data[\"base_url\"]","value":"$in_application_info.base_url"}, {"action":"assign","name":"Assign_name_1","variable":"$t_app_data[\"useHttpOnly\"]","value":"$dis_http_test.result.insecure ? 1 : 0"}, {"action":"assign","name":"Assign_root","variable":"$t_app_data[\"privileged\"]","value":"$in_application_info.user == \"root\""}, {"name":"Function_1_1","function":"$t_app_full_info = {\n    \"App\": $t_app_data,\n    \"Mem\": JSON.parse(JSON.stringify($t_mem_data)),\n    \"Thread\": JSON.parse(JSON.stringify($t_thread_data)),\n    \"Session\": JSON.parse(JSON.stringify($t_session_data)),\n    \"GC\": JSON.parse(JSON.stringify($t_GC_data)),\n    \"restart\": JSON.parse(JSON.stringify($t_server_restart)),\n    \"logs\": JSON.parse(JSON.stringify($t_log_data)),\n    \"Server_metrics\": JSON.parse(JSON.stringify($t_server_metrics))\n}"}, {"action":"assign","name":"Assign_6","variable":"$result","value":"Object.assign({}, $t_app_full_info)"}, {"action":"if","name":"If_error_null","condition":"$error.length == 0","then":[{"action":"assign","name":"Assign_1","variable":"$success","value":"true"}],"else":[]}],"variables":[{"name":"in_server_authkey","required":true,"isInput":true,"isOutput":false,"level":"INTERMEDIATE","type":{"type":"string"},"value":"\"\""},{"name":"in_server_host","required":true,"isInput":true,"isOutput":false,"level":"INTERMEDIATE","type":{"type":"string"},"value":"\"\""},{"name":"in_app_port","required":true,"isInput":true,"isOutput":false,"level":"INTERMEDIATE","type":{"type":"array"},"value":"[]"},{"name":"in_ssh_port","required":true,"isInput":true,"isOutput":false,"level":"INTERMEDIATE","type":{"type":"number"},"value":"22"},{"name":"in_application_info","required":true,"isInput":true,"isOutput":false,"level":"INTERMEDIATE","type":{"type":"object"},"value":"{}"},{"name":"in_app_name","required":true,"isInput":true,"isOutput":false,"level":"INTERMEDIATE","type":{"type":"string"},"value":"\"\""},{"name":"in_app_version","required":true,"isInput":true,"isOutput":false,"level":"INTERMEDIATE","type":{"type":"string"},"value":"\"\""},{"name":"result","required":false,"isInput":false,"isOutput":true,"level":"INTERMEDIATE","type":{"type":"array"},"value":"[]"},{"name":"debug","required":false,"isInput":false,"isOutput":true,"level":"INTERMEDIATE","type":{"type":"array"},"value":"[]"},{"name":"success","required":false,"isInput":false,"isOutput":true,"level":"INTERMEDIATE","type":{"type":"boolean"},"value":"false"},{"name":"error","required":false,"isInput":false,"isOutput":true,"level":"INTERMEDIATE","type":{"type":"array"},"value":"[]"},{"name":"t_app_data","required":false,"isInput":false,"isOutput":false,"level":"INTERMEDIATE","type":{"type":"object"},"value":"{}"},{"name":"t_mem_data","required":false,"isInput":false,"isOutput":false,"level":"INTERMEDIATE","type":{"type":"any"},"value":"\"\""},{"name":"t_thread_data","required":false,"isInput":false,"isOutput":false,"level":"INTERMEDIATE","type":{"type":"any"},"value":"\"\""},{"name":"t_app_full_info","required":false,"isInput":false,"isOutput":false,"level":"INTERMEDIATE","type":{"type":"object"},"value":"{}"},{"name":"t_log_data","required":false,"isInput":false,"isOutput":false,"level":"INTERMEDIATE","type":{"type":"any"},"value":"\"\""},{"name":"t_session_data","required":false,"isInput":false,"isOutput":false,"level":"INTERMEDIATE","type":{"type":"any"},"value":"\"\""},{"name":"t_GC_data","required":false,"isInput":false,"isOutput":false,"level":"INTERMEDIATE","type":{"type":"any"},"value":"\"\""},{"name":"t_server_restart","required":false,"isInput":false,"isOutput":false,"level":"INTERMEDIATE","type":{"type":"number"},"value":"0"},{"name":"t_metrics","required":false,"isInput":false,"isOutput":false,"level":"INTERMEDIATE","type":{"type":"object"},"value":"{\"vendor\":{}}"},{"name":"t_act_endpoint","required":false,"isInput":false,"isOutput":false,"level":"INTERMEDIATE","type":{"type":"string"},"value":"\"\""},{"name":"t_path_search","required":false,"isInput":false,"isOutput":false,"level":"INTERMEDIATE","type":{"type":"array"},"value":"[{\n    \"https\": true,\n    \"localhost\": false\n}, {\n    \"https\": true,\n    \"localhost\": true\n}, {\n    \"https\": false,\n    \"localhost\": false\n}, {\n    \"https\": false,\n    \"localhost\": true\n}]"},{"name":"t_http_count","required":false,"isInput":false,"isOutput":false,"level":"INTERMEDIATE","type":{"type":"string"},"value":"\"\""},{"name":"t_http_success","required":false,"isInput":false,"isOutput":false,"level":"INTERMEDIATE","type":{"type":"string"},"value":"\"\""},{"name":"t_path_found","required":false,"isInput":false,"isOutput":false,"level":"INTERMEDIATE","type":{"type":"boolean"},"value":"false"},{"name":"t_server_metrics","required":false,"isInput":false,"isOutput":false,"level":"INTERMEDIATE","type":{"type":"any"},"value":"{}"},{"name":"t_cmd","required":false,"isInput":false,"isOutput":false,"level":"INTERMEDIATE","type":{"type":"string"},"value":"\"\""}],"meta":{"workerGroup":"default","created":1772006125125,"lastUpdated":1772006125125,"layout":"flow","updatedByUsername":"anton.cholakov","numberOfBlocks":38,"version":5},"finally":null}