{"name":"2_dis_metric_request","platform":"node","hash":"z1SaT1W2t+RssnAVd8E/7FEmPbDm8lvK+mGc4dcXRg0=","blocks":[{"action":"system/Common/Array/Array Push","name":"Array_add_hostname","inputs":[{"name":"array","value":"$in_ip"},{"name":"item","value":"$in_servername"}]}, {"action":"system/Common/Array/Array Insert","name":"Array_insert_localhost","inputs":[{"name":"array","value":"$in_ip"},{"name":"items","value":"$t_default_names"},{"name":"start","value":"0"}]}, {"action":"foreach","name":"For_ip","list":"$in_ip","blocks":[{"action":"foreach","name":"For_port","list":"$in_port","blocks":[{"action":"./2_dis_test_port","name":"User_test_port","inputs":[{"name":"in_cred","value":"$in_cred"},{"name":"in_url","value":"$For_ip.item + \":\" + $For_port.item"}]},{"action":"if","name":"If_success","condition":"$User_test_port.success","then":[{"action":"assign","name":"Ass_result","variable":"$result","value":"$User_test_port.result"},{"action":"assign","name":"Ass_port","variable":"$result.port_used","value":"$For_port.item"},{"action":"exit"}],"else":[{"action":"system/Common/Array/Array Push","name":"ArrayPush_1","inputs":[{"name":"array","value":"$debug"},{"name":"item","value":"$User_test_port.error"}]}]}]}]}],"variables":[{"name":"result","required":false,"isInput":false,"isOutput":true,"level":"INTERMEDIATE","type":{"type":"any"},"value":"{}"},{"name":"success","required":false,"isInput":false,"isOutput":true,"level":"INTERMEDIATE","type":{"type":"boolean"},"value":"true"},{"name":"debug","required":false,"isInput":false,"isOutput":true,"level":"INTERMEDIATE","type":{"type":"array"},"value":"[]"},{"name":"error","required":false,"isInput":false,"isOutput":true,"level":"INTERMEDIATE","type":{"type":"array"},"value":"[]"},{"name":"in_port","required":true,"isInput":true,"isOutput":false,"level":"INTERMEDIATE","type":{"type":"array"},"value":"[]"},{"name":"in_servername","required":true,"isInput":true,"isOutput":false,"level":"INTERMEDIATE","type":{"type":"string"},"value":"\"\""},{"name":"in_ip","required":true,"isInput":true,"isOutput":false,"level":"INTERMEDIATE","type":{"type":"array"},"value":"[]"},{"name":"in_cred","required":true,"isInput":true,"isOutput":false,"level":"INTERMEDIATE","type":{"type":"string"},"value":"\"\""},{"name":"t_default_names","required":false,"isInput":false,"isOutput":false,"level":"INTERMEDIATE","type":{"type":"array"},"value":"[\"localhost\"]"}],"meta":{"workerGroup":"default","created":1772006125496,"lastUpdated":1772006125496,"layout":"flow","updatedByUsername":"anton.cholakov","numberOfBlocks":10,"version":5},"finally":null}