{"name":"cloneByProfileName","platform":"node","hash":"btD8W4uDy3Fsj9sTdLXyfGKM2NZJYuaAqXdiR+3vJnc=","blocks":[{"action":"comment","value":"clone profile by name"}, {"action":"system/IBM/Concert/Concert HTTP Request","name":"CloneByName1","inputs":[{"name":"method","value":"\"POST\""},{"name":"path","value":"\"/resilience/grader/api/v1/profile/by-name/\" + $default_profile_name + \"/clone\""},{"name":"body","value":"{\n    \"profile_name\": $custom_profile_name\n}"}]}, {"action":"assign","name":"Assign","variable":"$result","value":"$CloneByName1.result"}],"variables":[{"name":"result","required":false,"isInput":false,"isOutput":true,"level":"INTERMEDIATE","type":{"type":"any"},"value":"\"\""},{"name":"default_profile_name","required":true,"isInput":true,"isOutput":false,"level":"INTERMEDIATE","type":{"type":"string"},"value":"\"\""},{"name":"custom_profile_name","required":true,"isInput":true,"isOutput":false,"level":"INTERMEDIATE","type":{"type":"string"},"value":"\"\""}],"meta":{"workerGroup":"default","created":1771278555722,"lastUpdated":1771278555722,"description":"Workflow is to create a profile (duplicate profile) from clone by name.","layout":"flow","updatedByUsername":"admin","numberOfBlocks":3,"version":5},"finally":null}