{"name":"GetApplicationByAppName","platform":"node","hash":"SHV9XZL7F6aLLayqwMeQIHcLa8ef8F6EOMHyIHkQ0m0=","blocks":[{"action":"system/IBM/Concert/Concert HTTP Request","name":"IBM_1","inputs":[{"name":"method","value":"\"GET\""},{"name":"path","value":"\"/core/api/v1/applications\""},{"name":"query","value":"{\n    \"search\": \"sampleApp\"\n}"}]}, {"action":"assign","name":"Assign","variable":"$result","value":"$IBM_1.result.applications[0].id","skipped":true}, {"action":"assign","name":"Assign_1","variable":"$result","value":"$IBM_1.result"}],"variables":[{"name":"result","required":false,"isInput":false,"isOutput":true,"level":"INTERMEDIATE","type":{"type":"any"},"value":"\"\""},{"name":"app_name","required":true,"isInput":true,"isOutput":false,"level":"INTERMEDIATE","type":{"type":"string"},"value":"\"\""}],"meta":{"workerGroup":"default","created":1771278555939,"lastUpdated":1771278555939,"description":"Workflow is to get by applicaton name and gives the application details","layout":"flow","updatedByUsername":"admin","numberOfBlocks":3,"version":5},"finally":null}