{"name":"profileLookup","platform":"node","hash":"DacF/SwhABu8oLDmh/+bm1F6Xrm6CXsfBmzCuF2CM2w=","blocks":[{"action":"comment","value":"Fetch Concert instance details"}, {"action":"comment","value":"profile lookup"}, {"action":"try","name":"Try_1","try":[{"action":"system/IBM/Concert/Concert HTTP Request","name":"IBM_1","inputs":[{"name":"method","value":"\"GET\""},{"name":"path","value":"\"/resilience/assessment/api/v1/profile/lookup/\" + $profile_name"}]},{"action":"assign","name":"Assign","variable":"$result","value":"$IBM_1.result"}],"catch":[]}],"variables":[{"name":"result","required":false,"isInput":false,"isOutput":true,"level":"INTERMEDIATE","type":{"type":"any"},"value":"\"\""},{"name":"profile_name","required":false,"isInput":true,"isOutput":false,"level":"INTERMEDIATE","type":{"type":"string"},"value":"\"\""}],"meta":{"workerGroup":"default","created":1771278555751,"lastUpdated":1771278555751,"description":"Workflow is to check profile exist or not.","layout":"flow","updatedByUsername":"admin","numberOfBlocks":5,"version":5},"finally":null}