{"name":"searchUploadedSbomStatus","platform":"node","hash":"5ih1LVQGM7zvAsTCL9IL+n1B9kY4H0+qjYvLDjXlaks=","blocks":[{"action":"comment","value":"search file status in concert"}, {"action":"while","name":"While_1","condition":"($processing_status == \"processing_in_progress\" && $timer <= 120)","blocks":[{"action":"system/IBM/Concert/Concert HTTP Request","name":"IBM_1","inputs":[{"name":"method","value":"\"POST\""},{"name":"path","value":"\"/ingestion/api/v1/table_of_contents/lz/search\""},{"name":"body","value":"{\n    \"search\": $event_id,\n    \"page\": 1,\n    \"page_size\": 50\n}"}]},{"action":"assign","name":"Assign_2","variable":"$processing_status","value":"$IBM_1.result.toc_records[0].status"},{"action":"if","name":"If_1","condition":"$IBM_1.result.toc_records[0].status == \"processing_in_progress\"","then":[{"action":"assign","name":"Assign_1","variable":"$timer","value":"$timer + 10"},{"action":"system/Common/Sleep","name":"Sleep_1","inputs":[{"name":"seconds","value":"10"}]}],"else":[{"action":"break"}]}]}, {"action":"assign","name":"Assign","variable":"$result","value":"$IBM_1.result"}],"variables":[{"name":"result","required":false,"isInput":false,"isOutput":true,"level":"INTERMEDIATE","type":{"type":"any"},"value":"\"\""},{"name":"event_id","required":true,"isInput":true,"isOutput":false,"level":"INTERMEDIATE","type":{"type":"string"},"value":"\"\""},{"name":"concert_config_auth","required":false,"isInput":false,"isOutput":false,"level":"INTERMEDIATE","type":{"type":"string"},"value":"\"\"","meta":{"authType":"Common/ConfigData","subType":"authentication"}},{"name":"timer","required":false,"isInput":false,"isOutput":false,"level":"INTERMEDIATE","type":{"type":"number"},"value":"0"},{"name":"processing_status","required":false,"isInput":false,"isOutput":false,"level":"INTERMEDIATE","type":{"type":"string"},"value":"\"processing_in_progress\""}],"meta":{"workerGroup":"default","created":1771278556000,"lastUpdated":1771278556000,"description":"Workflow is to search the status of the files which got uploaded to concert\n","layout":"flow","updatedByUsername":"admin","numberOfBlocks":9,"version":5},"finally":null}