{"name":"uploadFileToConcert","platform":"node","hash":"t/O3//5MFdv9FBA/DKPLnVQGvA5KpLciU9ZbZt0gmGg=","blocks":[{"action":"comment","value":"Upload file to concert"}, {"action":"if","name":"If_1","condition":"Object.entries($metadata).length>0","then":[{"action":"system/IBM/Concert/Import Data/Upload Files to Concert","name":"uploadWithMetadata","inputs":[{"name":"file","value":"{\n    \"data_type\": $datatype,\n    \"metadata\": JSON.stringify($metadata),\n    \"filename\": $filename\n}"},{"name":"fileType","value":"\"json\""}]},{"action":"assign","name":"Assign","variable":"$result","value":"$uploadWithMetadata.result"}],"else":[{"action":"system/IBM/Concert/Import Data/Upload Files to Concert","name":"uploadWithoutMetadata","inputs":[{"name":"file","value":"{\n    \"data_type\": $datatype,\n    \"filename\": $filename\n}"},{"name":"fileType","value":"\"json\""}]},{"action":"assign","name":"Assign_1","variable":"$result","value":"$uploadWithoutMetadata.result"}]}],"variables":[{"name":"result","required":false,"isInput":false,"isOutput":true,"level":"INTERMEDIATE","type":{"type":"any"},"value":"\"\""},{"name":"filename","required":true,"isInput":true,"isOutput":false,"level":"INTERMEDIATE","type":{"type":"string"},"value":"\"\""},{"name":"datatype","required":true,"isInput":true,"isOutput":false,"level":"INTERMEDIATE","type":{"type":"string"},"value":"\"\""},{"name":"filetype","required":true,"isInput":true,"isOutput":false,"level":"INTERMEDIATE","type":{"type":"string"},"value":"\"\""},{"name":"metadata","required":false,"isInput":true,"isOutput":false,"level":"INTERMEDIATE","type":{"type":"object"},"value":"{}"}],"meta":{"workerGroup":"default","created":1771278555856,"lastUpdated":1771278555856,"description":"Workflow is to upload files to concert","layout":"flow","updatedByUsername":"admin","numberOfBlocks":6,"version":5},"finally":null}