{"name":"dis_tomcat_server_metrics","platform":"node","hash":"vA/bNFeW/5PykQ5qowyg3z4QJIqjxtELjLHAcqAnwZQ=","blocks":[{"action":"assign","name":"Assign_cmd","variable":"$t_cmd","value":"\"top -bn1 | grep \\\"Cpu(s)\\\" | awk '{print (100 - $8)/100}'\""}, {"action":"system/Common/SSH/SSH","name":"SSH_cpu_data","inputs":[{"name":"authKey","value":"$in_server_authkey"},{"name":"command","value":"$t_cmd"},{"name":"host","value":"$in_server_host"},{"name":"port","value":"$in_ssh_port"}]}, {"action":"if","name":"If_cpu_data","condition":"$SSH_cpu_data.success","then":[{"action":"assign","name":"Assign_0","variable":"$t_server_metrics[\"server_cpu\"]","value":"parseFloat($SSH_cpu_data.result)"}],"else":[{"action":"system/Common/Array/Array Push","name":"ArrayPush_1_1","inputs":[{"name":"array","value":"$error"},{"name":"item","value":"$SSH_cpu_data.error"}]},{"action":"exit"}]}, {"action":"assign","name":"Assign_cmd_1","variable":"$t_cmd","value":"\"free | awk '/Mem:/ {printf(\\\\\\\"%.2f\\\\\\\\n\\\\\\\", $3/$2)}'\""}, {"action":"system/Common/SSH/SSH","name":"SSH_mem_data","inputs":[{"name":"authKey","value":"$in_server_authkey"},{"name":"command","value":"free | awk '/Mem:/ {printf(\"%.2f\\n\", $3/$2)}'","type":"const"},{"name":"host","value":"$in_server_host"},{"name":"port","value":"$in_ssh_port"}]}, {"action":"if","name":"If_mem","condition":"$SSH_mem_data.success","then":[{"action":"assign","name":"Assign_1","variable":"$t_server_metrics[\"server_mem\"]","value":"parseFloat($SSH_mem_data.result)"}],"else":[{"action":"system/Common/Array/Array Push","name":"ArrayPush_1","inputs":[{"name":"array","value":"$error"},{"name":"item","value":"$SSH_mem_data.error"}]},{"action":"exit"}]}, {"action":"assign","name":"Assign_result","variable":"$result","value":"$t_server_metrics"}, {"action":"assign","name":"Assign_success","variable":"$success","value":"true"}],"variables":[{"name":"in_server_authkey","required":true,"isInput":true,"isOutput":false,"level":"INTERMEDIATE","type":{"type":"string"},"value":"\"\""},{"name":"in_server_host","required":true,"isInput":true,"isOutput":false,"level":"INTERMEDIATE","type":{"type":"string"},"value":"\"\""},{"name":"in_ssh_port","required":true,"isInput":true,"isOutput":false,"level":"INTERMEDIATE","type":{"type":"number"},"value":"22"},{"name":"result","required":false,"isInput":false,"isOutput":true,"level":"INTERMEDIATE","type":{"type":"number"},"value":"0"},{"name":"success","required":false,"isInput":false,"isOutput":true,"level":"INTERMEDIATE","type":{"type":"boolean"},"value":"false"},{"name":"debug","required":false,"isInput":false,"isOutput":true,"level":"INTERMEDIATE","type":{"type":"object"},"value":"{}"},{"name":"error","required":false,"isInput":false,"isOutput":true,"level":"INTERMEDIATE","type":{"type":"array"},"value":"[]"},{"name":"t_date","required":false,"isInput":false,"isOutput":false,"level":"INTERMEDIATE","type":{"type":"any"},"value":"\"\""},{"name":"t_date_0","required":false,"isInput":false,"isOutput":false,"level":"INTERMEDIATE","type":{"type":"any"},"value":"\"\""},{"name":"t_date_1","required":false,"isInput":false,"isOutput":false,"level":"INTERMEDIATE","type":{"type":"any"},"value":"\"\""},{"name":"t_cmd","required":false,"isInput":false,"isOutput":false,"level":"INTERMEDIATE","type":{"type":"string"},"value":"\"\""},{"name":"t_catalina_path","required":false,"isInput":false,"isOutput":false,"level":"INTERMEDIATE","type":{"type":"string"},"value":"\"/opt/tomcat\""},{"name":"t_server_metrics","required":false,"isInput":false,"isOutput":false,"level":"INTERMEDIATE","type":{"type":"object"},"value":"{}"}],"meta":{"workerGroup":"default","layout":"flow","version":5,"lastUpdated":1762450743016,"updatedByUsername":"ibmconcert","numberOfBlocks":14,"created":1762450743016},"finally":null}