{"name":"Instana_Resilence_Sample","platform":"node","hash":"tc0Nf9tSQeZYCg5hhrkX48SionInEZYcxehd60MYy1M=","blocks":[{"action":"comment","value":"Fetch the time window for which metrics needs to be fetched"}, {"action":"./helpers/FetchAssessmentTime","name":"FetchTimeWindow","inputs":[{"name":"concertAPIKey","value":"$concertApiKeyAuth"},{"name":"concertConfigAuth","value":"$concertConfigAuth"},{"name":"applicationName","value":"$applicationName"},{"name":"profileName","value":"$profileName"},{"name":"origin","value":"$origin"},{"name":"origin_name","value":"$originName"},{"name":"defaultWindowSize","value":"$defaultWindowSize"}]}, {"name":"Function_2","function":"$startTimestamp = $FetchTimeWindow.result.startTimestamp;\n$endTimestamp = $FetchTimeWindow.result.endTimestamp;\n\nif (isNaN($startTimestamp) || isNaN($endTimestamp)) {\n    $result = \"Error\";\n} else {\n    $result = \"Success\";\n}"}, {"action":"if","name":"If_1","condition":"$result === \"Success\"","then":[{"action":"./Get_Instana_Metrics","name":"FetchMetrics","inputs":[{"name":"applicationName","value":"$applicationName"},{"name":"endTimestamp","value":"$endTimestamp"},{"name":"instana_auth","value":"$instanaAuth"},{"name":"startTimestamp","value":"$startTimestamp"},{"name":"webApplicationName","value":"$webApplicationName"}]},{"action":"comment","value":"Transform Instana metrics to Resilience API metric"},{"name":"Function_1","function":"function findLowestValue(arr, property) {\n    const metricsArr = arr.reduce((acc, current) => {\n        return acc.concat(current.metrics[0][property]);\n    }, []);\n\n    const lowest = metricsArr.reduce((min, current) => {\n        return (current < min) ? current : min;\n    }, metricsArr[0]);\n\n    return lowest;\n};\n\nfunction isEmpty(value) {\n    return value === null || value === undefined || value === \"\" || (typeof value === \"object\" && Object.keys(value).length === 0);\n}\n\nfunction isNegative(num) {\n    return num < 0;\n}\n\nfunction processSLOMetrics(items) {\n    let latencyErrorBudgetRemaining = \"\";\n    let latencyTotalErrorBudget = \"\";\n    let availabilityErrorBudgetRemaining = \"\";\n    let availabilityTotalErrorBudget = \"\";\n\n    if (Array.isArray(items)) {\n        items.forEach(dataObject => {\n            const sloBluePrint = dataObject[\"sloConfig\"][\"indicator\"][\"blueprint\"];\n\n            if (sloBluePrint === \"latency\") {\n                latencyErrorBudgetRemaining = dataObject[\"sloReport\"][\"errorBudgetRemaining\"];\n                latencyTotalErrorBudget = dataObject[\"sloReport\"][\"totalErrorBudget\"];\n            }\n\n            if (sloBluePrint === \"availability\") {\n                availabilityErrorBudgetRemaining = dataObject[\"sloReport\"][\"errorBudgetRemaining\"];\n                availabilityTotalErrorBudget = dataObject[\"sloReport\"][\"totalErrorBudget\"];\n            }\n        });\n    }\n\n    return {\n        \"latencyErrorBudgetRemaining\": latencyErrorBudgetRemaining,\n        \"latencyTotalErrorBudget\": latencyTotalErrorBudget,\n        \"availabilityErrorBudgetRemaining\": availabilityErrorBudgetRemaining,\n        \"availabilityTotalErrorBudget\": availabilityTotalErrorBudget\n    };\n}\n\nfunction transformMetrics(input) {\n    let lowestSuccessRate = \"\";\n\n    if (input.synthetic_metrics && input.synthetic_metrics.metricsResult && input.synthetic_metrics.metricsResult.length !== 0) {\n        lowestSuccessRate = String(\n            findLowestValue(input.synthetic_metrics.metricsResult, \"synthetic.successRate\")\n        );\n    }\n\n    const out = processSLOMetrics(input.slo_metrics.items);\n    let pct_slo_latency_errorbudget = \"\";\n    let pct_slo_error_rate_errorbudget = \"\";\n\n    if (!isEmpty(out.latencyErrorBudgetRemaining) && !isEmpty(out.latencyTotalErrorBudget)) {\n        pct_slo_latency_errorbudget = String(\n            (parseInt(out.latencyErrorBudgetRemaining) / parseInt(out.latencyTotalErrorBudget)) * 100\n        );\n    }\n\n    if (!isEmpty(out.availabilityErrorBudgetRemaining) && !isEmpty(out.availabilityTotalErrorBudget)) {\n        pct_slo_error_rate_errorbudget = String(\n            (parseInt(out.availabilityErrorBudgetRemaining) / parseInt(out.availabilityTotalErrorBudget)) * 100\n        );\n    }\n\n    let data = {};\n\n    if (!isEmpty(lowestSuccessRate)) {\n        data[\"pct_availability_by_synthetic_tests\"] = lowestSuccessRate;\n        data[\"pct_availability_by_region_by_synthetic_tests\"] = lowestSuccessRate;\n    }\n\n    if (input.application_metrics.items.length !== 0) {\n        const errorRate = (input.application_metrics.items[0].metrics[\"errors.mean\"][0][1] * 100);\n        data[\"pct_availability_by_error_rate\"] = String(errorRate);\n        data[\"pct_availability_by_region_by_error_rate\"] = String(errorRate);\n        data[\"pct_slo_error_rate\"] = String(errorRate);\n        data[\"num_throughput_transactions\"] = String(input.application_metrics.items[0].metrics[\"calls.per_second\"][0][1]);\n        data[\"ms_slo_latency\"] = String(input.application_metrics.items[0].metrics[\"latency.mean\"][0][1]);\n    }\n\n    data[\"num_throughput_visits\"] = String(input.website_metrics.metrics[\"pageViews.sum\"][0][1]);\n\n    if (!isEmpty(pct_slo_error_rate_errorbudget) && !isNegative(pct_slo_error_rate_errorbudget)) {\n        data[\"pct_slo_error_rate_errorbudget\"] = pct_slo_error_rate_errorbudget;\n    }\n\n    if (!isEmpty(pct_slo_latency_errorbudget) && !isNegative(pct_slo_latency_errorbudget)) {\n        data[\"pct_slo_latency_errorbudget\"] = pct_slo_latency_errorbudget;\n    }\n\n    return data;\n}\n\n$result = transformMetrics($FetchMetrics.result)"},{"action":"comment","value":"Generate assessment\n for the application"},{"action":"./helpers/LoadAssessments","name":"LoadAssessments","inputs":[{"name":"applicationName","value":"$applicationName"},{"name":"profileName","value":"$profileName"},{"name":"data","value":"$result"},{"name":"timestamp","value":"$endTimestamp"},{"name":"concert_config_auth","value":"$concertConfigAuth"},{"name":"origin_name","value":"$originName"},{"name":"origin_url","value":"$originUrl"},{"name":"concert_api_key_auth","value":"$concertApiKeyAuth"},{"name":"applicationVersion","value":"$applicationVersion"},{"name":"origin","value":"$origin"}]},{"action":"assign","name":"Assign_1","value":"{\n    \"response\": $LoadAssessments.result,\n    \"assessment_data\": $LoadAssessments.assessment_data\n}","variable":"$result"}],"else":[{"action":"assign","name":"Assign_2","variable":"$result","value":"{\n    \"status\": \"Error\",\n    \"message\": \"Error while fetching assesment time window\"\n}"}]}],"variables":[{"name":"result","required":false,"isInput":false,"isOutput":true,"level":"INTERMEDIATE","type":{"type":"object"},"value":"{}"},{"name":"applicationName","required":true,"isInput":true,"isOutput":false,"level":"INTERMEDIATE","type":{"type":"string"},"value":"\"\""},{"name":"instanaAuth","required":true,"isInput":true,"isOutput":false,"level":"INTERMEDIATE","type":{"type":"string"},"value":"\"\""},{"name":"webApplicationName","required":false,"isInput":false,"isOutput":false,"level":"INTERMEDIATE","type":{"type":"string"},"value":"\"\""},{"name":"concertConfigAuth","required":true,"isInput":true,"isOutput":false,"level":"INTERMEDIATE","type":{"type":"string"},"value":"\"\"","meta":{"authType":"Common/ConfigData","subType":"authentication"}},{"name":"profileName","required":true,"isInput":true,"isOutput":false,"level":"INTERMEDIATE","type":{"type":"string"},"value":"\"\""},{"name":"concertApiKeyAuth","required":true,"isInput":true,"isOutput":false,"level":"INTERMEDIATE","type":{"type":"string"},"value":"\"\"","meta":{"authType":"Common/APIKey","subType":"authentication"}},{"name":"originName","required":false,"isInput":false,"isOutput":false,"level":"INTERMEDIATE","type":{"type":"string"},"value":"\"Instana\""},{"name":"originUrl","required":false,"isInput":false,"isOutput":false,"level":"INTERMEDIATE","type":{"type":"string"},"value":"\"\""},{"name":"applicationVersion","required":true,"isInput":true,"isOutput":false,"level":"INTERMEDIATE","type":{"type":"string"},"value":"\"\""},{"name":"origin","required":false,"isInput":false,"isOutput":false,"level":"INTERMEDIATE","type":{"type":"string"},"value":"\"APM\""},{"name":"startTimestamp","required":false,"isInput":false,"isOutput":true,"level":"INTERMEDIATE","type":{"type":"number"},"value":"0"},{"name":"endTimestamp","required":false,"isInput":false,"isOutput":true,"level":"INTERMEDIATE","type":{"type":"number"},"value":"0"},{"name":"defaultWindowSize","required":true,"isInput":true,"isOutput":false,"level":"INTERMEDIATE","type":{"type":"number"},"value":"300000"}],"meta":{"workerGroup":"default","created":1765470284060,"lastUpdated":1765470886454,"description":"This workflow retrieves performance metrics from Instana over a specified time period, calculates availability and error rates, and sends the processed data to the Concert Resilience evaluation API. ","layout":"flow","updatedByUsername":"ibmconcert","numberOfBlocks":11,"version":5},"finally":null}