{"name":"3 - sel_tool_create_sbom","platform":"node","hash":"/nwigVW42oZt/EgqY7qtusxn2kQBCq4N3wtyLIChgmM=","blocks":[{"action":"assign","name":"asgn_applicationName","variable":"$t_applicationName","value":"$in_application.app_name"}, {"action":"assign","name":"asgn_applicationVersion","variable":"$t_applicationVersion","value":"$in_application.version"}, {"action":"assign","name":"asgn_deployNumber","variable":"$t_deployNumber","value":"$in_application.deploy_number"}, {"action":"assign","name":"asgn_environment","variable":"$t_environment","value":"$in_application.environment"}, {"action":"assign","name":"asgn_template","variable":"$result","value":"{\n    \"build\": [],\n\n    \"app\": {\n        \"bomFormat\": \"ConcertDef\",\n        \"specVersion\": \"1.0.2\",\n\n        \"metadata\": {\n            \"timestamp\": \"\",\n            \"type\": \"application\",\n\n            \"component\": {\n                \"name\": $t_applicationName,\n                \"version\": $t_applicationVersion\n            }\n        },\n        \"runtime-components\": [],\n        \"environments\": [{\n            \"bom-ref\": `environment:${$t_environment}`,\n            \"name\": $t_environment,\n            \"type\": \"environment\",\n            \"access-points\": []\n        }],\n        \"properties\": [{\n            \"name\": \"application_criticality\",\n            \"value\": $in_application_criticality\n        }, {\n            \"name\": \"application_data_assessment_impact_risk\",\n            \"value\": $in_application_data_assessment_impact_risk\n        }],\n        \"components\": [],\n        \"services\": [],\n        \"dependencies\": []\n    },\n    \"deploy\": {\n        \"bomFormat\": \"ConcertDef\",\n        \"specVersion\": \"1.0.2\",\n\n        \"metadata\": {\n            \"timestamp\": \"\",\n            \"type\": \"deploy\",\n            \"environment\": $t_environment,\n\n            \"component\": {\n                \"name\": $t_applicationName,\n                \"version\": $t_applicationVersion,\n                \"deploy-number\": $t_deployNumber\n            }\n        },\n        \"components\": [],\n        \"runtime-components\": [],\n        \"services\": [],\n        \"dependencies\": []\n    },\n    \"CycloneDX\": []\n}"}, {"action":"foreach","name":"for_tomcatInSystems","list":"Object.values($in_input)","blocks":[{"name":"format_tomcats","function":"$t_apps = [].concat($for_tomcatInSystems.item.jvms).concat($for_tomcatInSystems.item.jmxs);\n\n\nif ($for_tomcatInSystems.item.tomcat.length > 0) {\n   for (var apps of $for_tomcatInSystems.item.tomcat) {\n       for (var app of apps.apps) {\n           $t_apps.push(app);\n       }\n    }\n}"},{"name":"split_SBOMTypes","action":"split","branches":[{"blocks":[{"action":"comment","value":"App SBOM\n"},{"action":"foreach","name":"for_appInTomcat_0","list":"$t_apps","blocks":[{"name":"func_createAppSBOM","function":"function makeBlueprintLibrary(name, version) {\n    const bpl = {\n        \"bom-ref\": `library:${name}`,\n        \"type\": \"library\",\n        \"name\": name,\n        \"version\": version\n    };\n\n    return bpl;\n};\n\nfunction makeBlueprintBuild(name, version) {\n    const bpb = {\n        \"bom-ref\": `build:${name}`,\n        \"type\": \"build\",\n        \"name\": name,\n        \"version\": version,\n        \"components\": []\n    };\n\n    var bpl = makeBlueprintLibrary(name, version);\n    bpb.components.push(bpl);\n    return bpb;\n}\n\nfunction makeAppService(name, path) {\n    var as = {\n        \"bom-ref\": `service:${name}`,\n        \"name\": name,\n        \"endpoints\": [path],\n\n        \"properties\": [{\n            \"name\": \"network_exposure\",\n            \"value\": \"public\"\n        }]\n    };\n\n    return as;\n}\n\nfunction makeDependency(name) {\n    var d = {\n        \"ref\": `library:${name}`,\n        \"dependsOn\": [`service:${name}`]\n    };\n\n    return d;\n}\n\nvar server = $for_tomcatInSystems.item.server;\nvar app = $for_appInTomcat_0.item.App;\nvar name = `${app.name}-${server.target}`;\nvar version = app.version;\nvar path = app.path;\nvar as = makeAppService(name, path);\n$result.app.services.push(as);\nvar d = makeDependency(name);\n$result.app.dependencies.push(d)"}]}]},{"blocks":[{"action":"comment","value":"Build SBOM"},{"action":"foreach","name":"for_appInTomcat","list":"$t_apps","blocks":[{"name":"func_makeBuildSBOMs","function":"function makeBuildSBOM(\n    applicationName,\n    applicationVersion,\n    name,\n    version,\n    originalDocBase,\n    unpackWAR\n) {\n    var build_sbom = {\n        \"specVersion\": \"1.0.2\",\n        \"bomFormat\": \"ConcertDef\",\n\n        \"metadata\": {\n            \"timestamp\": \"\",\n            \"type\": \"build\",\n\n            \"component\": {\n                \"name\": applicationName,\n                \"version\": applicationVersion,\n                \"build-number\": \"0\"\n            }\n        },\n        \"components\": [{\n            \"bom-ref\": `library:${name}`,\n            \"type\": \"library\",\n            \"name\": name,\n            \"version\": version,\n            \"filename\": originalDocBase,\n            \"purl\": `library:${originalDocBase}`\n        }]\n    };\n\n    if (unpackWAR) {\n        build_sbom.components[0][\"scope\"] = \"war\";\n    }\n\n    return build_sbom;\n};\n\nvar input = $for_appInTomcat.item;\nvar app = input.App;\n\nvar bl = makeBuildSBOM(\n    $t_applicationName,\n    $t_applicationVersion,\n    app.name,\n    app.version,\n    app.originalDocBase,\n    app.unpackWAR\n);\n\n$result.build.push(bl)"}]}]},{"blocks":[{"action":"comment","value":"Runtime Components // Old Deploy SBOM"},{"name":"func_createDeploySBOMBase","function":"function makeObjectLibrary(name, version, originalDocBase) {\n    var filename = originalDocBase.split(\"/\").slice(-1)[0];\n\n    var ol = {\n        \"bom-ref\": `library:${name}`,\n        \"type\": \"library\",\n        \"name\": name,\n        \"version\": version,\n        \"filename\": filename,\n        \"purl\": `library:${originalDocBase}`\n    };\n\n    return ol;\n};\n\nfunction makeRuntimeComponentVM(server, apps, seq_uuid) {\n    var ips = server.cmd.find(c => c.cmd === \"ip\").result;\n\n    if (ips === null) {\n        ips = [];\n    }\n\n    var os = \"Unknown\";\n    var os_version = \"0.0.1\";\n    var os_cmd = server.cmd.find(c => c.cmd === \"Os name\").result;\n\n    if (os_cmd !== null && os_cmd.length > 2) {\n        os = os_cmd[1];\n        os_version = os_cmd[2];\n    }\n\n    seq_uuid = new Intl.NumberFormat(\"en-US\", {\n        minimumIntegerDigits: 4,\n        useGrouping: false\n    }).format(seq_uuid);\n\n    var rcv = {\n        \"bom-ref\": `vm:${server.target}`,\n        \"type\": \"vm\",\n        \"name\": server.target,\n        \"ipv4\": [],\n        \"hostname\": server.target,\n        \"components\": [],\n\n        \"properties\": [{\n            \"name\": \"vm_id\",\n            \"value\": `0000-0000-0000-${seq_uuid}`\n        }, {\n            \"name\": \"os\",\n            \"value\": os\n        }, {\n            \"name\": \"os_version\",\n            \"value\": os_version\n        }, {\n            \"name\": \"env_type\",\n            \"value\": \"VM\"\n        }, {\n            \"name\": \"server_description\",\n            \"value\": \"This is a Java-based web application running on the Apache Tomcat server. It uses Tomcat as the servlet container to process HTTP requests and responses, making it a reliable platform for deploying and managing web applications.\"\n        }]\n    };\n\n    for (const ip of ips) {\n        rcv.ipv4.push({\n            \"addr\": `${ip}`\n        });\n    }\n\n    for (var app of apps) {\n        app = app.App;\n        var ol = makeObjectLibrary(`${app.name}-${server.target}`, app.version, app.originalDocBase);\n        rcv.components.push(ol);\n    }\n\n    return rcv;\n}\n\nfunction makeEnvDependency(target, environment) {\n    const d = {\n        \"ref\": `library:${target}`,\n        \"dependsOn\": [`environment:${environment}`]\n    };\n\n    return d;\n}\n\nfunction pushEnvDependency(result, environment, target) {\n    var env = result.app.dependencies.find(e => e.ref === `environment:${environment}`);\n\n    if (env == undefined) {\n        env = {\n            \"ref\": `environment:${environment}`,\n            \"dependsOn\": [`vm:${target}`]\n        };\n\n        result.app.dependencies.push(env);\n    } else {\n        env.dependsOn.push(`vm:${target}`);\n    }\n}\n\nvar input = $for_tomcatInSystems.item;\nvar server = input.server;\nvar apps = $t_apps;\nvar rcv = makeRuntimeComponentVM(server, apps, $t_seq_uuid);\n$t_seq_uuid += 1;\n\nif (rcv.components.length > 0) {\n    $result.app[\"runtime-components\"].push(rcv);\n    pushEnvDependency($result, $t_environment, server.target);\n}"},{"action":"foreach","name":"for_appInTomcat_1","list":"$t_apps","blocks":[{"name":"func_addAppToDeploySBOM","function":"function makeObjectCode(name, originalDocBase) {\n    const oc = {\n        \"bom-ref\": `code:${name}`,\n        \"type\": \"code\",\n        \"name\": name,\n        \"purl\": `library:${originalDocBase}`\n    };\n\n    return oc;\n};\n\nfunction makeDeployService(name, url, port) {\n    const ds = {\n        \"ref\": `service:${name}`,\n        \"base-url\": url,\n        \"port\": port\n    };\n\n    return ds;\n}\n\nfunction makeDependency(name) {\n    const d = {\n        \"ref\": `library:${name}`,\n        \"dependsOn\": [`service:${name}`]\n    };\n\n    return d;\n}\n\nvar app = $for_appInTomcat_1.item.App;\nvar server = $for_tomcatInSystems.item.server;\nvar port = -1;\nvar target = `http://${server.target}`;\n\nif (\"port\" in app) {\n    port = parseInt(app.port);\n} else if (\"ssl\" in $for_tomcatInSystems.item && ssl.length > 0) {\n    port = parseInt(ssl[0].port);\n}\n\nif (\"base_url\" in app) {\n    target = app.base_url;\n}\n\nvar name = `${app.name}-${server.target}`;\nvar env = $result.app.environments.find(e => e[\"bom-ref\"] == `environment:${$t_environment}`);\n\nif (env != undefined && port > -1) {\n    const ds = makeDeployService(name, target, port);\n    env[\"access-points\"].push(ds);\n}"}]}]},{"blocks":[{"action":"comment","value":"CycloneDX Sbom"},{"action":"if","name":"If_cyclone","condition":"$in_include_cycloneDx","then":[{"action":"foreach","name":"for_app_in_tomcat2","list":"$t_apps","blocks":[{"action":"system/Common/Cryptography/Random UUID v4","name":"uuid"},{"action":"system/Common/DateTime/Timestamp Now","name":"time"},{"name":"Function_1","function":"function makeCycloneDXSBOM(version, uuid) {\n    const template = {\n        \"bomFormat\": \"CycloneDX\",\n        \"specVersion\": \"1.6\",\n        \"serialNumber\": uuid,\n        \"version\": version,\n        \"metadata\": {},\n        \"components\": []\n    };\n\n    return template;\n};\n\nfunction makeComponent(name, version, purl, components) {\n    var component = {\n        \"bom-ref\": `library:${name}`,\n        \"type\": \"library\",\n        \"name\": name,\n        \"version\": version,\n        \"components\": components,\n        \"purl\": purl\n    };\n\n    return component;\n}\n\nif (\"Lib\" in $for_app_in_tomcat2.item) {\n    var server = $for_tomcatInSystems.item.server;\n    var app = $for_app_in_tomcat2.item.App;\n    var libs = $for_app_in_tomcat2.item.Lib;\n    var name = `${app.name}-${server.target}`;\n    const version_time = $time.result;\n    const uuid = $uuid.result;\n    var bom = makeCycloneDXSBOM(version_time, uuid);\n    bom.metadata.component = makeComponent(name, app.version, null, []);\n\n    for (var lib of libs) {\n        var component = makeComponent(lib.name, lib.version, lib.purl, []);\n        bom.components.push(component);\n    }\n\n    $result.CycloneDX.push(bom);\n}"}]}],"else":[]}]}]}]}, {"name":"asgn_setTimestamp","function":"var ts = new Date(Date.now())\nvar ts = ts.toISOString()\n\nfor (const build_sbom of $result.build) {\n    build_sbom.metadata.timestamp = ts\n}\n\n$result.app.metadata.timestamp = ts\n$result.deploy.metadata.timestamp = ts"}, {"action":"assign","name":"asgn_Success","variable":"$success","value":"true"}],"variables":[{"name":"in_input","required":true,"isInput":true,"isOutput":false,"level":"INTERMEDIATE","type":{"type":"object"},"value":"{}"},{"name":"in_application","required":true,"isInput":true,"isOutput":false,"level":"INTERMEDIATE","type":{"type":"object"},"value":"{}"},{"name":"in_include_cycloneDx","required":true,"isInput":true,"isOutput":false,"level":"INTERMEDIATE","type":{"type":"boolean"},"value":"true"},{"name":"in_application_criticality","required":true,"isInput":true,"isOutput":false,"level":"INTERMEDIATE","type":{"type":"any"},"value":"\"5\""},{"name":"in_application_data_assessment_impact_risk","required":true,"isInput":true,"isOutput":false,"level":"INTERMEDIATE","type":{"type":"any"},"value":"\"5\""},{"name":"result","required":false,"isInput":false,"isOutput":true,"level":"INTERMEDIATE","type":{"type":"any"},"value":"\"\""},{"name":"debug","required":false,"isInput":false,"isOutput":true,"level":"INTERMEDIATE","type":{"type":"array"},"value":"[]"},{"name":"error","required":false,"isInput":false,"isOutput":true,"level":"INTERMEDIATE","type":{"type":"array"},"value":"[]"},{"name":"success","required":false,"isInput":false,"isOutput":true,"level":"INTERMEDIATE","type":{"type":"boolean"},"value":"false"},{"name":"t_applicationName","required":false,"isInput":false,"isOutput":false,"level":"INTERMEDIATE","type":{"type":"string"},"value":"\"\""},{"name":"t_applicationVersion","required":false,"isInput":false,"isOutput":false,"level":"INTERMEDIATE","type":{"type":"string"},"value":"\"\""},{"name":"t_deployNumber","required":false,"isInput":false,"isOutput":false,"level":"INTERMEDIATE","type":{"type":"string"},"value":"\"\""},{"name":"t_environment","required":false,"isInput":false,"isOutput":false,"level":"INTERMEDIATE","type":{"type":"string"},"value":"\"\""},{"name":"t_temp","required":false,"isInput":false,"isOutput":false,"level":"INTERMEDIATE","type":{"type":"string"},"value":"\"\""},{"name":"t_apps","required":false,"isInput":false,"isOutput":false,"level":"INTERMEDIATE","type":{"type":"array"},"value":"[]"},{"name":"t_seq_uuid","required":false,"isInput":false,"isOutput":false,"level":"INTERMEDIATE","type":{"type":"number"},"value":"0"}],"meta":{"workerGroup":"default","layout":"flow","version":5,"lastUpdated":1762450743925,"updatedByUsername":"ibmconcert","numberOfBlocks":31,"created":1762450743925},"finally":{"blocks":[{"name":"Function_2","function":"delete $result.deploy\ndelete $result.app.components"}]}}