{"name":"sel_actuator_flow","platform":"node","hash":"/t7YG9ZvoSMmdegA1glFH5osGKgg8+2Nm+tTEdZtJbo=","blocks":[{"action":"comment","value":"---- Selection  ----"}, {"action":"foreach","name":"For_selection","list":"$in_jvms_apps","blocks":[{"action":"try","name":"Try_1","try":[{"action":"if","name":"If_ignored_app_1","condition":"$in_id_target.result.ignoredApps.includes($For_selection.item.App.name)","then":[],"else":[{"action":"system/Common/Array/Array Push","name":"push_res_tomcat_2","inputs":[{"name":"array","value":"$result.jvms"},{"name":"item","value":"JSON.parse(JSON.stringify($For_selection.item))"}]},{"action":"assign","name":"Assign_one_app_1","variable":"$result.one_app","value":"true"}]}],"catch":[]}]}],"variables":[{"name":"result","required":false,"isInput":false,"isOutput":true,"level":"INTERMEDIATE","type":{"type":"object"},"value":"{\n  jvms: [],\n  one_app: false\n}"},{"name":"debug","required":false,"isInput":false,"isOutput":true,"level":"INTERMEDIATE","type":{"type":"string"},"value":"\"\""},{"name":"success","required":false,"isInput":false,"isOutput":true,"level":"INTERMEDIATE","type":{"type":"boolean"},"value":"false"},{"name":"error","required":false,"isInput":false,"isOutput":true,"level":"INTERMEDIATE","type":{"type":"array"},"value":"[]"},{"name":"in_id_target","required":true,"isInput":true,"isOutput":false,"level":"INTERMEDIATE","type":{"type":"object"},"value":"{}"},{"name":"in_target","required":true,"isInput":true,"isOutput":false,"level":"INTERMEDIATE","type":{"type":"object"},"value":"{}"},{"name":"in_jvms_apps","required":true,"isInput":true,"isOutput":false,"level":"INTERMEDIATE","type":{"type":"array"},"value":"[]"}],"meta":{"workerGroup":"default","layout":"flow","version":5,"lastUpdated":1762450744220,"updatedByUsername":"ibmconcert","numberOfBlocks":6,"created":1762450744220},"finally":null}