{"name":"concert_create_profile","platform":"node","hash":"9PA0cRe5QguJsRIy70SR3RTfzNWEjWrl6aBX8TYQZJI=","blocks":[{"action":"system/IBM/Concert/Concert HTTP Request","name":"check_profile_exist","inputs":[{"name":"authKey","value":"$in_concert_key"},{"name":"method","value":"\"GET\""},{"name":"path","value":"\"/resilience/grader/api/v1/profile\""}]}, {"action":"if","name":"If_1","condition":"$check_profile_exist.result.filter(prof => prof.name === $in_profile_name).length == 0","then":[{"action":"system/IBM/Concert/Concert HTTP Request","name":"IBM_1","inputs":[{"name":"authKey","value":"$in_concert_key"},{"name":"method","value":"\"POST\""},{"name":"path","value":"\"/resilience/grader/api/v1/profile\""},{"name":"body","value":"{\n    \"name\": $in_profile_name,\n    \"description\": \"\",\n    \"domain\": \"resilience\",\n\n    \"requirements\": [{\n        \"id\": \"16cc2274-c2f3-409a-bc39-a7347780e4d5\",\n        \"name\": \"workloads_missing_cpu_limits\",\n        \"label\": \"i18n:workloads_missing_cpu_limits_label\",\n        \"description\": \"i18n:workloads_missing_cpu_limits_desc_key\",\n        \"category_tags\": \"Integrity\",\n        \"expected_score\": 100,\n        \"rating_thresholds\": \"100, 75, 50, 25\",\n        \"input_data_keys\": \"pct_workloads_missing_cpu_limits\",\n        \"created_by\": \"system\",\n        \"modified_by\": \"\",\n        \"library_name\": \"runtime_production_readiness\",\n\n        \"metadata\": {\n            \"recommendation\": \"\",\n\n            \"input_data_spec\": [{\n                \"data_input\": \"pct_workloads_missing_cpu_limits\",\n                \"levels\": [10, 20, 30, 40],\n                \"weight\": \"9\",\n                \"recommendation\": \"Ensure CPU limits is defined to avoid resource contention and ensure fair scheduling.\"\n            }]\n        },\n        \"criteria_type\": \"default_function\"\n    }, {\n        \"id\": \"192b54c2-6479-4d31-8072-8264ed310cfd\",\n        \"name\": \"high_availability\",\n        \"label\": \"i18n:high_availability_label\",\n        \"description\": \"i18n:high_availability_desc_key\",\n        \"category_tags\": \"Availability\",\n        \"expected_score\": 100,\n        \"rating_thresholds\": \"100, 75, 50, 25\",\n        \"input_data_keys\": \"avg_number_of_replicas, pct_workloads_gt_3_replicas, pct_pod_with_antiafinity, pct_pods_with_readiness_probe_defined, pct_pods_with_liveliness_probe_defined, pct_workloads_with_hpa\",\n        \"created_by\": \"system\",\n        \"modified_by\": \"\",\n        \"library_name\": \"runtime_production_readiness\",\n\n        \"metadata\": {\n            \"recommendation\": \"MTTR is typically influenced by MTTD. Review the incidents detected by monitoring for gaps in detection under observability. MTTR could also be improved by implementing rollback practices for incidents caused by change.\",\n\n            \"input_data_spec\": [{\n                \"data_input\": \"avg_number_of_replicas\",\n                \"levels\": [7, 5, 3, 1],\n                \"weight\": \"9\",\n                \"recommendation\": \"Ensure workloads maintain >= 3 replicas to avoid single point of failure.\"\n            }, {\n                \"data_input\": \"pct_workloads_gt_3_replicas\",\n                \"levels\": [100, 90, 80, 70],\n                \"weight\": \"9\",\n                \"recommendation\": \"Improve workload availability by scaling more than 3 replicas where applicable.\"\n            }, {\n                \"data_input\": \"pct_pod_with_antiafinity\",\n                \"levels\": [90, 70, 50, 30],\n                \"weight\": \"3\",\n                \"recommendation\": \"Collect data about the percentage of pods with anti-afinity rules defined.\"\n            }, {\n                \"data_input\": \"pct_pods_with_readiness_probe_defined\",\n                \"levels\": [90, 80, 70, 60],\n                \"weight\": \"9\",\n                \"recommendation\": \"Percentage for readiness probe period is explicitly defined.\"\n            }, {\n                \"data_input\": \"pct_pods_with_liveliness_probe_defined\",\n                \"levels\": [90, 80, 70, 60],\n                \"weight\": \"3\",\n                \"recommendation\": \"Use liveness probes to allow automatic recovery from hung containers.\"\n            }, {\n                \"data_input\": \"pct_workloads_with_hpa\",\n                \"levels\": [100, 90, 80, 70],\n                \"weight\": \"3\",\n                \"recommendation\": \"Enable HPA (Horizontal Pod Autoscaler) to handle dynamic load and ensure resilience.\"\n            }]\n        },\n        \"criteria_type\": \"default_function\"\n    }, {\n        \"id\": \"3de3d89c-dc9e-426d-b062-866874d684a6\",\n        \"name\": \"workloads_within_90pct_memory_limits\",\n        \"label\": \"i18n:workloads_within_90pct_memory_limits_label\",\n        \"description\": \"i18n:workloads_within_90pct_memory_limits_desc_key\",\n        \"category_tags\": \"Integrity\",\n        \"expected_score\": 100,\n        \"rating_thresholds\": \"100, 75, 50, 25\",\n        \"input_data_keys\": \"pct_workloads_within_90pct_memory_limits\",\n        \"created_by\": \"system\",\n        \"modified_by\": \"\",\n        \"library_name\": \"runtime_production_readiness\",\n\n        \"metadata\": {\n            \"recommendation\": \"\",\n\n            \"input_data_spec\": [{\n                \"data_input\": \"pct_workloads_within_90pct_memory_limits\",\n                \"levels\": [90, 80, 70, 60],\n                \"weight\": \"9\",\n                \"recommendation\": \"Monitor workloads approaching memory limits. Consider increasing memory limits or optimizing memory usage to reduce risk of OOM kills and performance issues.\"\n            }]\n        },\n        \"criteria_type\": \"default_function\"\n    }, {\n        \"id\": \"4f7e63b4-4f42-410f-b3ba-0b672d1b08aa\",\n        \"name\": \"workload_capabilities_hardening\",\n        \"label\": \"i18n:workload_capabilities_hardening_label\",\n        \"description\": \"i18n:workload_capabilities_hardening_desc_key\",\n        \"category_tags\": \"Integrity\",\n        \"expected_score\": 100,\n        \"rating_thresholds\": \"100, 75, 50, 25\",\n        \"input_data_keys\": \"pct_workloads_with_all_capabilities_drop,pct_workloads_with_only_net_bind_service\",\n        \"created_by\": \"system\",\n        \"modified_by\": \"\",\n        \"library_name\": \"runtime_production_readiness\",\n\n        \"metadata\": {\n            \"recommendation\": \"\",\n\n            \"input_data_spec\": [{\n                \"data_input\": \"pct_workloads_with_all_capabilities_drop\",\n                \"levels\": [100, 95, 90, 85],\n                \"weight\": \"3\",\n                \"recommendation\": \"The container should drop all default capabilities and add only those that are needed for its execution. Add 'ALL' to containers[].securityContext.capabilities.drop.\"\n            }, {\n                \"data_input\": \"pct_workloads_with_only_net_bind_service\",\n                \"levels\": [100, 95, 90, 85],\n                \"weight\": \"3\",\n                \"recommendation\": \"Containers must drop ALL capabilities, and are only permitted to add back the NET_BIND_SERVICE capability. Set 'spec.containers[*].securityContext.capabilities.drop' to 'ALL' and only add 'NET_BIND_SERVICE' to 'spec.containers[*].securityContext.capabilities.add'.\"\n            }]\n        },\n        \"criteria_type\": \"default_function\"\n    }, {\n        \"id\": \"5ed4b71e-1941-4e77-856b-0e51a1456b33\",\n        \"name\": \"fault_tolerance\",\n        \"label\": \"i18n:fault_tolerance_label\",\n        \"description\": \"i18n:fault_tolerance_desc_key\",\n        \"category_tags\": \"Recoverability\",\n        \"expected_score\": 100,\n        \"rating_thresholds\": \"100, 75, 50, 25\",\n        \"input_data_keys\": \"avg_msecs_health_check_latency, pct_self_healing_success_actual\",\n        \"created_by\": \"system\",\n        \"modified_by\": \"\",\n        \"library_name\": \"runtime_production_readiness\",\n\n        \"metadata\": {\n            \"recommendation\": \"\",\n\n            \"input_data_spec\": [{\n                \"data_input\": \"avg_msecs_health_check_latency\",\n                \"levels\": [100, 300, 500, 1000],\n                \"weight\": \"1\",\n                \"recommendation\": \"Collect data about health check latency to track service availability.\"\n            }, {\n                \"data_input\": \"pct_self_healing_success_actual\",\n                \"levels\": [99, 98, 95, 90],\n                \"weight\": \"3\",\n                \"recommendation\": \"Collect data on actual self-healing success rates to improve resilience tracking.\"\n            }]\n        },\n        \"criteria_type\": \"default_function\"\n    }, {\n        \"id\": \"617fb775-08bd-4b89-bf57-529e51f434c4\",\n        \"name\": \"privileged_mode_containers\",\n        \"label\": \"i18n:privileged_mode_containers_label\",\n        \"description\": \"i18n:privileged_mode_containers_desc_key\",\n        \"category_tags\": \"Security\",\n        \"expected_score\": 100,\n        \"rating_thresholds\": \"100, 75, 50, 25\",\n        \"input_data_keys\": \"pct_privileged_mode_containers\",\n        \"created_by\": \"system\",\n        \"modified_by\": \"\",\n        \"library_name\": \"runtime_production_readiness\",\n\n        \"metadata\": {\n            \"recommendation\": \"\",\n\n            \"input_data_spec\": [{\n                \"data_input\": \"pct_privileged_mode_containers\",\n                \"levels\": [10, 20, 30, 40],\n                \"weight\": \"9\",\n                \"recommendation\": \"Ensure privileged container adherence percentage is explicitly defined.\"\n            }]\n        },\n        \"criteria_type\": \"default_function\"\n    }, {\n        \"id\": \"699e3463-5913-49ee-99cd-2e0922af2a05\",\n        \"name\": \"root_filesystem_protection\",\n        \"label\": \"i18n:root_filesystem_protection_label\",\n        \"description\": \"i18n:root_filesystem_protection_desc_key\",\n        \"category_tags\": \"Integrity\",\n        \"expected_score\": 100,\n        \"rating_thresholds\": \"100, 75, 50, 25\",\n        \"input_data_keys\": \"pct_workloads_with_rootfs_not_read_only\",\n        \"created_by\": \"system\",\n        \"modified_by\": \"\",\n        \"library_name\": \"runtime_production_readiness\",\n\n        \"metadata\": {\n            \"recommendation\": \"\",\n\n            \"input_data_spec\": [{\n                \"data_input\": \"pct_workloads_with_rootfs_not_read_only\",\n                \"levels\": [0, 5, 10, 15],\n                \"weight\": \"3\",\n                \"recommendation\": \"An immutable root file system prevents applications from writing to their local disk. This can limit intrusions, as attackers will not be able to tamper with the file system or write foreign executables to disk. Change 'containers[].securityContext.readOnlyRootFilesystem' to 'true'.\"\n            }]\n        },\n        \"criteria_type\": \"default_function\"\n    }, {\n        \"id\": \"7e18a7d3-7d4c-46b1-b590-da57abdca211\",\n        \"name\": \"missing_runtime_profile_detection\",\n        \"label\": \"i18n:missing_runtime_profile_detection_label\",\n        \"description\": \"i18n:missing_runtime_profile_detection_desc_key\",\n        \"category_tags\": \"Integrity\",\n        \"expected_score\": 100,\n        \"rating_thresholds\": \"100, 75, 50, 25\",\n        \"input_data_keys\": \"pct_workloads_without_runtime_profile\",\n        \"created_by\": \"system\",\n        \"modified_by\": \"\",\n        \"library_name\": \"runtime_production_readiness\",\n\n        \"metadata\": {\n            \"recommendation\": \"\",\n\n            \"input_data_spec\": [{\n                \"data_input\": \"pct_workloads_without_runtime_profile\",\n                \"levels\": [0, 5, 10, 15],\n                \"weight\": \"3\",\n                \"recommendation\": \"According to pod security standard 'Seccomp', the RuntimeDefault seccomp profile must be required, or allow specific additional profiles. Set 'spec.securityContext.seccompProfile.type', 'spec.containers[*].securityContext.seccompProfile' and 'spec.initContainers[*].securityContext.seccompProfile' to 'RuntimeDefault' or undefined.\"\n            }]\n        },\n        \"criteria_type\": \"default_function\"\n    }, {\n        \"id\": \"7f124ce1-1dc7-4a96-86a9-6834ecf1ed42\",\n        \"name\": \"privileged_port_binding_detection\",\n        \"label\": \"i18n:privileged_port_binding_detection_label\",\n        \"description\": \"i18n:privileged_port_binding_detection_desc_key\",\n        \"category_tags\": \"Integrity\",\n        \"expected_score\": 100,\n        \"rating_thresholds\": \"100, 75, 50, 25\",\n        \"input_data_keys\": \"pct_workloads_with_binding_to_privileged_ports\",\n        \"created_by\": \"system\",\n        \"modified_by\": \"\",\n        \"library_name\": \"runtime_production_readiness\",\n\n        \"metadata\": {\n            \"recommendation\": \"\",\n\n            \"input_data_spec\": [{\n                \"data_input\": \"pct_workloads_with_binding_to_privileged_ports\",\n                \"levels\": [0, 5, 10, 15],\n                \"weight\": \"3\",\n                \"recommendation\": \"The ports which are lower than 1024 receive and transmit various sensitive and privileged data. Allowing containers to use them can bring serious implications. Do not map the container ports to privileged host ports when starting a container.\"\n            }]\n        },\n        \"criteria_type\": \"default_function\"\n    }, {\n        \"id\": \"822d8289-662a-40e7-a0eb-6663cf9cd5f7\",\n        \"name\": \"workload_liveliness_period\",\n        \"label\": \"i18n:workload_liveliness_period_label\",\n        \"description\": \"i18n:workload_liveliness_period_desc_key\",\n        \"category_tags\": \"Usability\",\n        \"expected_score\": 100,\n        \"rating_thresholds\": \"100, 75, 50, 25\",\n        \"input_data_keys\": \"pct_pods_with_liveliness_probe_defined\",\n        \"created_by\": \"system\",\n        \"modified_by\": \"\",\n        \"library_name\": \"runtime_production_readiness\",\n\n        \"metadata\": {\n            \"recommendation\": \"\",\n\n            \"input_data_spec\": [{\n                \"data_input\": \"pct_pods_with_liveliness_probe_defined\",\n                \"levels\": [90, 80, 70, 60],\n                \"weight\": \"3\",\n                \"recommendation\": \"Use liveness probes so Kubernetes can automatically restart containers that become unresponsive.\"\n            }]\n        },\n        \"criteria_type\": \"default_function\"\n    }, {\n        \"id\": \"84e45df8-76c2-407b-bc3c-9fcfe54b6031\",\n        \"name\": \"unnecessary_capabilities_detection\",\n        \"label\": \"i18n:unnecessary_capabilities_detection_label\",\n        \"description\": \"i18n:unnecessary_capabilities_detection_desc_key\",\n        \"category_tags\": \"Integrity\",\n        \"expected_score\": 100,\n        \"rating_thresholds\": \"100, 75, 50, 25\",\n        \"input_data_keys\": \"pct_workloads_with_extra_capabilities_added\",\n        \"created_by\": \"system\",\n        \"modified_by\": \"\",\n        \"library_name\": \"runtime_production_readiness\",\n\n        \"metadata\": {\n            \"recommendation\": \"\",\n\n            \"input_data_spec\": [{\n                \"data_input\": \"pct_workloads_with_extra_capabilities_added\",\n                \"levels\": [0, 5, 10, 15],\n                \"weight\": \"3\",\n                \"recommendation\": \"According to pod security standard 'Capabilities', capabilities beyond the default set must not be added. Do not set spec.containers[*].securityContext.capabilities.add and spec.initContainers[*].securityContext.capabilities.add.\"\n            }]\n        },\n        \"criteria_type\": \"default_function\"\n    }, {\n        \"id\": \"95d6d110-b9b0-40ae-b703-de1607ede834\",\n        \"name\": \"workloads_within_90pct_cpu_limits\",\n        \"label\": \"i18n:workloads_within_90pct_cpu_limits_label\",\n        \"description\": \"i18n:workloads_within_90pct_cpu_limits_desc_key\",\n        \"category_tags\": \"Integrity\",\n        \"expected_score\": 100,\n        \"rating_thresholds\": \"100, 75, 50, 25\",\n        \"input_data_keys\": \"pct_workloads_within_90pct_cpu_limits\",\n        \"created_by\": \"system\",\n        \"modified_by\": \"\",\n        \"library_name\": \"runtime_production_readiness\",\n\n        \"metadata\": {\n            \"recommendation\": \"\",\n\n            \"input_data_spec\": [{\n                \"data_input\": \"pct_workloads_within_90pct_cpu_limits\",\n                \"levels\": [90, 80, 70, 60],\n                \"weight\": \"9\",\n                \"recommendation\": \"Review workloads operating near CPU limits. Consider increasing CPU limits or optimizing application CPU usage to prevent throttling or degraded performance.\"\n            }]\n        },\n        \"criteria_type\": \"default_function\"\n    }, {\n        \"id\": \"a93bbac8-d230-4d89-8886-0dec10c3aec1\",\n        \"name\": \"workloads_missing_memory_limits\",\n        \"label\": \"i18n:workloads_missing_memory_limits_label\",\n        \"description\": \"i18n:workloads_missing_memory_limits_desc_key\",\n        \"category_tags\": \"Integrity\",\n        \"expected_score\": 100,\n        \"rating_thresholds\": \"100, 75, 50, 25\",\n        \"input_data_keys\": \"pct_workloads_missing_memory_limits\",\n        \"created_by\": \"system\",\n        \"modified_by\": \"\",\n        \"library_name\": \"runtime_production_readiness\",\n\n        \"metadata\": {\n            \"recommendation\": \"\",\n\n            \"input_data_spec\": [{\n                \"data_input\": \"pct_workloads_missing_memory_limits\",\n                \"levels\": [10, 20, 30, 40],\n                \"weight\": \"9\",\n                \"recommendation\": \"Define memory limits for all workloads to prevent excessive consumption and safeguard node stability\"\n            }]\n        },\n        \"criteria_type\": \"default_function\"\n    }, {\n        \"id\": \"a9875b41-ea06-43f5-885a-5d46565a1394\",\n        \"name\": \"host_ports_access_detection\",\n        \"label\": \"i18n:host_ports_access_detection_label\",\n        \"description\": \"i18n:host_ports_access_detection_desc_key\",\n        \"category_tags\": \"Integrity\",\n        \"expected_score\": 100,\n        \"rating_thresholds\": \"100, 75, 50, 25\",\n        \"input_data_keys\": \"pct_workloads_with_access_to_host_ports\",\n        \"created_by\": \"system\",\n        \"modified_by\": \"\",\n        \"library_name\": \"runtime_production_readiness\",\n\n        \"metadata\": {\n            \"recommendation\": \"\",\n\n            \"input_data_spec\": [{\n                \"data_input\": \"pct_workloads_with_access_to_host_ports\",\n                \"levels\": [0, 5, 10, 15],\n                \"weight\": \"3\",\n                \"recommendation\": \"According to pod security standard 'Host Ports', hostPorts should be disallowed, or at minimum restricted to a known list. Do not set spec.containers[*].ports[*].hostPort and spec.initContainers[*].ports[*].hostPort.\"\n            }]\n        },\n        \"criteria_type\": \"default_function\"\n    }, {\n        \"id\": \"aa0a86f6-b8c3-4fcc-a1e0-298e636a2cfd\",\n        \"name\": \"image_identification\",\n        \"label\": \"i18n:image_identification_label\",\n        \"description\": \"i18n:image_identification_desc_key\",\n        \"category_tags\": \"Integrity\",\n        \"expected_score\": 100,\n        \"rating_thresholds\": \"100, 75, 50, 25\",\n        \"input_data_keys\": \"pct_images_latest_tag_identification\",\n        \"created_by\": \"system\",\n        \"modified_by\": \"\",\n        \"library_name\": \"runtime_production_readiness\",\n\n        \"metadata\": {\n            \"recommendation\": \"\",\n\n            \"input_data_spec\": [{\n                \"data_input\": \"pct_images_latest_tag_identification\",\n                \"levels\": [5, 10, 20, 50],\n                \"weight\": \"9\",\n                \"recommendation\": \"Collect information on the tags used by deployments and statefulsets.\"\n            }]\n        },\n        \"criteria_type\": \"default_function\"\n    }, {\n        \"id\": \"af3727c5-77c8-4884-a0fb-bebe16951fa1\",\n        \"name\": \"non_default_proc_masks_detection\",\n        \"label\": \"i18n:non_default_proc_masks_detection_label\",\n        \"description\": \"i18n:non_default_proc_masks_detection_desc_key\",\n        \"category_tags\": \"Integrity\",\n        \"expected_score\": 100,\n        \"rating_thresholds\": \"100, 75, 50, 25\",\n        \"input_data_keys\": \"pct_workloads_with_non_default_proc_masks\",\n        \"created_by\": \"system\",\n        \"modified_by\": \"\",\n        \"library_name\": \"runtime_production_readiness\",\n\n        \"metadata\": {\n            \"recommendation\": \"\",\n\n            \"input_data_spec\": [{\n                \"data_input\": \"pct_workloads_with_non_default_proc_masks\",\n                \"levels\": [0, 5, 10, 15],\n                \"weight\": \"3\",\n                \"recommendation\": \"According to pod security standard '/proc Mount Type', the default /proc masks are set up to reduce attack surface, and should be required. Do not set spec.containers[*].securityContext.procMount and spec.initContainers[*].securityContext.procMount.\"\n            }]\n        },\n        \"criteria_type\": \"default_function\"\n    }, {\n        \"id\": \"b0845132-c7c4-4379-aaba-e5c0576e6605\",\n        \"name\": \"privilege_escalation_risk\",\n        \"label\": \"i18n:privilege_escalation_risk_label\",\n        \"description\": \"i18n:privilege_escalation_risk_desc_key\",\n        \"category_tags\": \"Integrity\",\n        \"expected_score\": 100,\n        \"rating_thresholds\": \"100, 75, 50, 25\",\n        \"input_data_keys\": \"pct_workloads_with_privilege_escalation\",\n        \"created_by\": \"system\",\n        \"modified_by\": \"\",\n        \"library_name\": \"runtime_production_readiness\",\n\n        \"metadata\": {\n            \"recommendation\": \"\",\n\n            \"input_data_spec\": [{\n                \"data_input\": \"pct_workloads_with_privilege_escalation\",\n                \"levels\": [0, 5, 10, 15],\n                \"weight\": \"3\",\n                \"recommendation\": \"SA program inside the container can elevate its own privileges and run as root, which might give the program control over the container and node. Set 'set containers[].securityContext.allowPrivilegeEscalation' to 'false'.\"\n            }]\n        },\n        \"criteria_type\": \"default_function\"\n    }, {\n        \"id\": \"b8bfa260-c77e-4b65-aba1-ffe9fabb324d\",\n        \"name\": \"workload_liveness_initial_delay\",\n        \"label\": \"i18n:workload_liveness_initial_delay_label\",\n        \"description\": \"i18n:workload_liveness_initial_delay_desc_key\",\n        \"category_tags\": \"Usability\",\n        \"expected_score\": 100,\n        \"rating_thresholds\": \"100, 75, 50, 25\",\n        \"input_data_keys\": \"pct_workload_liveness_initial_delay_defined\",\n        \"created_by\": \"system\",\n        \"modified_by\": \"\",\n        \"library_name\": \"runtime_production_readiness\",\n\n        \"metadata\": {\n            \"recommendation\": \"\",\n\n            \"input_data_spec\": [{\n                \"data_input\": \"pct_workload_liveness_initial_delay_defined\",\n                \"levels\": [90, 80, 70, 60],\n                \"weight\": \"9\",\n                \"recommendation\": \"Ensure all workloads define initialDelaySeconds in their liveness probes to avoid early health check failures.\"\n            }]\n        },\n        \"criteria_type\": \"default_function\"\n    }, {\n        \"id\": \"c468b7e0-aefa-4521-a600-faf4b09d3df9\",\n        \"name\": \"non_core_volume_types_detection\",\n        \"label\": \"i18n:non_core_volume_types_detection_label\",\n        \"description\": \"i18n:non_core_volume_types_detection_desc_key\",\n        \"category_tags\": \"Integrity\",\n        \"expected_score\": 100,\n        \"rating_thresholds\": \"100, 75, 50, 25\",\n        \"input_data_keys\": \"pct_workloads_with_non_core_volume_types\",\n        \"created_by\": \"system\",\n        \"modified_by\": \"\",\n        \"library_name\": \"runtime_production_readiness\",\n\n        \"metadata\": {\n            \"recommendation\": \"\",\n\n            \"input_data_spec\": [{\n                \"data_input\": \"pct_workloads_with_non_core_volume_types\",\n                \"levels\": [0, 5, 10, 15],\n                \"weight\": \"3\",\n                \"recommendation\": \"According to pod security standard 'Volume types', non-core volume types must not be used. Do not Set 'spec.volumes[*]' to any of the disallowed volume types.\"\n            }]\n        },\n        \"criteria_type\": \"default_function\"\n    }, {\n        \"id\": \"dc531d4d-4ac7-4b15-8fb6-8dbffaa997d1\",\n        \"name\": \"root_gid_usage_detection\",\n        \"label\": \"i18n:root_gid_usage_detection_label\",\n        \"description\": \"i18n:root_gid_usage_detection_desc_key\",\n        \"category_tags\": \"Integrity\",\n        \"expected_score\": 100,\n        \"rating_thresholds\": \"100, 75, 50, 25\",\n        \"input_data_keys\": \"pct_workloads_with_root_primary_supplementary_gid\",\n        \"created_by\": \"system\",\n        \"modified_by\": \"\",\n        \"library_name\": \"runtime_production_readiness\",\n\n        \"metadata\": {\n            \"recommendation\": \"\",\n\n            \"input_data_spec\": [{\n                \"data_input\": \"pct_workloads_with_root_primary_supplementary_gid\",\n                \"levels\": [0, 5, 10, 15],\n                \"weight\": \"3\",\n                \"recommendation\": \"According to pod security standard 'Non-root groups', containers should be forbidden from running with a root primary or supplementary GID. Set 'containers[].securityContext.runAsGroup' to a non-zero integer or leave undefined.\"\n            }]\n        },\n        \"criteria_type\": \"default_function\"\n    }, {\n        \"id\": \"dccfa28b-7b9f-412e-8de5-599077ef6214\",\n        \"name\": \"workload_run_as_root\",\n        \"label\": \"i18n:workload_run_as_root_label\",\n        \"description\": \"i18n:workload_run_as_root_desc_key\",\n        \"category_tags\": \"Security\",\n        \"expected_score\": 100,\n        \"rating_thresholds\": \"100, 75, 50, 25\",\n        \"input_data_keys\": \"pct_workload_run_as_root\",\n        \"created_by\": \"system\",\n        \"modified_by\": \"\",\n        \"library_name\": \"runtime_production_readiness\",\n\n        \"metadata\": {\n            \"recommendation\": \"\",\n\n            \"input_data_spec\": [{\n                \"data_input\": \"pct_workload_run_as_root\",\n                \"levels\": [10, 20, 30, 40],\n                \"weight\": \"9\",\n                \"recommendation\": \"Ensure adherence percentage for non-root containers is explicitly defined.\"\n            }]\n        },\n        \"criteria_type\": \"default_function\"\n    }, {\n        \"id\": \"f5fccbd0-9275-405c-b797-8d791c3f46d2\",\n        \"name\": \"hostpath_volume_mounts_detection\",\n        \"label\": \"i18n:hostpath_volume_mounts_detection_label\",\n        \"description\": \"i18n:hostpath_volume_mounts_detection_desc_key\",\n        \"category_tags\": \"Integrity\",\n        \"expected_score\": 100,\n        \"rating_thresholds\": \"100, 75, 50, 25\",\n        \"input_data_keys\": \"pct_workloads_with_hostpath_volumes_mounted\",\n        \"created_by\": \"system\",\n        \"modified_by\": \"\",\n        \"library_name\": \"runtime_production_readiness\",\n\n        \"metadata\": {\n            \"recommendation\": \"\",\n\n            \"input_data_spec\": [{\n                \"data_input\": \"pct_workloads_with_hostpath_volumes_mounted\",\n                \"levels\": [0, 5, 10, 15],\n                \"weight\": \"3\",\n                \"recommendation\": \"According to pod security standard 'HostPath Volumes', HostPath volumes must be forbidden. Do not set 'spec.volumes[*].hostPath'.\"\n            }]\n        },\n        \"criteria_type\": \"default_function\"\n    }, {\n        \"id\": \"fa01b0d5-55cd-4230-ac05-ce1936562ac5\",\n        \"name\": \"node_failure_tolerance\",\n        \"label\": \"i18n:node_failure_tolerance_label\",\n        \"description\": \"i18n:node_failure_tolerance_desc_key\",\n        \"category_tags\": \"Recoverability\",\n        \"expected_score\": 100,\n        \"rating_thresholds\": \"100, 75, 50, 25\",\n        \"input_data_keys\": \"node_recovery_time, avg_pct_cpu_usage, avg_pct_memory_usage\",\n        \"created_by\": \"system\",\n        \"modified_by\": \"\",\n        \"library_name\": \"runtime_production_readiness\",\n\n        \"metadata\": {\n            \"recommendation\": \"\",\n\n            \"input_data_spec\": [{\n                \"data_input\": \"node_recovery_time\",\n                \"levels\": [1, 3, 6, 8],\n                \"weight\": \"3\",\n                \"recommendation\": \"Reduce node recovery time by enabling auto-scaling groups, configuring node auto-repair, and ensuring rapid provisioning via node pools or spot fallback mechanisms. \\n\"\n            }, {\n                \"data_input\": \"avg_pct_cpu_usage\",\n                \"levels\": [60, 70, 80, 90],\n                \"weight\": \"3\",\n                \"recommendation\": \"High CPU usage may lead to scheduling delays or degraded performance. Consider right-sizing nodes, tuning resource requests/limits, or load-spreading across nodes. \\n\"\n            }, {\n                \"data_input\": \"avg_pct_memory_usage\",\n                \"levels\": [60, 70, 80, 90],\n                \"weight\": \"3\",\n                \"recommendation\": \"High memory usage can cause eviction and Out of memory kills. Ensure resource limits are set appropriately and workloads are memory-optimized.\"\n            }]\n        },\n        \"criteria_type\": \"default_function\"\n    }, {\n        \"id\": \"fc5d7807-32e6-4021-bf40-36d5d71c5696\",\n        \"name\": \"workload_host_namespace_isolation\",\n        \"label\": \"i18n:workload_host_namespace_isolation_label\",\n        \"description\": \"i18n:workload_host_namespace_isolation_desc_key\",\n        \"category_tags\": \"Integrity\",\n        \"expected_score\": 100,\n        \"rating_thresholds\": \"100, 75, 50, 25\",\n        \"input_data_keys\": \"pct_workloads_with_access_to_host_ipc_namespace,pct_workloads_with_access_to_host_network,pct_workloads_with_access_to_host_pid\",\n        \"created_by\": \"system\",\n        \"modified_by\": \"\",\n        \"library_name\": \"runtime_production_readiness\",\n\n        \"metadata\": {\n            \"recommendation\": \"\",\n\n            \"input_data_spec\": [{\n                \"data_input\": \"pct_workloads_with_access_to_host_ipc_namespace\",\n                \"levels\": [0, 5, 10, 15],\n                \"weight\": \"3\",\n                \"recommendation\": \"Sharing the host's IPC namespace allows container processes to communicate with processes on the host. Do not set 'spec.template.spec.hostIPC' to true.\"\n            }, {\n                \"data_input\": \"pct_workloads_with_access_to_host_network\",\n                \"levels\": [0, 5, 10, 15],\n                \"weight\": \"3\",\n                \"recommendation\": \"Sharing the host's network namespace permits processes in the pod to communicate with processes bound to the host's loopback adapter. Do not set 'spec.template.spec.hostNetwork' to true.\"\n            }, {\n                \"data_input\": \"pct_workloads_with_access_to_host_pid\",\n                \"levels\": [0, 5, 10, 15],\n                \"weight\": \"3\",\n                \"recommendation\": \"Sharing the host's PID namespace allows visibility on host processes, potentially leaking information such as environment variables and configuration. Do not set 'spec.template.spec.hostPID' to true.\"\n            }]\n        },\n        \"criteria_type\": \"default_function\"\n    }],\n    \"aggregate_criteria\": \"\",\n    \"aggregate_criteria_type\": \"average\",\n    \"label\": \"\",\n    \"created_by\": \"ibmconcert\",\n    \"modified_by\": \"ibmconcert\",\n    \"use_last_received_data\": \"\",\n\n    \"metadata\": {\n        \"AI_generated\": false\n    }\n}"}]},{"action":"assign","name":"Assign_1","variable":"$result","value":"true"}],"else":[{"action":"assign","name":"Assign_2","variable":"$result","value":"true"}]}],"variables":[{"name":"in_profile_name","required":true,"isInput":true,"isOutput":false,"level":"INTERMEDIATE","type":{"type":"string"},"value":"\"\""},{"name":"in_concert_key","required":true,"isInput":true,"isOutput":false,"level":"INTERMEDIATE","type":{"type":"string"},"value":"\"\""},{"name":"result","required":false,"isInput":false,"isOutput":true,"level":"INTERMEDIATE","type":{"type":"any"},"value":"false"}],"meta":{"workerGroup":"default","lastUpdated":1763475818396,"layout":"flow","updatedByUsername":"ibmconcert","numberOfBlocks":5,"version":5,"created":1763475818396},"finally":null}