{"name":"concert_gen_sbom","platform":"node","hash":"JhsSTLUCWmOkVXkxi8kHQkWEm+JjZ/HOM0scr5z6evE=","blocks":[{"action":"comment","value":"get cluster and service details "}, {"action":"try","name":"Try_1","try":[{"name":"Function_2","function":"function extractTag(imageUri) {\n    const match = imageUri.match(/:(.+)$/);\n    return match ? match[1] : \"latest\";\n};\nfunction extractClusterInfo(clusterArn){\n    \n    const match = clusterArn.match(/^arn:(?<platform>aws):ecs:(?<region>[^:]+):\\d+:cluster\\/(?<cluster_name>[^/]+)$/);\n\n    var clusterInfo = {};\n\n    if (match?.groups) {\n        clusterInfo = [\n            {\n            \"name\": \"cluster_platform\",\n            \"value\": match.groups.platform\n            },\n            {\n            \"name\": \"cluster_region\",\n            \"value\": match.groups.region\n            },\n            {\n            \"name\": \"cluster_name\",\n            \"value\": match.groups.cluster_name\n            }\n        ]\n    } else {\n        throw \"Invalid ARN format\"\n    }\n    return clusterInfo;\n};\n\nfunction genSbom(servicesData, appName, env, in_ApplicationCriticality, in_ApplicationDataAssessmentImpactRisk, in_version) {\n    const sbom = {\n        bomFormat: \"ConcertDef\",\n        specVersion: \"1.0.2\",\n\n        properties: [\n            {\n            \"name\": \"application_criticality\",\n            \"value\": `${in_ApplicationCriticality}`\n            },\n            {\n            \"name\": \"application_data_assessment_impact_risk\",\n            \"value\": `${in_ApplicationDataAssessmentImpactRisk}`\n            }\n        ],\n\n        metadata: {\n            timestamp: new Date().toISOString(),\n            type: \"application\",\n\n            component: {\n                name: appName,\n                version: in_version\n            }\n        },\n        environments: [{\n            \"bom-ref\": `environment:${env}`,\n            type: \"environment\",\n            name: env\n        }],\n        \"runtime-components\": [],\n\n        dependencies: [{\n            \"bom-ref\": `environment:${env}`,\n            \"dependsOn\": [`service:vm:${appName}`]\n        }]\n    };\n\n    const vmComponent = {\n        \"bom-ref\": `service:vm:${appName}.ecs.amazonaws.com`,\n        name: `${appName}.ecs.amazonaws.com`,\n        type: \"vm\",\n        hostname: `${appName}.ecs.amazonaws.com`,\n\n        ipv4: [{\n            addr: \"127.0.0.1\"\n        }],\n        properties: extractClusterInfo(servicesData.clusterArn),\n        components: []\n    };\n\n    servicesData.containers.forEach(container => {\n        const imageVersion = extractTag(container.image);\n        const container_image = container.image.includes(\":\") ? container.image : `${container.image}:latest`\n        const containerComponent = {\n            \"bom-ref\": `container:${container_image}`,\n            type: \"container\",\n            name: container.name,\n            version: imageVersion,\n            uri: container_image\n        };\n\n        vmComponent.components.push(containerComponent);\n    });\n\n    sbom[\"runtime-components\"].push(vmComponent);\n    return sbom;\n}\n\n$result = genSbom($in_servicesData, $in_AppName, $in_env, $in_ApplicationCriticality, $in_ApplicationDataAssessmentImpactRisk, $in_version)"},{"action":"system/IBM/Concert/Import Data/Upload Files to Concert","name":"upload_sbom","inputs":[{"name":"authKey","value":"$in_ibmConcertKey"},{"name":"file","value":"{\n    \"data_type\": \"application_sbom\",\n    \"metadata\": \"\",\n    \"filename\": JSON.stringify($result)\n}"},{"name":"fileType","value":"\"json\""}]},{"action":"assign","name":"Assign_status","variable":"$uploadStatus","value":"$upload_sbom.result.job_data[\"message\"]"},{"action":"if","name":"If_upload_success","condition":"$uploadStatus === \"202 Accepted\"","then":[{"action":"assign","name":"Assign_1","variable":"$uploadStatus","value":"\"processing_in_progress\""},{"action":"while","name":"While_1","condition":"$uploadStatus == \"processing_in_progress\"","blocks":[{"action":"system/Common/Sleep","name":"Sleep_1","inputs":[{"name":"seconds","value":"1"}]},{"action":"system/IBM/Concert/Concert HTTP Request","name":"Check_event_status","inputs":[{"name":"authKey","value":"$in_ibmConcertKey"},{"name":"method","value":"\"POST\""},{"name":"path","value":"\"/concert/ingestion/api/v1/table_of_contents/lz/search\""},{"name":"headers","value":"{\n    \"InstanceId\": \"0000-0000-0000-0000\"\n}"},{"name":"body","value":"{\n    \"sort\": \"processing_start_time\",\n    \"sort_direction\": \"asc\",\n    \"search\": $upload_sbom.result.event_ids[0],\n    \"page\": 1,\n    \"page_size\": 50,\n\n    \"date_range\": {\n        \"start\": \"2025-01-01T07:00:00.000Z\",\n        \"end\": \"2055-12-31T07:00:00.000Z\"\n    }\n}"}]},{"action":"assign","name":"Assign_2","variable":"$uploadStatus","value":"$Check_event_status.result.toc_records[0].status"}]},{"action":"system/Common/Status Message Update","name":"StatusMessageUpdate_1","inputs":[{"name":"message","value":"\"SBOM upload status\" + $uploadStatus"}]}],"else":[]}],"catch":[{"action":"assign","name":"Assign_3","variable":"$uploadStatus","value":"$Try_1.message"}]}],"variables":[{"name":"in_env","required":true,"isInput":true,"isOutput":false,"level":"INTERMEDIATE","type":{"type":"string"},"value":"\"\""},{"name":"in_AppName","required":true,"isInput":true,"isOutput":false,"level":"INTERMEDIATE","type":{"type":"string"},"value":"\"\""},{"name":"in_ibmConcertKey","required":false,"isInput":true,"isOutput":false,"level":"INTERMEDIATE","type":{"type":"string"},"value":"\"\""},{"name":"in_version","required":true,"isInput":true,"isOutput":false,"level":"INTERMEDIATE","type":{"type":"string"},"value":"\"\""},{"name":"in_servicesData","required":true,"isInput":true,"isOutput":false,"level":"INTERMEDIATE","type":{"type":"object"},"value":"{}"},{"name":"uploadStatus","required":false,"isInput":false,"isOutput":true,"level":"INTERMEDIATE","type":{"type":"any"},"value":"\"\""},{"name":"result","required":false,"isInput":false,"isOutput":true,"level":"INTERMEDIATE","type":{"type":"any"},"value":"\"\""},{"name":"in_ApplicationCriticality","required":true,"isInput":true,"isOutput":false,"level":"INTERMEDIATE","type":{"type":"number"},"value":"0"},{"name":"in_ApplicationDataAssessmentImpactRisk","required":true,"isInput":true,"isOutput":false,"level":"INTERMEDIATE","type":{"type":"number"},"value":"0"}],"meta":{"workerGroup":"default","created":1763475818179,"lastUpdated":1763475818179,"layout":"flow","updatedByUsername":"ibmconcert","numberOfBlocks":13,"version":5},"finally":null}