{"name":"LoadAssessments","platform":"node","hash":"Lq9mXvVGt1Zy6j5X41fl0oS4OIDruH75UC60YRrP4r8=","blocks":[{"action":"comment","value":"Prepare the data for Resilience evaluate API"}, {"action":"assign","name":"PrepareData","variable":"$assessmentData","value":"  {\n    \"timestamp\": new Date($timestamp).toISOString(),\n    \"version\": $applicationVersion,\n    \"profile\": $profileName,\n    \"target_type\": \"app\",\n    \"target\": $applicationName,\n    \"origin\" : $origin,\n    \"custom_metadata\": {\n      \"origin_name\": $originName,\n      \"origin_url\" : $originUrl\n    },\n    \"data\": $data\n}"}, {"action":"comment","value":"Fetch Concert instance details"}, {"action":"system/IBM/Concert/Concert HTTP Request","name":"IBM_1","inputs":[{"name":"method","value":"\"POST\""},{"name":"path","value":"\"/resilience/assessment/api/v1/evaluate\""},{"name":"body","value":"$assessmentData"}]}, {"action":"comment","value":"Generate assessments for Resilience"}, {"action":"assign","name":"Assign_1","variable":"$result","value":"$IBM_1.result"}],"variables":[{"name":"result","required":false,"isInput":false,"isOutput":true,"level":"INTERMEDIATE","type":{"type":"any"},"value":"\"\""},{"name":"applicationName","required":true,"isInput":true,"isOutput":false,"level":"INTERMEDIATE","type":{"type":"string"},"value":"\"\""},{"name":"profileName","required":true,"isInput":true,"isOutput":false,"level":"INTERMEDIATE","type":{"type":"string"},"value":"\"\""},{"name":"data","required":true,"isInput":true,"isOutput":false,"level":"INTERMEDIATE","type":{"type":"object"},"value":"{}"},{"name":"timestamp","required":true,"isInput":true,"isOutput":false,"level":"INTERMEDIATE","type":{"type":"number"},"value":"0"},{"name":"originName","required":true,"isInput":true,"isOutput":false,"level":"INTERMEDIATE","type":{"type":"string"},"value":"\"\""},{"name":"originUrl","required":true,"isInput":true,"isOutput":false,"level":"INTERMEDIATE","type":{"type":"string"},"value":"\"\""},{"name":"applicationVersion","required":true,"isInput":true,"isOutput":false,"level":"INTERMEDIATE","type":{"type":"string"},"value":"\"\""},{"name":"origin","required":true,"isInput":true,"isOutput":false,"level":"INTERMEDIATE","type":{"type":"string"},"value":"\"\""},{"name":"assessmentData","required":false,"isInput":false,"isOutput":true,"level":"INTERMEDIATE","type":{"type":"object"},"value":"{}"}],"meta":{"workerGroup":"default","created":1771278766437,"lastUpdated":1771278778545,"description":"This workflow is used to generate Assessments for Resilience","layout":"flow","updatedByUsername":"admin","numberOfBlocks":6,"version":5},"finally":null}