{"name":"pre_format_check","platform":"node","hash":"AkL2bWc1A1oVB2s/99/DeM8GPesfx0Fm3vU7q8voOS4=","blocks":[{"action":"assign","name":"Assign_result","variable":"$t_processing","value":"$in_user_inputs"}, {"name":"Function_1","function":"const frequence = [\"latest\",\"hour\",\"day\",\"week\",\"month\",\"quarter\"];\nif (!frequence.includes($t_processing.assessment_period)){\n    $success = false;\n    $error.push('Assessment period not found in the list: \"latest\",\"hour\",\"day\",\"week\",\"month\",\"quarter\"');\n}"}, {"action":"foreach","name":"For_jvm_conf","list":"$in_user_inputs.application_info","blocks":[{"action":"system/Common/JSON/JSON Schema Validation","name":"json_validation","inputs":[{"name":"JSON","value":"$For_jvm_conf.item"},{"name":"schema","value":"{\n    \"$schema\": \"http://json-schema.org/draft-07/schema#\",\n    \"type\": \"object\",\n\n    \"properties\": {\n        \"jvm_filename\": {\n            \"type\": \"string\"\n        },\n        \"context_path\": {\n            \"type\": \"string\"\n        },\n        \"actuator_base_path\": {\n            \"type\": \"string\"\n        },\n        \"file_path\": {\n            \"type\": \"string\"\n        },\n        \"application_prop_path\": {\n            \"type\": [\"string\", \"array\"]\n        },\n        \"log_path\": {\n            \"type\": \"string\"\n        },\n        \"component_name\": {\n            \"type\": \"string\"\n        },\n        \"ignored\": {\n            \"type\": \"boolean\"\n        },\n        \"port\": {\n            \"type\": \"integer\"\n        },\n        \"auth_header\": {\n            \"type\": \"object\",\n\n            \"properties\": {\n                \"authorization\": {\n                    \"type\": \"string\"\n                }\n            },\n            \"additionalProperties\": false\n        },\n        \"discovery\": {\n            \"type\": \"string\"\n        },\n        \"matchCriteria\": {\n            \"type\": \"array\",\n\n            \"items\": {\n                \"type\": \"object\",\n\n                \"properties\": {\n                    \"key\": {\n                        \"type\": \"string\"\n                    },\n                    \"value\": {\n                        \"type\": \"string\"\n                    }\n                }\n            },\n            \"minItems\": 1\n        }\n    },\n    \"additionalProperties\": false\n}"},{"name":"allErrors","value":"true"},{"name":"verbose","value":"true"}]},{"action":"if","name":"If_error","condition":"$json_validation.result === \"json is valid.\"","then":[],"else":[{"action":"foreach","name":"For_error","list":"$json_validation.result","blocks":[{"action":"system/Common/Array/Array Push","name":"push_error","inputs":[{"name":"array","value":"$error"},{"name":"item","value":"$For_jvm_conf.item.jvm_filename + \" is not configured correctly: \" + $For_error.item.dataPath + \" \" + $For_error.item.message"}]}]}]}]}, {"action":"if","name":"If_5","condition":"\"environment\" in $t_processing","then":[],"else":[{"action":"assign","name":"Assign_1","variable":"$t_processing[\"environment\"]","value":"\"environment\""}]}, {"action":"if","name":"If_6","condition":"\"deploy_number\" in $t_processing","then":[],"else":[{"action":"assign","name":"Assign_3","variable":"$t_processing[\"deploy_number\"]","value":"\"\" + Date.now()"}]}, {"action":"assign","name":"Assign_success","variable":"$success","value":"$error.length == 0"}, {"action":"assign","name":"Assign_res","variable":"$result","value":"$t_processing"}],"variables":[{"name":"in_user_inputs","required":true,"isInput":true,"isOutput":false,"level":"INTERMEDIATE","type":{"type":"object"},"value":"{}"},{"name":"success","required":false,"isInput":false,"isOutput":true,"level":"INTERMEDIATE","type":{"type":"boolean"},"value":"true"},{"name":"result","required":false,"isInput":false,"isOutput":true,"level":"INTERMEDIATE","type":{"type":"array"},"value":"[]"},{"name":"debug","required":false,"isInput":false,"isOutput":true,"level":"INTERMEDIATE","type":{"type":"array"},"value":"[]"},{"name":"error","required":false,"isInput":false,"isOutput":true,"level":"INTERMEDIATE","type":{"type":"array"},"value":"[]"},{"name":"t_processing","required":false,"isInput":false,"isOutput":false,"level":"INTERMEDIATE","type":{"type":"object"},"value":"{}"}],"meta":{"workerGroup":"default","created":1772006125421,"lastUpdated":1772006125421,"layout":"flow","updatedByUsername":"anton.cholakov","numberOfBlocks":13,"version":5},"finally":null}