{"name":"pre_commands","platform":"node","hash":"/DokpgkN2bEYZpLVh6zaqwle1toFVSuEQIt5mIEYwnU=","blocks":[{"action":"if","name":"If_in_gen_cycloneDX","condition":"$in_gen_cycloneDX","then":[{"name":"Function_1","function":"$list_default.push(...$list_cyclone_dx)"}],"else":[]}, {"action":"foreach","name":"for_bin","list":"$list_default","blocks":[{"action":"if","name":"If_add_path","condition":"$for_bin.item.add_path && ($in_jdk_path != null && $in_jdk_path != \"\")","then":[{"action":"assign","name":"Assign_jdk_cmd","variable":"$t_cmd","value":"$in_jdk_path + \"/\" + $for_bin.item.cmd"}],"else":[{"action":"assign","name":"Assign_cmd","variable":"$t_cmd","value":"$for_bin.item.cmd"}]},{"action":"if","name":"If_unzip_path","condition":"$for_bin.item.cmd.includes(\"unzip\") && ($in_unzip_path != null && $in_unzip_path != \"\")","then":[{"action":"assign","name":"Assign_unzip_cmd","variable":"$t_cmd","value":"$in_unzip_path + \"/\" + $for_bin.item.cmd"}],"else":[]},{"action":"system/Common/SSH/SSH","name":"ssh_cmd","inputs":[{"name":"authKey","value":"$in_server_authkey"},{"name":"command","value":"$t_cmd"},{"name":"host","value":"$in_server_host"},{"name":"port","value":"$in_ssh_port"}]},{"action":"if","name":"If_error","condition":"($ssh_cmd.success) && !$ssh_cmd.error.includes(\"not found\") && !$ssh_cmd.error.includes(\"directory\")","then":[{"action":"system/Common/Array/Array Push","name":"push_res","inputs":[{"name":"array","value":"$result"},{"name":"item","value":"$for_bin.item.cmd.match(/^\\S+/)[0]"}]}],"else":[{"action":"system/Common/Array/Array Push","name":"push_error","inputs":[{"name":"array","value":"$error"},{"name":"item","value":"$in_server_host + \": \" + $ssh_cmd.error.trim()"}]},{"action":"if","name":"If_not_optional","condition":"$for_bin.item.required","then":[{"action":"exit"}],"else":[]}]}]}, {"action":"assign","name":"Assign_success","variable":"$success","value":"$ssh_cmd.success"}],"variables":[{"name":"in_server_authkey","required":true,"isInput":true,"isOutput":false,"level":"INTERMEDIATE","type":{"type":"string"},"value":"\"\""},{"name":"in_server_host","required":true,"isInput":true,"isOutput":false,"level":"INTERMEDIATE","type":{"type":"string"},"value":"\"\""},{"name":"in_ssh_port","required":true,"isInput":true,"isOutput":false,"level":"INTERMEDIATE","type":{"type":"number"},"value":"22"},{"name":"in_OS_metrics","required":true,"isInput":true,"isOutput":false,"level":"INTERMEDIATE","type":{"type":"boolean"},"value":"false"},{"name":"in_jdk_path","required":true,"isInput":true,"isOutput":false,"level":"INTERMEDIATE","type":{"type":"string"},"value":"\"\""},{"name":"in_unzip_path","required":false,"isInput":true,"isOutput":false,"level":"INTERMEDIATE","type":{"type":"string"},"value":"\"\""},{"name":"result","required":false,"isInput":false,"isOutput":true,"level":"INTERMEDIATE","type":{"type":"array"},"value":"[]"},{"name":"success","required":false,"isInput":false,"isOutput":true,"level":"INTERMEDIATE","type":{"type":"boolean"},"value":"false"},{"name":"error","required":false,"isInput":false,"isOutput":true,"level":"INTERMEDIATE","type":{"type":"array"},"value":"[]"},{"name":"debug","required":false,"isInput":false,"isOutput":true,"level":"INTERMEDIATE","type":{"type":"array"},"value":"[]"},{"name":"list_default","required":false,"isInput":false,"isOutput":false,"level":"INTERMEDIATE","type":{"type":"array"},"value":"[{\n    \"cmd\": \"ps -V\",\n    \"required\": true,\n    \"add_path\": false\n}, {\n    \"cmd\": \"curl -V\",\n    \"required\": true,\n    \"add_path\": false\n}, {\n    \"cmd\": \"wc --version\",\n    \"required\": true,\n    \"add_path\": false\n}, {\n    \"cmd\": \"jcmd -l\",\n    \"required\": false,\n    \"add_path\": true\n}, {\n    \"cmd\": \"lsof -v\",\n    \"required\": false,\n    \"add_path\": false\n}, {\n    \"cmd\": \"netstat -V\",\n    \"required\": false,\n    \"add_path\": false\n}, {\n    \"cmd\": \"unzip -V\",\n    \"required\": false,\n    \"add_path\": true\n}]"},{"name":"in_gen_cycloneDX","required":false,"isInput":false,"isOutput":false,"level":"INTERMEDIATE","type":{"type":"any"},"value":"false"},{"name":"t_cmd","required":false,"isInput":false,"isOutput":false,"level":"INTERMEDIATE","type":{"type":"string"},"value":"\"\""},{"name":"t_unzip_path","required":false,"isInput":false,"isOutput":false,"level":"INTERMEDIATE","type":{"type":"string"},"value":"\"\""}],"meta":{"workerGroup":"default","created":1771279655906,"lastUpdated":1771279655906,"layout":"flow","updatedByUsername":"admin","numberOfBlocks":15,"version":5},"finally":null}