{"name":"create_posture","platform":"node","hash":"wttNqLvj9BSjICxto5LTl53RBREAR44+PWii9GR2JgE=","blocks":[{"action":"try","name":"Try_1","try":[{"action":"system/IBM/Concert/Concert HTTP Request","name":"IBM_create_posture","inputs":[{"name":"method","value":"\"POST\""},{"name":"path","value":"\"/resilience/grader/api/v1/posture\""},{"name":"headers","value":"{\n    \"Content-Type\": \"application/json\"\n}"},{"name":"body","value":"{\n    \"name\": $in_posture_name,\n    \"comments\": \"automated posture creation from workflows\",\n    \"profile_name\": $in_profile_name,\n    \"target_type\": \"app\",\n    \"target_name\": $in_app_name,\n    \"assessment_period\": $in_assessment_period,\n    \"version\": $in_version\n}"}]},{"action":"assign","name":"Assign_create_pos_suc","variable":"$t_create_pos_suc","value":"$IBM_create_posture.result"}],"catch":[]}, {"action":"if","name":"If_200","condition":"$t_create_pos_suc != \"\"","then":[{"action":"assign","name":"Assign_1","variable":"$success","value":"true"},{"action":"assign","name":"Assign_result","variable":"$result","value":"$IBM_create_posture.result"}],"else":[{"action":"assign","name":"Assign_error","variable":"$error","value":"$Try_1.message"}]}],"variables":[{"name":"in_auth_key","required":true,"isInput":true,"isOutput":false,"level":"INTERMEDIATE","type":{"type":"string"},"value":"\"\""},{"name":"in_app_name","required":true,"isInput":true,"isOutput":false,"level":"INTERMEDIATE","type":{"type":"string"},"value":"\"\""},{"name":"in_profile_name","required":true,"isInput":true,"isOutput":false,"level":"INTERMEDIATE","type":{"type":"string"},"value":"\"\""},{"name":"in_posture_name","required":true,"isInput":true,"isOutput":false,"level":"INTERMEDIATE","type":{"type":"string"},"value":"\"\""},{"name":"in_assessment_period","required":true,"isInput":true,"isOutput":false,"level":"INTERMEDIATE","type":{"type":"string"},"value":"\"\""},{"name":"in_version","required":true,"isInput":true,"isOutput":false,"level":"INTERMEDIATE","type":{"type":"string"},"value":"\"\""},{"name":"result","required":false,"isInput":false,"isOutput":true,"level":"INTERMEDIATE","type":{"type":"any"},"value":"{}"},{"name":"success","required":false,"isInput":false,"isOutput":true,"level":"INTERMEDIATE","type":{"type":"boolean"},"value":"false"},{"name":"debug","required":false,"isInput":false,"isOutput":true,"level":"INTERMEDIATE","type":{"type":"object"},"value":"{}"},{"name":"error","required":false,"isInput":false,"isOutput":true,"level":"INTERMEDIATE","type":{"type":"array"},"value":"[]"},{"name":"t_create_pos_suc","required":false,"isInput":false,"isOutput":false,"level":"INTERMEDIATE","type":{"type":"string"},"value":"\"\""}],"meta":{"workerGroup":"default","lastUpdated":1762450744043,"description":"Creates an application in Concert","layout":"flow","updatedByUsername":"ibmconcert","numberOfBlocks":7,"version":5,"created":1762450744043},"finally":null}