{"name":"get_all_postures","platform":"node","hash":"XqlNTx8JxmAez8KRDhXpx65RKInFwaQ3pRYsgSPGBls=","blocks":[{"action":"try","name":"Try_1","try":[{"action":"system/IBM/Concert/Concert HTTP Request","name":"IBM_get_postures","inputs":[{"name":"method","value":"\"GET\""},{"name":"path","value":"\"/resilience/grader/api/v1/posture\""},{"name":"headers","value":"{\n    \"Content-Type\": \"application/json\"\n}"}]},{"action":"assign","name":"Assign_t_pos_suc","variable":"$t_get_pos_suc","value":"$IBM_get_postures.result"}],"catch":[]}, {"action":"if","name":"If_200","condition":"$t_get_pos_suc !== \"\"","then":[{"action":"assign","name":"Assign_1","variable":"$success","value":"true"},{"action":"assign","name":"Assign_result","variable":"$result","value":"$IBM_get_postures.result"}],"else":[{"action":"assign","name":"Assign_error","variable":"$error","value":"$Try_1.message"}]}],"variables":[{"name":"in_auth_key","required":true,"isInput":true,"isOutput":false,"level":"INTERMEDIATE","type":{"type":"string"},"value":"\"\""},{"name":"result","required":false,"isInput":false,"isOutput":true,"level":"INTERMEDIATE","type":{"type":"array"},"value":"[]"},{"name":"success","required":false,"isInput":false,"isOutput":true,"level":"INTERMEDIATE","type":{"type":"boolean"},"value":"false"},{"name":"debug","required":false,"isInput":false,"isOutput":true,"level":"INTERMEDIATE","type":{"type":"object"},"value":"{}"},{"name":"error","required":false,"isInput":false,"isOutput":true,"level":"INTERMEDIATE","type":{"type":"array"},"value":"[]"},{"name":"t_get_pos_suc","required":false,"isInput":false,"isOutput":false,"level":"INTERMEDIATE","type":{"type":"string"},"value":"\"\""}],"meta":{"workerGroup":"default","lastUpdated":1762450744684,"description":"Gets all postures from Concert","layout":"flow","updatedByUsername":"ibmconcert","numberOfBlocks":7,"version":5,"created":1762450744684},"finally":null}