{"name":"Upload - Posture Management","platform":"node","hash":"b8Lts+7UF4c3o9Ky+OWSwOoHCrnjpglK1Yvmwvvb8xU=","blocks":[{"action":"./get_all_postures","name":"c_all_posture","inputs":[{"name":"in_auth_key","value":"$in_auth_key"}]}, {"action":"foreach","name":"for_posture","list":"$c_all_posture.result","blocks":[{"action":"if","name":"If_found","condition":"$for_posture.item.profile_name === $in_profile_name && $for_posture.item.target_name === $in_app_name","then":[{"action":"assign","name":"Assign_found","variable":"$result","value":"$for_posture.item.name"}],"else":[]}]}, {"action":"if","name":"If_not_found","condition":"$result===\"\"","then":[{"action":"assign","name":"gen_posture_name","variable":"$t_posture_name","value":"$in_app_name + \"_\" + $in_profile_name"},{"action":"./create_posture","name":"c_create_posture","inputs":[{"name":"in_auth_key","value":"$in_auth_key"},{"name":"in_app_name","value":"$in_app_name"},{"name":"in_profile_name","value":"$in_profile_name"},{"name":"in_posture_name","value":"$t_posture_name"},{"name":"in_assessment_period","value":"$in_assessment_period"},{"name":"in_version","value":"$in_version"}]},{"action":"if","name":"If_created","condition":"$c_create_posture.success","then":[{"action":"assign","name":"Assign_created","variable":"$result","value":"$t_posture_name"}],"else":[{"action":"system/Common/Array/Array Push","name":"ArrayPush_1","inputs":[{"name":"array","value":"$error"},{"name":"item","value":"$c_create_posture.error"}]}]}],"else":[]}, {"action":"assign","name":"Assign_sucess","variable":"$success","value":"$result !== \"\""}],"variables":[{"name":"in_auth_key","required":true,"isInput":true,"isOutput":false,"level":"INTERMEDIATE","type":{"type":"string"},"value":"\"\""},{"name":"in_app_name","required":true,"isInput":true,"isOutput":false,"level":"INTERMEDIATE","type":{"type":"string"},"value":"\"\""},{"name":"in_profile_name","required":true,"isInput":true,"isOutput":false,"level":"INTERMEDIATE","type":{"type":"string"},"value":"\"\""},{"name":"in_version","required":true,"isInput":true,"isOutput":false,"level":"INTERMEDIATE","type":{"type":"string"},"value":"\"\""},{"name":"in_assessment_period","required":true,"isInput":true,"isOutput":false,"level":"INTERMEDIATE","type":{"type":"string"},"value":"\"\""},{"name":"result","required":false,"isInput":false,"isOutput":true,"level":"INTERMEDIATE","type":{"type":"any"},"value":"\"\""},{"name":"success","required":false,"isInput":false,"isOutput":true,"level":"INTERMEDIATE","type":{"type":"boolean"},"value":"false"},{"name":"error","required":false,"isInput":false,"isOutput":true,"level":"INTERMEDIATE","type":{"type":"array"},"value":"[]"},{"name":"debug","required":false,"isInput":false,"isOutput":true,"level":"INTERMEDIATE","type":{"type":"array"},"value":"[]"},{"name":"t_posture_name","required":false,"isInput":false,"isOutput":false,"level":"INTERMEDIATE","type":{"type":"string"},"value":"\"\""}],"meta":{"workerGroup":"default","layout":"flow","version":5,"lastUpdated":1762450743093,"updatedByUsername":"ibmconcert","numberOfBlocks":11,"created":1762450743093},"finally":null}