{"name":"Discover certificates using Kubernetes API and ingest into IBM Concert","platform":"node","hash":"yLSxodCT0C2iG9gQxiE+lvLHAP/norVBnG8YOzdclgo=","blocks":[{"action":"system/Common/Status Message Update","name":"StatusMessageUpdate_Connecting","inputs":[{"name":"message","value":"\"Obtaining a list of certificates by Kubernetes API...\""}]}, {"action":"./discovery/List of Kubernetes certificates using Kubernetes API","name":"discover","inputs":[{"name":"auth","value":"$service_auth"}]}, {"action":"system/Common/Status Message Update","name":"StatusMessageUpdate_Connecting_1","inputs":[{"name":"message","value":"\"Creating a list of certificates fetched in JSON format...\""}]}, {"action":"foreach","name":"foreachDiscovered","list":"$discover.result","blocks":[{"action":"foreach","name":"foreachCertificate","list":"$foreachDiscovered.item.certificates","blocks":[{"action":"./helpers/Decode an X.509 Certificate","name":"decode","inputs":[{"name":"certificate","value":"$foreachCertificate.item"},{"name":"metadata","value":"{\n    \"service\": $foreachDiscovered.item.service,\n    \"file\": $foreachDiscovered.item.file\n}"}]},{"action":"system/Common/Array/Array Push","name":"ArrayPush_1","inputs":[{"name":"array","value":"$dataForFile"},{"name":"item","value":"$decode.result"}]}]}]}, {"action":"./helpers/Create a JSON of Kubernetes kubeadm Certificate","name":"createJSON","inputs":[{"name":"certificates","value":"$dataForFile"},{"name":"metadata","value":"$metadata"},{"name":"service_auth","value":"$service_auth"}]}, {"action":"./helpers/Ingest JSON Certificates Data into IBM Concert","name":"ingest","inputs":[{"name":"auth","value":"$concert_auth"},{"name":"json","value":"JSON.stringify($createJSON.result)"},{"name":"data_type","value":"\"certificate\""},{"name":"metadata","value":"$metadata"}]}, {"action":"assign","name":"ingestResult","variable":"$result","value":"$ingest.result"}],"variables":[{"name":"concert_auth","required":true,"isInput":true,"isOutput":false,"level":"INTERMEDIATE","type":{"type":"string"},"value":"\"Colocated\"","meta":{"description":"RNA Authentication for IBM Concert","authType":"IBM/ConcertAPIKey","subType":"authentication"}},{"name":"service_auth","required":true,"isInput":true,"isOutput":false,"level":"INTERMEDIATE","type":{"type":"string"},"value":"\"\"","meta":{"description":"RNA Authentication for SSH","authType":"Common/SSH","subType":"authentication"}},{"name":"metadata","required":true,"isInput":true,"isOutput":false,"level":"INTERMEDIATE","type":{"type":"object","properties":{"env_name":{"type":"string"}}},"value":"{}","meta":{"description":"A metadata containing environment (and eventually other information in future)"}},{"name":"dataForFile","required":false,"isInput":false,"isOutput":false,"level":"INTERMEDIATE","type":{"type":"array"},"value":"[]"},{"name":"result","required":false,"isInput":false,"isOutput":true,"level":"INTERMEDIATE","type":{"type":"any"},"value":"\"\"","meta":{"description":"The result of the ingestion flow is currently ignored and used only for debug purposes"}}],"meta":{"workerGroup":"default","created":1771275994824,"lastUpdated":1771276222087,"description":"This flow obtains a list of certificates in AWS Certificate Manager that is decoded, and then formed in JSON format and returned, ready to be ingested by IBM Concert","layout":"flat","updatedByUsername":"admin","numberOfBlocks":10,"version":5,"tags":[{"name":"Consumer","value":"Concert"},{"name":"Concert version","value":"2.3.0"},{"name":"Category","value":"Certificates"}]},"finally":null}