{"name":"Discover_Certificates_With_Active_Scan","platform":"node","hash":"Y++19fQmc3vkK+OkrPoaLOQM532cAMh67G/gvIuikw8=","blocks":[{"action":"if","name":"EnvironmentCheck","condition":"$environmentName != \"\"","then":[{"action":"comment","value":"Playbook to discover certificates"},{"action":"system/Ansible/Playbook","name":"CertificateScan","inputs":[{"name":"authKey","value":"$ansibleAuth"},{"name":"playbook","value":"`---\n- name: Discover cerificates using NMAP scan\n  hosts: canary\n  become: yes\n  gather_facts: yes\n  vars: \n    port_list: ${JSON.stringify($portArray)}\n\n  collections:\n    - ansible.utils\n\n  tasks:\n    - name: Install NMAP and Openssl\n      package:\n        name: \"{{ item }}\"\n        state: present\n      loop:\n        - nmap\n        - openssl\n\n    - name: Set nmap port array\n      set_fact:\n        nmap_ports: >-\n          {% if port_list | length == 0 %}\n          -p-\n          {% else %}\n          -p{{ port_list | join(',') }}\n          {% endif %}\n  \n    - name: Scan the subnet for input ports\n      shell: |\n        iface=$(ip route show default | awk '/default/ {print $5}')\n        cidr=$(ip -4 addr show \"$iface\" | awk '/inet / {print $2}')\n\n        nmap {{ nmap_ports }} --open \"$cidr\" -oG - | awk '\n          /^Host:/ {\n            ip = $2\n            ports_start = 0\n            for(i=1; i<=NF; i++) {\n              if ($i == \"Ports:\") {\n                ports_start = i + 1\n                break\n              }\n            }\n            if (ports_start == 0) next\n            ports_str = \"\"\n            for(j=ports_start; j<=NF; j++) {\n              ports_str = ports_str $j\n              if (j < NF) ports_str = ports_str \" \"\n            }\n            gsub(/: +/, \":\", ports_str)\n            gsub(/ +/, \"\", ports_str)\n            n = split(ports_str, arr, \",\")\n            for(k=1; k<=n; k++) {\n              split(arr[k], port_info, \"/\")\n              port_num = port_info[1]\n              state = port_info[2]\n              if (state == \"open\") {\n                print ip \":\" port_num\n              }\n            }\n          }\n        ' | sort -u\n      register: open_ips\n      changed_when: false\n\n    - name: Create list of IPs with open port\n      set_fact:\n        open_ip_list: \"{{ open_ips.stdout_lines }}\"\n\n    - name: Inspect certificate using openssl\n      shell: |\n        echo | openssl s_client -connect {{ item }} -servername {{ item.split(':')[0] }} 2>/dev/null | \\\n        awk '\n          BEGIN {found=0}\n          /BEGIN CERTIFICATE/ {found=1}\n          found {print}\n          /END CERTIFICATE/ {found=0; next}\n        '\n      loop: \"{{ open_ip_list }}\"\n      register: certs\n      changed_when: false\n      failed_when: false\n\n\n    - name: Create array of IP and certificate\n      set_fact:\n        certificate_ips_map: >-\n          {{\n            certificate_ips_map | default([]) +\n            (\n              item.stdout\n              | regex_findall('(?s)-----BEGIN CERTIFICATE-----.*?-----END CERTIFICATE-----')\n              | map('community.general.dict_kv', 'certificate')\n              | list\n              | map('combine', {'ips': item.item})\n              | list\n            )\n          }}\n\n      loop: \"{{ certs.results }}\"\n\n    - name: Print the certificate with IPs\n      debug:\n        var: certificate_ips_map\n        \n    \n`"}]},{"action":"comment","value":"Transform playbook response"},{"name":"TransformCertificateData","function":"function extractCertificateDetails(data) {\n    try {\n        if (Array.isArray(data.plays) && Array.isArray(data.plays[0].tasks) && data.plays[0].tasks.length > 7) {\n            const hostObject = data.plays[0].tasks[7].hosts;\n            const hostKey = Object.keys(hostObject)[0];\n\n            return {\n                \"status\": \"success\",\n                \"certificates\": hostObject[hostKey].certificate_ips_map\n            };\n        }\n    } catch (error) {\n        return {\n            \"status\": \"error\"\n        };\n    }\n};\n\n$result = extractCertificateDetails($CertificateScan.result)"},{"action":"if","name":"CetificateFetchCheck","condition":"$result.status === \"success\" && $result.certificates.length > 0","then":[{"action":"assign","name":"AssignCertificateArray","variable":"$discoveredCertificates","value":"$result.certificates"},{"action":"comment","value":"Loop over each discovered certificate"},{"action":"foreach","name":"LoopCertificates","list":"$discoveredCertificates","blocks":[{"action":"if","name":"CertificateCheck","condition":"$LoopCertificates.item != \"\" && $LoopCertificates.item.certificate != \"\" && $LoopCertificates.item.ips != \"\"","then":[{"name":"Function_1","function":"function extractHostIpAndPort(address) {\n    const [host, port] = address.split(\":\");\n\n    return {\n        \"host\": host || null,\n        \"port\": port || null\n    };\n};\n\n$IPAddressDetails = extractHostIpAndPort($LoopCertificates.item.ips)"},{"action":"assign","name":"AssignMetadata","variable":"$metadata","value":"{\n    \"source\": \"network_scan\",\n    \"api_server\": $IPAddressDetails.host\n}"},{"action":"comment","value":"Decode the certificate"},{"action":"system/Common/OpenSSL/Decode X509","name":"DecodeCertificate","inputs":[{"name":"data","value":"$LoopCertificates.item.certificate"}]}],"else":[{"action":"continue"}]},{"action":"comment","value":"Create certificate object for IBM Concert"},{"action":"assign","name":"AssignAccessPointData","variable":"$accessPointData","value":"{\n    \"name\": $IPAddressDetails.host,\n    \"is_public\": \"true\",\n    \"url\": `https://${$IPAddressDetails.host}:${$IPAddressDetails.port}`\n}"},{"name":"Function_2","function":"function createCertificateObject(rawData, metadata, address) {\n    return {\n        \"type\": \"certificate\",\n        \"ref\": `certificate:${rawData.serialNumber}`,\n        \"serial_number\": rawData.serialNumber,\n\n        \"properties\": [{\n            \"name\": \"subject\",\n            \"value\": JSON.stringify(rawData.subject)\n        }, {\n            \"name\": \"issuer\",\n            \"value\": JSON.stringify(rawData.issuer)\n        }, {\n            \"name\": \"namespace\",\n            \"value\": address.port\n        }, {\n            \"name\": \"validity_start_date\",\n            \"value\": convertDateToUTC(rawData.validFrom)\n        }, {\n            \"name\": \"validity_end_date\",\n            \"value\": convertDateToUTC(rawData.validTo)\n        }, {\n            \"name\": \"dns_names\",\n            \"value\": rawData.subject\n        }, {\n            \"name\": \"metadata\",\n            \"value\": JSON.stringify(metadata)\n        }],\n        \"access_points\": []\n    };\n};\n\nfunction convertDateToUTC(dateString) {\n    if (!dateString) {\n        return null;\n    }\n\n    const dt = new Date(dateString);\n    const year = dt.getUTCFullYear();\n    const month = String(dt.getUTCMonth() + 1).padStart(2, \"0\");\n    const day = String(dt.getUTCDate()).padStart(2, \"0\");\n    const hours = String(dt.getUTCHours()).padStart(2, \"0\");\n    const minutes = String(dt.getUTCMinutes()).padStart(2, \"0\");\n    const seconds = String(dt.getUTCSeconds()).padStart(2, \"0\");\n    return `${year}-${month}-${day} ${hours}:${minutes}:${seconds} +0000 UTC`;\n}\n\n$result = createCertificateObject($DecodeCertificate.result, $metadata, $IPAddressDetails)"},{"action":"system/Common/Array/Array Push","name":"PushAccessPointDetails","inputs":[{"name":"array","value":"$result.access_points"},{"name":"item","value":"$accessPointData"}]},{"name":"CreateCertData","action":"split","branches":[{"blocks":[{"action":"system/Common/Array/Array Push","name":"CreateDependency","inputs":[{"name":"array","value":"$certificateArr.dependencies[0].depends_on"},{"name":"item","value":"`certificate:${$DecodeCertificate.result.serialNumber}`"}]}]},{"blocks":[{"action":"system/Common/Array/Array Push","name":"CreateCertArr","inputs":[{"name":"array","value":"$certificateArr.components"},{"name":"item","value":"$result"}]}]}]},{"action":"comment","value":"Assign environment details"},{"action":"assign","name":"AssignEnvironment","value":"`environment:${$environmentName}`","variable":"$certificateArr.dependencies[0].ref"}]}],"else":[{"action":"assign","name":"CertificateFetchErr","variable":"$result","value":"{\n    \"status\": \"error\",\n    \"message\": \"error fetching certificates\"\n}"},{"action":"exit"}]},{"action":"comment","value":"Load the certificate data to IBM Concert"},{"action":"if","name":"CertificateArrCheck","condition":"$certificateArr.components.length > 0","then":[{"action":"./Helpers/Load_Batch_Certificate_Data","name":"LoadBatchData","inputs":[{"name":"certificateData","value":"$certificateArr"},{"name":"defaultBatchSize","value":"$defaultBatchSize"}]}],"else":[{"action":"assign","name":"NoCertErr","variable":"$result","value":"{\n    \"status\": \"error\",\n    \"message\": \"no certificate found to load\"\n}"},{"action":"exit"}]},{"action":"assign","name":"LoadDataResult","variable":"$result","value":"$LoadBatchData.result"}],"else":[{"action":"assign","name":"EnvNotFoundErr","variable":"$result","value":"{\n    \"status\": \"error\",\n    \"message\": \"environment name must not be empty\"\n}"}]}],"variables":[{"name":"result","required":false,"isInput":false,"isOutput":true,"level":"INTERMEDIATE","type":{"type":"object"},"value":"{}"},{"name":"ansibleAuth","required":true,"isInput":true,"isOutput":false,"level":"INTERMEDIATE","type":{"type":"string"},"value":"\"\"","meta":{"authType":"Ansible","subType":"authentication"}},{"name":"environmentName","required":true,"isInput":true,"isOutput":false,"level":"INTERMEDIATE","type":{"type":"string"},"value":"\"\""},{"name":"portArray","required":false,"isInput":true,"isOutput":false,"level":"INTERMEDIATE","type":{"type":"array"},"value":"[\"\"]"},{"name":"defaultBatchSize","required":false,"isInput":true,"isOutput":false,"level":"INTERMEDIATE","type":{"type":"number"},"value":"150"},{"name":"IPAddressDetails","required":false,"isInput":false,"isOutput":false,"level":"INTERMEDIATE","type":{"type":"object"},"value":"{}"},{"name":"metadata","required":false,"isInput":false,"isOutput":false,"level":"INTERMEDIATE","type":{"type":"object"},"value":"{}"},{"name":"discoveredCertificates","required":false,"isInput":false,"isOutput":false,"level":"INTERMEDIATE","type":{"type":"array"},"value":"[]"},{"name":"certificateArr","required":false,"isInput":false,"isOutput":false,"level":"INTERMEDIATE","type":{"type":"object"},"value":"{\n    \"components\": [],\n    \"dependencies\": [{\n        \"ref\": \"environment:\",\n        \"depends_on\": []\n    }]\n}"},{"name":"accessPointData","required":false,"isInput":false,"isOutput":false,"level":"INTERMEDIATE","type":{"type":"object"},"value":"{}"}],"meta":{"workerGroup":"default","created":1771276374939,"lastUpdated":1771276415490,"description":"This workflow discover the certificates using network scanning  and ingests the certificates into IBM Concert","layout":"flow","updatedByUsername":"admin","numberOfBlocks":35,"version":5,"tags":[{"name":"Consumer","value":"Concert"},{"name":"Concert version","value":"2.3.0"},{"name":"Category","value":"Certificates"}]},"finally":null}