{"name":"Renew kubeadm Certificates using SSH","platform":"node","hash":"tNOKOIEqd7UseOMnagzntXgNHC3MoKigf/aaDDRjYWg=","blocks":[{"name":"normalizeFileName","function":"const etcdFiles = [\"healthcheck-client\", \"peer\", \"server\"];\n\n$renewCommand = $certificate.metadata.rna_file;\n$renewCommand = $renewCommand.substring($renewCommand.lastIndexOf('/') + 1);\n$renewCommand = $renewCommand.replace(\".crt\", \"\");\n\nif(etcdFiles.includes($renewCommand)){\n    $renewCommand = \"etcd-\" + $renewCommand;\n}\n"}, {"action":"system/Common/SSH/SSH","name":"kubeadmRenew","inputs":[{"name":"authKey","value":"$service_auth"},{"name":"command","value":"`kubeadm certs renew ${$renewCommand}`"}]}, {"action":"if","name":"checkSuccess","condition":"$kubeadmRenew.result.includes(\"certificate\") && $kubeadmRenew.result.includes(\" renewed\")","then":[{"action":"assign","name":"assignSuccess","variable":"$result","value":"{\"success\": true, \"certificate\": $certificate}"}],"else":[{"action":"assign","name":"assignError","variable":"$result","value":"{\"success\": false}"}]}],"variables":[{"name":"service_auth","required":true,"isInput":true,"isOutput":false,"level":"INTERMEDIATE","type":{"type":"string"},"value":"\"\"","meta":{"authType":"Common/SSH","subType":"authentication"}},{"name":"certificate","required":true,"isInput":true,"isOutput":false,"level":"INTERMEDIATE","type":{"type":"object","properties":{"rna":{"type":"boolean","enum":[true]},"rna_service":{"type":"string","examples":["kubernetes_kubeadm"]},"rna_file":{"type":"string","examples":["/etc/kubernetes/pki/apiserver-kubelet-client.crt"]}}},"value":"{}"},{"name":"renewCommand","required":false,"isInput":false,"isOutput":false,"level":"INTERMEDIATE","type":{"type":"string"},"value":"\"\""},{"name":"result","required":false,"isInput":false,"isOutput":true,"level":"INTERMEDIATE","type":{"type":"any"},"value":"\"\""}],"meta":{"workerGroup":"default","created":1771275994646,"lastUpdated":1771276247478,"layout":"flow","updatedByUsername":"admin","numberOfBlocks":5,"version":5,"tags":[{"name":"Consumer","value":"Concert"},{"name":"Concert version","value":"2.3.0"},{"name":"Category","value":"Certificates"}]},"finally":null}