{"name":"Datadog_Resilence_Sample","platform":"node","hash":"RWSUgkhNShgytewrtCkDOeEBgU+4U0DBeEbWoX4I8hs=","blocks":[{"action":"comment","value":"Fetches the start and end time (from resilience )for which we need to find the metric"}, {"action":"./helper/FetchAssessmentTime","name":"FetchTimeWindow","inputs":[{"name":"concertAPIKey","value":"$concertAPIKey"},{"name":"applicationName","value":"$applicationName"},{"name":"profileName","value":"$profileName"},{"name":"origin","value":"$origin"},{"name":"origin_name","value":"$origin_name"},{"name":"defaultWindowSize","value":"$defaultWindowSize"}]}, {"action":"comment","value":"Error handling when timestamp is not been received "}, {"name":"TransformTimestamp","function":"function isEmpty(value) {\n    return value === null || value === undefined || value === \"\" || (typeof value === \"object\" && Object.keys(value).length === 0);\n};\n\nif (isEmpty($startTimestamp)) {\n    $startTimestamp = (Math.trunc(($FetchTimeWindow.result.startTimestamp) / 1000)).toString();\n}\n\nif (isEmpty($endTimestamp)) {\n    $endTimestamp = (Math.trunc(($FetchTimeWindow.result.endTimestamp) / 1000)).toString();\n    $endTime = $FetchTimeWindow.result.endTimestamp;\n}\n\nif ($startTimestamp === \"\" || $endTimestamp === \"\" || isNaN($endTime)) {\n    $result = \"Error\";\n} else {\n    $result = \"Success\";\n}"}, {"action":"if","name":"If","condition":"$result === \"Success\"","then":[{"action":"comment","value":"Fetches the metrics from datadog for given timestamp"},{"action":"./Get_Datadog_Metrics","name":"GetDatadogMetrics","inputs":[{"name":"syn_test_id","value":"$syn_test_id"},{"name":"service_name","value":"$service_name"},{"name":"startTimestamp","value":"$startTimestamp"},{"name":"endTimestamp","value":"$endTimestamp"},{"name":"env_name","value":"$env_name"},{"name":"datadog_auth","value":"$datadog_auth"}]},{"action":"comment","value":"Error handling for get_metrics (when no data for given timestamp)"},{"name":"MetricResultValidation","function":"if($GetDatadogMetrics.result.availabity_metrics.result.series.length === 0 && $GetDatadogMetrics.result.synthetic_test_metrics.result.results.length === 0 && $GetDatadogMetrics.result.throughput_metrics.result.series.length === 0 && $GetDatadogMetrics.result.latency_metrics.result.series.length === 0){\n    $result = \"Error\";\n} else {\n    $result = \"Success\";\n}"},{"action":"if","name":"If_1","condition":"$result === \"Success\"","then":[{"action":"comment","value":"Transform the metrics to send to evaluate api of resilience"},{"name":"TransformMetric","function":"function transformDatadogMetrics(result) {\n    const errorRateAvailability = getMaxTimeSeriesValue(result.availabity_metrics);\n    const syntheticTestPassRate = getSyntheticTestPassRate(result.synthetic_test_metrics);\n    const transactionsPerSec = getMaxTimeSeriesValue(result.throughput_metrics);\n    const maxLatency = getMaxTimeSeriesValue(result.latency_metrics);\n    const resultData = {};\n\n    if (errorRateAvailability > 0) {\n        resultData[\"pct_availability_by_error_rate\"] = String(((1 - errorRateAvailability) * 100).toFixed(2)), resultData[\"pct_slo_error_rate\"] = String((errorRateAvailability * 100).toFixed(2));\n    }\n\n    if (syntheticTestPassRate > 0) {\n        resultData[\"pct_availability_by_synthetic_tests\"] = String((syntheticTestPassRate * 100).toFixed(2)), resultData[\"pct_availability_by_region_by_synthetic_tests\"] = String((syntheticTestPassRate * 100).toFixed(2)), resultData[\"pct_availability_by_region_by_error_rate\"] = String((syntheticTestPassRate * 100).toFixed(2));\n    }\n\n    if (transactionsPerSec > 0) {\n        resultData[\"num_throughput_transactions\"] = String(transactionsPerSec);\n    }\n\n    if (maxLatency > 0) {\n        resultData[\"ms_slo_latency\"] = String(((maxLatency) * 1000).toFixed(2));\n    }\n\n    return {\n        data: resultData\n    };\n};\n\nfunction getMaxTimeSeriesValue(data) {\n    if (data.result.series.length > 0) {\n        const pointlist = data.result.series[0].pointlist;\n        const maxValue = Math.max(...pointlist.map(item => item[1]));\n        return maxValue;\n    } else {\n        return 0;\n    }\n}\n\nfunction getSyntheticTestPassRate(data) {\n    const totalResults = data.result.results.length;\n    const passedCount = data.result.results.filter(result => result.result.passed === true).length;\n    const passRate = passedCount / totalResults;\n    return passRate;\n}\n\n$result = transformDatadogMetrics($GetDatadogMetrics.result)"},{"action":"comment","value":"call evaluate api by passing the metrics got from datadog"},{"action":"./helper/LoadAssessments","name":"LoadAssessments","inputs":[{"name":"applicationName","value":"$applicationName"},{"name":"profileName","value":"$profileName"},{"name":"data","value":"$result.data"},{"name":"timestamp","value":"$endTime"},{"name":"origin_name","value":"$origin_name"},{"name":"origin_url","value":"$origin_url"},{"name":"concert_api_key_auth","value":"$concertAPIKey"},{"name":"applicationVersion","value":"$applicationVersion"},{"name":"origin","value":"$origin"}]},{"action":"comment","value":"When successful execution assessment id we get in ouput"},{"action":"assign","name":"FinalOutput","value":"$LoadAssessments.result","variable":"$result"}],"else":[{"action":"assign","name":"metric_err","variable":"$result","value":"{\n    \"status\": \"Error\",\n    \"message\": \"There is no data for the given timestamp\"\n}"}]}],"else":[{"action":"assign","name":"errorCase","value":"{\n    \"status\": \"Error\",\n    \"message\": \"Error while fetching assesment time window\"\n}","variable":"$result"}]}],"variables":[{"name":"result","required":false,"isInput":false,"isOutput":true,"level":"INTERMEDIATE","type":{"type":"any"},"value":"\"\""},{"name":"origin","required":true,"isInput":true,"isOutput":false,"level":"INTERMEDIATE","type":{"type":"string"},"value":"\"APM\""},{"name":"origin_name","required":true,"isInput":true,"isOutput":false,"level":"INTERMEDIATE","type":{"type":"string"},"value":"\"Datadog\""},{"name":"origin_url","required":true,"isInput":true,"isOutput":false,"level":"INTERMEDIATE","type":{"type":"string"},"value":"\"\""},{"name":"applicationVersion","required":true,"isInput":true,"isOutput":false,"level":"INTERMEDIATE","type":{"type":"string"},"value":"\"\""},{"name":"applicationName","required":true,"isInput":true,"isOutput":false,"level":"INTERMEDIATE","type":{"type":"string"},"value":"\"\""},{"name":"profileName","required":true,"isInput":true,"isOutput":false,"level":"INTERMEDIATE","type":{"type":"string"},"value":"\"nfr_critical_apps_profile\""},{"name":"defaultWindowSize","required":true,"isInput":true,"isOutput":false,"level":"INTERMEDIATE","type":{"type":"number"},"value":"30000"},{"name":"startTimestamp","required":false,"isInput":false,"isOutput":true,"level":"INTERMEDIATE","type":{"type":"string"},"value":"\"\""},{"name":"endTimestamp","required":false,"isInput":false,"isOutput":true,"level":"INTERMEDIATE","type":{"type":"string"},"value":"\"\""},{"name":"service_name","required":true,"isInput":true,"isOutput":false,"level":"INTERMEDIATE","type":{"type":"string"},"value":"\"\""},{"name":"env_name","required":true,"isInput":true,"isOutput":false,"level":"INTERMEDIATE","type":{"type":"string"},"value":"\"\""},{"name":"syn_test_id","required":true,"isInput":true,"isOutput":false,"level":"INTERMEDIATE","type":{"type":"string"},"value":"\"\""},{"name":"concertAPIKey","required":true,"isInput":true,"isOutput":false,"level":"INTERMEDIATE","type":{"type":"string"},"value":"\"\"","meta":{"authType":["Common/APIKey","IBM/HubSelf"],"subType":"authentication"}},{"name":"datadog_auth","required":true,"isInput":true,"isOutput":false,"level":"INTERMEDIATE","type":{"type":"string"},"value":"\"\"","meta":{"authType":"Datadog","subType":"authentication"}},{"name":"endTime","required":false,"isInput":false,"isOutput":true,"level":"INTERMEDIATE","type":{"type":"number"},"value":"0"}],"meta":{"workerGroup":"default","created":1758698413113,"lastUpdated":1762355797191,"description":"This workflow retrieves performance metrics from Datadog over a specified time period, calculates availability and error rates, and sends the processed data to the Concert Resilience evaluation API. ","layout":"flow","updatedByUsername":"ibmconcert","numberOfBlocks":18,"version":5},"finally":null}