{"name":"Decode an X.509 Certificate","platform":"node","hash":"0jbkiJ9+/tzEXyxUcFhwKQvhiWa7llbx7JLN65RFGNI=","blocks":[{"action":"system/Common/OpenSSL/Decode X509","name":"decodeCertificate","inputs":[{"name":"data","value":"$certificate"}]}, {"name":"snToDec","function":"try {\n    $decodeCertificate.result.serialNumber = BigInt(\"0x\" + $decodeCertificate.result.serialNumber).toString(10);\n}\ncatch(e){}"}, {"action":"assign","name":"assignMetadata","variable":"$decodeCertificate.result.metadata","value":"$metadata"}, {"action":"assign","name":"Assign_1","variable":"$result","value":"$decodeCertificate.result"}],"variables":[{"name":"certificate","required":false,"isInput":true,"isOutput":false,"level":"INTERMEDIATE","type":{"type":"string"},"value":"\"\""},{"name":"metadata","required":false,"isInput":true,"isOutput":false,"level":"INTERMEDIATE","type":{"type":"object"},"value":"{}"},{"name":"result","required":false,"isInput":false,"isOutput":true,"level":"INTERMEDIATE","type":{"type":"object"},"value":"{}"},{"name":"metadata_print","required":false,"isInput":false,"isOutput":true,"level":"INTERMEDIATE","type":{"type":"object"},"value":"{}"}],"meta":{"workerGroup":"default","created":1771277194301,"lastUpdated":1771277194301,"description":"A decoder for an X.509 certificate","layout":"flow","updatedByUsername":"admin","numberOfBlocks":4,"version":5},"finally":null}