{"name":"Create_JSON_of_Certificate","platform":"node","hash":"UJGqJ/dVyFcAJZgbcaBA858nPj0WQf5ckRtve/OScYU=","blocks":[{"action":"if","name":"checkEnvName","condition":"$env_name != \"\"","then":[{"action":"assign","name":"assignEnv","variable":"$result.dependencies[0].ref","value":"\"environment:\" + $env_name"}],"else":[]}, {"name":"Function_1","function":"const jsonString = $certificates.join(\"\\n\");\n$newcertificates = JSON.parse(jsonString);\n\n ","skipped":true}, {"action":"foreach","name":"foreachCertificates","list":"$certificates","blocks":[{"action":"system/Common/Status Message Update","name":"StatusMessageUpdate_Checking_Metadata_1","inputs":[{"name":"message","value":"\"Converting certificate \"+$foreachCertificates.index+\" out of \"+$foreachCertificates.count+\"...\""}]},{"name":"Function_2","function":"$isca = $foreachCertificates.item.CertificateType === \"CA\";"},{"action":"assign","name":"AssignMetadata","value":"{\n    \"api_server\": $api_server + \"-\" + $foreachCertificates.item.keystore_path\n}","variable":"$tempRnaMetadata"},{"name":"Function_3","function":"let value = {}\n\nvalue[$api_server + \"-\" + $foreachCertificates.item.keystore_path + \"-\" + $foreachCertificates.item.alias] = {\n    \"alias\" : $foreachCertificates.item.alias,\n    \"server\" : $api_server,\n    \"keystore_path\" : $foreachCertificates.item.keystore_path\n}\n\n$additionalData = value"},{"name":"utcDT","function":"const validFrom = $foreachCertificates.item.validFrom ? convertDateToUTC($foreachCertificates.item.validFrom) : null;\nconst validTo = $foreachCertificates.item.validTo ? convertDateToUTC($foreachCertificates.item.validTo) : null;\n\n$tempUtc = [validFrom, validTo];\n\nfunction convertDateToUTC(dateString) {\n    if (!dateString) {\n        return null;\n    }\n\n    const dt = new Date(dateString); // This will handle time zone conversion automatically\n\n    if (isNaN(dt.getTime())) {\n        return null; // Invalid date\n    }\n\n    const year = dt.getUTCFullYear();\n    const month = String(dt.getUTCMonth() + 1).padStart(2, '0');\n    const day = String(dt.getUTCDate()).padStart(2, '0');\n    const hours = String(dt.getUTCHours()).padStart(2, '0');\n    const minutes = String(dt.getUTCMinutes()).padStart(2, '0');\n    const seconds = String(dt.getUTCSeconds()).padStart(2, '0');\n\n    return `${year}-${month}-${day} ${hours}:${minutes}:${seconds} +0000 UTC`;\n}\n"},{"action":"system/Common/Array/Array Push","name":"fillSBOMData","inputs":[{"name":"array","value":"$result.components"},{"name":"item","value":"{\n    \"type\": \"certificate\",\n\n    \"ref\": String(\n        \"certificate:\" + ($foreachCertificates.item.serialNumber ? $foreachCertificates.item.serialNumber : \"\")\n    ),\n    \"serial_number\": $foreachCertificates.item.serialNumber ? $foreachCertificates.item.serialNumber : \"\",\n\n    \"properties\": [{\n        \"name\": \"subject\",\n        \"value\": $foreachCertificates.item.subject ? $foreachCertificates.item.subject : \"\"\n    }, {\n        \"name\": \"namespace\",\n        \"value\": $foreachCertificates.item.alias ? $foreachCertificates.item.alias : \"\"\n    }, {\n        \"name\": \"issuer\",\n        \"value\": $foreachCertificates.item.issuer ? $foreachCertificates.item.issuer : \"\"\n    }, {\n        \"name\": \"description\",\n        \"value\": $foreachCertificates.item.CertificateType ? $foreachCertificates.item.CertificateType : \"\"\n    }, {\n        \"name\": \"certificate_type\",\n        \"value\": $foreachCertificates.item.CertificateType\n    }, {\n        \"name\": \"validity_start_date\",\n        \"value\": $tempUtc[0]\n    }, {\n        \"name\": \"validity_end_date\",\n        \"value\": $tempUtc[1]\n    }, {\n        \"name\": \"dns_names\",\n        \"value\": $foreachCertificates.item.DnsNameList && $foreachCertificates.item.DnsNameList.length > 0 ? \"\\\"\" + $foreachCertificates.item.DnsNameList.join(\", \") + \"\\\"\" : \"\"\n    }, {\n        \"name\": \"metadata\",\n        \"value\": JSON.stringify($tempRnaMetadata)\n    }, {\n        \"name\": \"additional_data\",\n        \"value\": JSON.stringify($additionalData)\n    }]\n}"}]},{"action":"system/Common/Array/Array Push","name":"addDependency","inputs":[{"name":"array","value":"$result.dependencies[0].depends_on"},{"name":"item","value":"String(\"certificate:\" + ($foreachCertificates.item.serialNumber ? $foreachCertificates.item.serialNumber : \"\"))"}]}]}, {"action":"./Ingest_JSON_Certificates_to_IBM Concert","name":"ingest","inputs":[{"name":"json","value":"JSON.stringify($result)"},{"name":"data_type","value":"\"certificate\""}]}, {"action":"assign","name":"Assign_2","variable":"$result","value":"$ingest.result"}],"variables":[{"name":"certificates","required":true,"isInput":true,"isOutput":false,"level":"INTERMEDIATE","type":{"type":"array"},"value":"[]"},{"name":"tempUtc","required":false,"isInput":false,"isOutput":false,"level":"INTERMEDIATE","type":{"type":"array"},"value":"[]"},{"name":"tempRnaMetadata","required":false,"isInput":false,"isOutput":false,"level":"INTERMEDIATE","type":{"type":"object"},"value":"{\n    \"rna\": true,\n}"},{"name":"result","required":false,"isInput":false,"isOutput":true,"level":"INTERMEDIATE","type":{"type":"object"},"value":"{\n    \"components\": [],\n    \"dependencies\": [{\n        \"ref\": \"environment: $env_name\",\n        \"depends_on\": []\n    }]\n}"},{"name":"newcertificates","required":false,"isInput":false,"isOutput":false,"level":"INTERMEDIATE","type":{"type":"array"},"value":"[]"},{"name":"env_name","required":false,"isInput":true,"isOutput":false,"level":"INTERMEDIATE","type":{"type":"string"},"value":"\"\""},{"name":"api_server","required":false,"isInput":true,"isOutput":false,"level":"INTERMEDIATE","type":{"type":"string"},"value":"\"\""},{"name":"isca","required":false,"isInput":false,"isOutput":false,"level":"INTERMEDIATE","type":{"type":"boolean"},"value":"false"},{"name":"additionalData","required":false,"isInput":false,"isOutput":false,"level":"INTERMEDIATE","type":{"type":"object"},"value":"{}"}],"meta":{"workerGroup":"default","created":1762414275369,"lastUpdated":1762414275369,"description":"Creates a JSON of  certificate, while converting timestamp from GMT to UTC","layout":"flow","updatedByUsername":"ibmconcert","numberOfBlocks":13,"version":5},"finally":null}