{"name":"Ingest_JSON_Certificates_to_IBM Concert","platform":"node","hash":"dD1uuLrEx26YRZGm3lNVNKHTmsNVn6FWb2JBKxPu8Z8=","blocks":[{"action":"comment","value":"Certificate upload to Concert"}, {"action":"system/IBM/Concert/Import Data/Upload Files to Concert","name":"uploadFile","inputs":[{"name":"file","value":"{\n    \"data_type\": $data_type,\n    \"filename\": $json\n}"},{"name":"fileType","value":"\"json\""}]}, {"action":"assign","name":"Assign_1","variable":"$result","value":"$uploadFile.result"}],"variables":[{"name":"json","required":true,"isInput":true,"isOutput":false,"level":"INTERMEDIATE","type":{"type":"string"},"value":"\"\""},{"name":"data_type","required":true,"isInput":true,"isOutput":false,"level":"INTERMEDIATE","type":{"type":"string"},"value":"\"certificate\""},{"name":"result","required":false,"isInput":false,"isOutput":true,"level":"INTERMEDIATE","type":{"type":"any"},"value":"\"\""}],"meta":{"workerGroup":"default","created":1762414276082,"lastUpdated":1762414276082,"description":"Ingest certificates data into IBM Concert","layout":"flow","updatedByUsername":"ibmconcert","numberOfBlocks":3,"version":5},"finally":null}