{"name":"Prometheus_NFR_workflow","platform":"node","hash":"5rviRILuAp6rvt6+53HdZyZolJddESd6mhezrN6b8o4=","blocks":[{"action":"./FetchAssessmentTime","name":"FetchTimeWindow","inputs":[{"name":"applicationName","value":"\"concert\""},{"name":"profileName","value":"$in_profile_name"},{"name":"origin","value":"\"APM\""},{"name":"origin_name","value":"\"Prometheus\""},{"name":"defaultWindowSize","value":"30000"}]}, {"name":"Function_3","function":"function isEmpty(value) {\n    return value === null || value === undefined || value === \"\" || (typeof value === \"object\" && Object.keys(value).length === 0);\n};\n\nif (isEmpty($startTimestamp)) {\n    $startTimestamp = String(Math.trunc(Number($FetchTimeWindow.result.startTimestamp) / 1000));\n}\n\nif (isEmpty($endTimestamp)) {\n    $endTimestamp = String(Math.trunc(Number($FetchTimeWindow.result.endTimestamp) / 1000));\n    $endTime = Number($FetchTimeWindow.result.endTimestamp);\n} else {\n    $endTime = Number($endTimestamp) * 1000;\n}\n\nif ($startTimestamp === \"\" || $endTimestamp === \"\" || isNaN($endTime)) {\n    $result = \"Error\";\n} else {\n    $result = \"Success\";\n}"}, {"action":"system/Prometheus/HTTP/Default/Returns Current Target Discovery","name":"Prometheus_1","inputs":[{"name":"authKey","value":"$service_auth"}]}, {"action":"assign","name":"Assign_3","variable":"$discovery","value":"$Prometheus_1"}, {"action":"comment","value":"Parses Prometheus discovery response to extract list of available scrape targets."}, {"name":"target_list","function":"var src = $discovery || {};\nvar root = (src.json || src.result || src) || {};\nvar data = root.data || {};\nvar active = Array.isArray(data.activeTargets) ? data.activeTargets : [];\n\n// Collect all discovered targets from Prometheus\nvar allTargets = [];\nfor (var i = 0; i < active.length; i++) {\n  var t = active[i] || {};\n  var dl = t.discoveredLabels || {};\n  var labels = t.labels || {};\n\n  var path = dl[\"__metrics_path__\"] || \"/metrics\";\n  if (path === \"/probe\") continue;\n\n  var url = t.globalUrl || t.scrapeUrl || null;\n  if (!url && labels[\"instance\"]) {\n    var inst = labels[\"instance\"];\n    var hasProto = /^https?:\\/\\//.test(inst);\n    url = (hasProto ? inst : (\"http://\" + inst)) + path;\n  }\n  if (!url || !/^https?:\\/\\//.test(url)) continue;\n\n  allTargets.push({\n    url: url,\n    job: (labels[\"job\"] || dl[\"job\"] || \"\").toLowerCase(),\n    version: labels[\"version\"] || dl[\"version\"] || null,\n    instance: labels[\"instance\"] || dl[\"__address__\"] || \"\",\n    health: t.health || \"unknown\"\n  });\n}\n\n// ---- Match only input apps ----\nvar inputApps = Array.isArray($application_name_version) ? $application_name_version : [];\nvar reachable = [], unreachable = [];\n\nfor (var a = 0; a < inputApps.length; a++) {\n  var app = inputApps[a];\n  var mappings = Array.isArray(app.mapping) ? app.mapping : [];\n\n  for (var m = 0; m < mappings.length; m++) {\n    var map = mappings[m];\n    if (map.tool !== \"prometheus\") continue;\n\n    var jobName = (map.job_name || \"\").toLowerCase();\n\n    // Filter Prometheus targets only for this job\n    var jobTargets = allTargets.filter(t => t.job === jobName);\n\n    if (jobTargets.length > 0) {\n      // Found in Prometheus → check health\n      for (var j = 0; j < jobTargets.length; j++) {\n        var target = jobTargets[j];\n        var item = {\n          url: target.url,\n          job: target.job,\n          version: target.version,\n          instance: target.instance,\n          health: target.health,\n          concert_app_name: app.concert_app_name,\n          concert_app_version: app.concert_app_version,\n          reachable: (target.health.toLowerCase() === \"up\"),\n          reason: (target.health.toLowerCase() === \"up\") ? \"\" : \"Application not reachable from Prometheus\"\n        };\n\n        if (item.reachable) reachable.push(item);\n        else unreachable.push(item);\n      }\n    } else {\n      // Input app not found at all in Prometheus\n      unreachable.push({\n        url: null,\n        job: map.job_name,\n        version: null,\n        instance: null,\n        health: \"down\",\n        concert_app_name: app.concert_app_name,\n        concert_app_version: app.concert_app_version,\n        reachable: false,\n        reason: \"Application not found in Prometheus discovery\"\n      });\n    }\n  }\n}\n\n// ---- Outputs ----\n$targets = reachable;           \n$unReachableTargets = unreachable; \n$now = Math.floor(Date.now() / 1000);\n"}, {"action":"comment","value":"Matches Prometheus targets (job, version) with Concert application mappings"}, {"name":"getMatchedTargets","function":"function getMatchedTargets(targets, applicationAppVersion) {\n    const matchedJobs = [];\n\n    if (!Array.isArray(targets) || targets.length === 0) {\n        return [];\n    }\n\n    if (!Array.isArray(applicationAppVersion) || applicationAppVersion.length === 0) {\n        return [];\n    }\n\n    for (const app of applicationAppVersion) {\n        if (!app.mapping || !Array.isArray(app.mapping)) {\n            continue;\n        }\n\n        for (const mapping of app.mapping) {\n            const {\n                job_name\n            } = mapping;\n\n            const matchedTarget = targets.find(target => target.job === job_name);\n\n            if (matchedTarget) {\n                matchedJobs.push({\n                    ...matchedTarget,\n                    concert_app_name: app.concert_app_name,\n                    concert_app_version: app.concert_app_version\n                });\n            }\n        }\n    }\n\n    return matchedJobs;\n};\n\n$targets = getMatchedTargets($targets, $application_name_version)"}, {"action":"if","name":"If_2","condition":"$targets && $targets.length === 0 && $application_name_version && $application_name_version.length === 1 && $unReachableTargets && $unReachableTargets.length === 1","then":[{"name":"Function_5","function":"throw new Error(\"Application is down. Prometheus cannot scrape metrics.\");\n"}],"else":[{"action":"if","name":"If_1","condition":"$targets.length != 0","then":[{"action":"comment","value":"Iterates over each discovered and matched Prometheus target for metrics collection."},{"action":"foreach","name":"ForEach_target","list":"$targets","blocks":[{"name":"buildPromQueryForNFR","function":"// // ---------- buildPromQueryForNFR (FINAL) ----------\n\nvar instance = $ForEach_target?.item?.instance;\nif (!instance) {\n  $promQuery = \"\";\n  $statusMessage = \"⚠️ No instance provided.\";\n  return;\n}\n\n\nvar appMetricRegex = [\n  \"up\",\n\n  // HTTP app histograms\n  \"request_duration_seconds_bucket\",\n  \"http_server_requests_seconds_bucket\",\n  \"flask_http_request_duration_seconds_bucket\",\n  \"request_duration_seconds_count\",\n  \"http_server_requests_seconds_count\",\n  \"flask_http_request_duration_seconds_count\",\n\n  // NodeJS\n  \"nodejs_eventloop_lag_seconds\",\n  \"nodejs_active_requests_total\",\n  \"nodejs_heap_size_used_bytes\",\n  \"nodejs_heap_size_total_bytes\",\n\n  // JVM\n  \"jvm_memory_used_bytes\",\n  \"jvm_memory_max_bytes\",\n  \"jvm_gc_pause_seconds_sum\",\n  \"jvm_gc_pause_seconds_count\",\n\n  // Process\n  \"process_open_fds\",\n  \"process_start_time_seconds\",\n  \"process_cpu_seconds_total\",\n  \"process_max_fds\",\n\n  // Python\n  \"python_gc_objects_collected_total\",\n\n  // ---------- BLACKBOX EXPORTER ----------\n  \"probe_success\",\n  \"probe_duration_seconds\",\n  \"probe_http_status_code\",\n  \"probe_dns_lookup_time_seconds\",\n  \"probe_tcp_connect_duration_seconds\",\n  \"probe_ssl_earliest_cert_expiry\"\n].join(\"|\");\n\nvar startMs = Number($startTimestamp);\nvar endMs   = Number($endTimestamp);\n\nvar diffSec = 60;\nif (startMs > 0 && endMs > startMs) {\n  diffSec = Math.floor((endMs - startMs) / 1000);\n  if (diffSec < 60) diffSec = 60;\n}\n\nvar offsetLiteral = diffSec + \"s\";\nvar halfOffsetLiteral = Math.floor(diffSec / 2) + \"s\";\n\nvar appPart =\n  \"avg by (__name__, status_code, method, service, le, device, mountpoint, fstype) (\" +\n    \"{instance=\\\"\" + instance + \"\\\",\" +\n    \"__name__=~\\\"\" + appMetricRegex + \"\\\"} offset \" + offsetLiteral +\n  \")\";\n\n\n// ---------- Node Exporter Metrics (RAW, WITH offset) ----------\nvar nodeMetricRegex = [\n  \"node_filesystem_size_bytes\",\n  \"node_filesystem_avail_bytes\",\n  \"node_memory_SwapTotal_bytes\",\n  \"node_memory_SwapFree_bytes\",\n  \"node_netstat_Tcp_CurrEstab\"\n].join(\"|\");\n\n// ⚠️ NO avg() here → must return RAW so parseMetrics maps them correctly\nvar nodePart =\n  \"({instance=\\\"\" + instance + \"\\\",\" +\n  \"__name__=~\\\"\" + nodeMetricRegex + \"\\\"} offset \" + halfOffsetLiteral + \" or \" +\n  \"{instance=\\\"\" + instance + \"\\\",\" +\n  \"__name__=~\\\"\" + nodeMetricRegex + \"\\\"} offset \" + offsetLiteral + \")\";\n// ---------- Final Query ----------\nvar promQL = appPart + \" OR \" + nodePart;\n\n$promQuery = promQL;\n$statusMessage = \"✅ Built NFR PromQL with raw node exporter metrics offset=\" + offsetLiteral;\n"},{"action":"system/Prometheus/HTTP/Expression Query/Evaluates Instant Query","name":"metricAvgQuery1","inputs":[{"name":"authKey","value":"$service_auth"},{"name":"query","value":"$promQuery"}]},{"action":"assign","name":"Assign_7","variable":"$metricData","value":"$metricAvgQuery1.result"},{"name":"collectMetricAverages","function":"// ---------- collectCombinedResults.js (FINAL for avg(sum by)) ----------\n\nvar url = $ForEach_target?.item?.url || \"unknown\";\n\n// Choose result from your instant-query node:\nvar promResult = ($metricAvgQuery1 && $metricAvgQuery1.result) || {};\n\nvar avgMap = $avgMetricsByUrl || {};\navgMap[url] = avgMap[url] || {};\n\nif (promResult?.data?.result?.length) {\n  for (var i = 0; i < promResult.data.result.length; i++) {\n    var r = promResult.data.result[i];\n\n    var value = null;\n\n    // Instant vectors → value[]\n    if (r.value && r.value.length > 1) {\n      value = Number(r.value[1]);\n    }\n\n    if (value != null) {\n      avgMap[url][i] = {\n        value: value,\n        metric: r.metric || {}\n      };\n    }\n  }\n}\n\n$avgMetricsByUrl = avgMap;\n$statusMessage = `Collected ${promResult?.data?.result?.length || 0} metrics for ${url}`;\n"},{"name":"parseMetrics","function":"// ---------- parseMetrics (FINAL with full Prometheus support) ----------\n\nvar target = $ForEach_target?.item || {};\nvar url = target.url || \"unknown\";\nvar rawMap = $avgMetricsByUrl?.[url] || {};\n\n// helper: safe string tests\nfunction hasSubstr(s, pat) {\n  return !!s && typeof s === \"string\" && s.indexOf(pat) !== -1;\n}\n\n// normalize mapping: raw metric name -> canonical name used by computeAllNFRs\nfunction normalizeName(rawName, labels) {\n  if (!rawName) return \"unknown_metric\";\n\n  // --------------------------------------------------------------------\n  //                  PROMETHEUS SERVER → treat like HTTP APP\n  // --------------------------------------------------------------------\n\n  // Histogram buckets → latency\n  if (rawName.indexOf(\"prometheus_http_request_duration_seconds_bucket\") === 0)\n    return \"http_latency_bucket\";\n\n  // Histogram count → use http_status_total\n  if (rawName.indexOf(\"prometheus_http_request_duration_seconds_count\") === 0)\n    return \"http_status_total\";\n\n  // Histogram sum → also latency helper\n  if (rawName.indexOf(\"prometheus_http_request_duration_seconds_sum\") === 0)\n    return \"http_latency_sum\";\n\n  // Prometheus engine query duration (summary)\n  if (rawName.indexOf(\"prometheus_engine_query_duration_seconds\") === 0)\n    return \"prometheus_query_duration\";\n\n  // Active Prometheus queries\n  if (rawName.indexOf(\"prometheus_engine_queries\") === 0)\n    return \"prometheus_engine_queries\";\n\n  // --------------------------------------------------------------------\n  //                       UNIVERSAL APP HTTP METRICS\n  // --------------------------------------------------------------------\n  if (hasSubstr(rawName, \"request_duration_seconds_bucket\") ||\n      hasSubstr(rawName, \"http_server_requests_seconds_bucket\") ||\n      hasSubstr(rawName, \"flask_http_request_duration_seconds_bucket\"))\n    return \"http_latency_bucket\";\n\n  if (hasSubstr(rawName, \"request_duration_seconds_count\") ||\n      hasSubstr(rawName, \"http_server_requests_seconds_count\") ||\n      hasSubstr(rawName, \"flask_http_request_duration_seconds_count\") ||\n      hasSubstr(rawName, \"http_requests_total\"))\n    return \"http_status_total\";\n\n  // --------------------------------------------------------------------\n  //                       NODEJS RUNTIME METRICS\n  // --------------------------------------------------------------------\n  if (hasSubstr(rawName, \"nodejs_eventloop_lag\"))\n    return \"eventloop_lag\";\n\n  if (hasSubstr(rawName, \"nodejs_heap_size_used\") ||\n      hasSubstr(rawName, \"nodejs_heap_size_total\") ||\n      hasSubstr(rawName, \"nodejs_heap\"))\n    return \"nodejs_heap\";\n\n  if (hasSubstr(rawName, \"nodejs_active_requests_total\"))\n    return \"nodejs_active_requests_total\";\n\n  // --------------------------------------------------------------------\n  //                            JVM METRICS\n  // --------------------------------------------------------------------\n  if (hasSubstr(rawName, \"jvm_memory_\"))\n    return \"jvm_memory\";\n\n  if (hasSubstr(rawName, \"jvm_gc_\"))\n    return \"jvm_gc\";\n\n  // --------------------------------------------------------------------\n  //                     NODE EXPORTER METRIC NORMALIZATION\n  // --------------------------------------------------------------------\n  if (rawName === \"node_filesystem_size_bytes\") return \"filesystem_size\";\n  if (rawName === \"node_filesystem_avail_bytes\") return \"filesystem_avail\";\n  if (rawName === \"node_memory_SwapTotal_bytes\") return \"swap_total\";\n  if (rawName === \"node_memory_SwapFree_bytes\") return \"swap_free\";\n  if (rawName === \"node_netstat_Tcp_CurrEstab\") return \"tcp_connections\";\n  if (rawName === \"process_open_fds\") return \"open_fds\";\n\n  // --------------------------------------------------------------------\n  //                       PROCESS METRICS\n  // --------------------------------------------------------------------\n  if (rawName === \"process_start_time_seconds\") return \"process_start_time_seconds\";\n  if (rawName === \"process_cpu_seconds_total\") return \"process_cpu_seconds_total\";\n  if (rawName === \"process_max_fds\") return \"process_max_fds\";\n\n  // Uptime check\n  if (rawName === \"up\") return \"up\";\n\n  // Fallback: raw name\n  return rawName;\n}\n\n// ---------------------- BUILD NORMALIZED MAP ----------------------\nvar normalized = {};\nvar rawKeys = Object.keys(rawMap || {});\n\nfor (var i = 0; i < rawKeys.length; i++) {\n  var k = rawKeys[i];\n  var entry = rawMap[k] || {};\n  var labels = entry.metric || {};\n  var val = entry.value;\n\n  if (typeof val === \"string\" && val !== \"\") val = Number(val);\n  if (val == null && entry.values && entry.values.length)\n    val = Number(entry.values[entry.values.length - 1][1]);\n\n  var origName = labels.__name__ || k;\n  var normName = normalizeName(String(origName), labels);\n\n  normalized[normName] = normalized[normName] || [];\n  normalized[normName].push({\n    value: Number(val || 0),\n    labels: labels || {}\n  });\n}\n\n// ---------------------- SAVE OUTPUT ----------------------\n$metricsByUrl = $metricsByUrl || {};\n$metricsByUrl[url] = normalized;\n\n$metaData = $metaData || {};\n$metaData[url] = {\n  job: target.job || \"\",\n  instance: target.instance || \"\",\n  concert_app_name: target.concert_app || target.job || \"\",\n  concert_app_version: target.concert_app_version || target.version || \"\"\n};\n\n$nfrDebug = $nfrDebug || {};\n$nfrDebug[url] = {\n  rawCount: rawKeys.length,\n  normalizedKeys: Object.keys(normalized)\n};\n\n$statusMessage = \"Parsed \" + Object.keys(normalized).length + \" metric groups for \" + url;\n"},{"action":"comment","value":"Applies calculation logic for each NFR"},{"name":"computeAllNFRs","function":"// ---------- computeAllNFRs (GENERIC, METRIC-DRIVEN, NO HARDCODED RUNTIMES) ----------\n\nfunction first(a) {\n  return (a && a.length) ? Number(a[0].value) : null;\n}\nfunction has(m, k) {\n  return !!(m && m[k] && m[k].length);\n}\nfunction sumVals(arr) {\n  if (!arr || !arr.length) return 0;\n  return arr.reduce((s, it) => s + Number(it.value || 0), 0);\n}\n\nvar parsed = $metricsByUrl || {};\nvar metaMap = $metaData || {};\nvar now = $now || Math.floor(Date.now() / 1000);\nvar out = [];\nvar newPrev = {};\n\nfor (var url in parsed) {\n\n  var m = parsed[url];\n  var meta = metaMap[url] || {};\n\n  var instance = meta.instance || \"\";\n  var job = meta.job || meta.concert_app_name || \"\";\n  var concert_app = meta.concert_app_name || job;\n  var version = meta.concert_app_version || meta.version || \"\";\n  var concert_version = meta.concert_app_version || version;\n\n  var N = {};\n\n  // Always compute availability\n  N[\"Application Availability\"] = Object.keys(m).length > 0 ? 100 : null;\n\n  // ======================================================\n  // 1️⃣ HTTP LATENCY (p95) → for all HTTP systems including Prometheus\n  // ======================================================\n  if (has(m, \"http_latency_bucket\")) {\n    N[\"Latency SLO\"] = first(m[\"http_latency_bucket\"]);\n  }\n\n  // ======================================================\n  // 2️⃣ HTTP STATUS COUNTS → for REST apps & any HTTP exposing status_code\n  // ======================================================\n  if (has(m, \"http_status_total\")) {\n    var total = 0, err = 0, c4 = 0;\n    var arr = m[\"http_status_total\"];\n\n    for (var i = 0; i < arr.length; i++) {\n      var v = Number(arr[i].value || 0);\n      var sc = arr[i].labels.status_code;\n\n      total += v;\n\n      if (sc && (sc.startsWith(\"4\") || sc.startsWith(\"5\")))\n        err += v;\n\n      if (sc && sc.startsWith(\"4\"))\n        c4 += v;\n    }\n\n    N[\"Error Rate SLO\"] = total > 0 ? (err / total) * 100 : null;\n    N[\"Highest Error Rate\"] = N[\"Error Rate SLO\"];\n    N[\"4xx Errors\"] = c4;\n  }\n\n  // ======================================================\n  // 3️⃣ FILESYSTEM DISK USAGE (node_exporter, sidecars, infra agents)\n  // ======================================================\n  if (has(m, \"filesystem_size\") && has(m, \"filesystem_avail\")) {\n    var tot = sumVals(m[\"filesystem_size\"]);\n    var avail = sumVals(m[\"filesystem_avail\"]);\n    N[\"Disk Space Usage\"] = tot > 0 ? ((tot - avail) / tot) * 100 : null;\n  }\n\n  // ======================================================\n  // 4️⃣ SWAP USAGE\n  // ======================================================\n  if (has(m, \"swap_total\") && has(m, \"swap_free\")) {\n    var st = first(m[\"swap_total\"]);\n    var sf = first(m[\"swap_free\"]);\n    N[\"Swap Space Usage\"] = (st > 0 && sf != null) ? ((st - sf) / st) * 100 : null;\n  }\n\n  // ======================================================\n  // 5️⃣ Open FDs\n  // ======================================================\n  if (has(m, \"open_fds\")) {\n    N[\"Open File Descriptors\"] = first(m[\"open_fds\"]);\n  }\n\n  // ======================================================\n  // 6️⃣ Active TCP Connections (node_exporter, services)\n  // ======================================================\n  if (has(m, \"tcp_connections\")) {\n    N[\"Active Connections\"] = first(m[\"tcp_connections\"]);\n  }\n\n  // ======================================================\n  // 7️⃣ NodeJS Heap Usage %\n  // ======================================================\n  if (has(m, \"nodejs_heap\")) {\n    var used = first(m[\"nodejs_heap\"]);\n    var total = (m[\"nodejs_heap\"].length > 1) ? Number(m[\"nodejs_heap\"][1].value) : null;\n    N[\"Heap Memory Usage %\"] = (used && total > 0) ? (used / total) * 100 : null;\n  }\n\n  // ======================================================\n  // 8️⃣ NodeJS Event Loop Lag\n  // ======================================================\n  if (has(m, \"eventloop_lag\")) {\n    N[\"Event Loop Lag (s)\"] = first(m[\"eventloop_lag\"]);\n  }\n\n  // ======================================================\n  // 9️⃣ Active Requests (NodeJS)\n  // ======================================================\n  if (has(m, \"nodejs_active_requests_total\")) {\n    N[\"Active Requests\"] = first(m[\"nodejs_active_requests_total\"]);\n  }\n\n  // ======================================================\n  // 🔟 JVM Memory Usage %\n  // ======================================================\n  if (has(m, \"jvm_memory\")) {\n    var jvm = sumVals(m[\"jvm_memory\"]);\n    N[\"JVM Memory Usage %\"] = jvm > 0 ? jvm / 1_000_000 : null;\n  }\n\n  // ======================================================\n  // 1️⃣1️⃣ Prometheus Engine Metrics (NO APP NAME CHECK)\n  // ======================================================\n  if (has(m, \"prometheus_engine_queries\")) {\n    N[\"Active Prometheus Queries\"] = first(m[\"prometheus_engine_queries\"]);\n  }\n\n  if (has(m, \"prometheus_query_duration\")) {\n    N[\"Prometheus Query Engine Latency\"] = first(m[\"prometheus_query_duration\"]);\n  }\n\n  // ======================================================\n  // PUSH OUTPUT\n  // ======================================================\n  out.push({\n    url,\n    instance,\n    job,\n    concert_app,\n    version,\n    concert_version,\n    at: now,\n    NFRs: N\n  });\n\n  newPrev[url] = { ts: now };\n}\n\n$result = out;\n$STATE_prev = newPrev;\n$statusMessage = `Computed NFRs for ${out.length} targets (metric-driven)`;\n\n"},{"name":"urlList","function":"var urls = $urls; if (!urls || !Array.isArray(urls)) urls = [];\nurls.push($ForEach_target.item.url);\n$urls = urls;\n\nvar meta = $metaData || {};\nmeta[$ForEach_target.item.url] = { job: $ForEach_target.item.job, instance: $ForEach_target.item.instance ,version : $ForEach_target.item.version, concert_app_name: $ForEach_target.item.concert_app_name, concert_app_version: $ForEach_target.item.concert_app_version };\n$metaData = meta;\n"}]}],"else":[{"name":"Function_2","function":"throw new Error(`please check the provided job name and version in the mapping as we are unable to find that job in prometheus.`);"}]}]}, {"action":"comment","value":"Structures parsed metrics into JSON format for Concert posture input."}, {"name":"concertPayload","function":"function g(nfrs, key) {\n    if (!nfrs || !nfrs.hasOwnProperty(key) || nfrs[key] == null)\n        return null;\n\n    var v = Number(nfrs[key]);\n    return isFinite(v) ? v : null;\n};\n\nfunction isNum(x) {\n    return typeof x === \"number\" && isFinite(x);\n}\n\nfunction removeNulls(obj) {\n    var out = {};\n\n    for (var k in obj) if (obj[k] !== null && obj[k] !== undefined)\n        out[k] = obj[k];\n\n    return out;\n}\n\nfunction concertScore(value, ranges, reverse) {\n    if (value == null || !isFinite(value))\n        return null;\n\n    const T1 = ranges[0], T2 = ranges[1], T3 = ranges[2], T4 = ranges[3];\n\n    if (!reverse) {\n        if (value <= T1)\n            return 100;\n\n        if (value <= T2)\n            return 100 - ((value - T1) * (33.33 / (T2 - T1)));\n\n        if (value <= T3)\n            return 66.67 - ((value - T2) * (33.33 / (T3 - T2)));\n\n        if (value <= T4)\n            return 33.33 - ((value - T3) * (33.33 / (T4 - T3)));\n\n        return 0;\n    }\n\n    if (value >= T1)\n        return 100;\n\n    if (value >= T2)\n        return 100 - ((T1 - value) * (33.33 / (T1 - T2)));\n\n    if (value >= T3)\n        return 66.67 - ((T2 - value) * (33.33 / (T2 - T3)));\n\n    if (value >= T4)\n        return 33.33 - ((T3 - value) * (33.33 / (T3 - T4)));\n\n    return 0;\n}\n\nvar rows = Array.isArray($result) ? $result : [];\nvar targets = [];\nvar nodeHosts = [];\n\nvar fleet = {\n    pct_hosts_above_95pct_disk_usage: null,\n    pct_hosts_above_20pct_swap_space_utilization: null,\n    pct_hosts_with_filesystem_errors: null,\n    avg_availability_pct: null\n};\n\nfor (var i = 0; i < rows.length; i++) {\n    var r = rows[i] || {};\n    var n = r.NFRs || {};\n    var url = r.url || null;\n    var app = r.job || null;\n    var concert_app = r.concert_app || null;\n    var concert_version = r.concert_version || null;\n    var version = r.version || null;\n    var diskPct = g(n, \"Disk Space Usage\");\n    var swapPct = g(n, \"Swap Space Usage\");\n    var conns = g(n, \"Active Connections\");\n    var fsErrs = g(n, \"File System Errors\");\n    var heapPct = g(n, \"Heap Memory Usage %\");\n    var openFDs = g(n, \"Open File Descriptors\");\n    var lag = g(n, \"Event Loop Lag (s)\");\n    var activeReqs = g(n, \"Active Requests\");\n    var msLatency = (isNum(g(n, \"Latency SLO\")) ? (g(n, \"Latency SLO\") * 1000) : null);\n    var errRate = g(n, \"Error Rate SLO\");\n    var pctErrorRate = g(n, \"pct_error_rate\");\n    var fourXX = g(n, \"4xx Errors\");\n    var avail = g(n, \"Application Availability\");\n    var scoreConnections = concertScore(conns, [0, 500, 1000, 5000]);\n    var scoreDisk = concertScore(diskPct, [10, 30, 50, 75]);\n    var scoreSwap = concertScore(swapPct, [20, 40, 60, 80]);\n    var scoreLatency = concertScore(msLatency, [100, 500, 1000, 2500]);\n    var scoreErrorRate = concertScore(errRate, [0.5, 1, 2, 5]);\n    var scorePctError = concertScore(pctErrorRate, [1, 5, 10, 20]);\n    var score4xx = concertScore(fourXX, [1, 3, 5, 10]);\n\n    var t = {\n        url,\n        app,\n        version,\n        concert_app,\n        concert_version,\n        pct_availability_by_error_rate: avail,\n        score_active_connections: scoreConnections,\n        score_disk_usage: scoreDisk,\n        score_swap_usage: scoreSwap,\n        score_latency: scoreLatency,\n        score_error_rate: scoreErrorRate,\n        score_pct_error_rate: scorePctError,\n        score_4xx_errors: score4xx,\n        num_active_connection: conns,\n        pct_disk_usage: diskPct,\n        pct_swap_usage: swapPct,\n        ms_slo_latency: msLatency,\n        pct_slo_error_rate: errRate,\n        pct_error_rate: pctErrorRate,\n        num_4xx_errors: fourXX,\n        heap_memory_usage_pct: heapPct,\n        event_loop_lag_seconds: lag,\n        num_active_requests: activeReqs,\n        num_open_file_descriptors: openFDs\n    };\n\n    targets.push(removeNulls(t));\n}\n\n$concertTargets = targets;\n$statusMessage = \"🎯 Concert scoring payload generated successfully.\""}, {"action":"foreach","name":"ForEach_concertTargets","list":"$concertTargets","blocks":[{"name":"Function_1","function":"function transformPrometheusMetrics(target) {\n    const safeNum = val => (val != null && !isNaN(val) ? Number(val) : null);\n\n    const data = {\n        pct_hosts_above_95pct_disk_usage: safeNum(target.pct_hosts_above_95pct_disk_usage),\n        pct_hosts_above_20pct_swap_space_utilization: safeNum(target.pct_hosts_above_20pct_swap_space_utilization),\n        pct_hosts_with_filesystem_errors: safeNum(target.pct_hosts_with_filesystem_errors),\n        num_active_connection: safeNum(target.num_active_connection),\n        pct_availability_by_error_rate: safeNum(target.pct_availability_by_error_rate),\n        ms_slo_latency: safeNum(target.ms_slo_latency),\n        pct_slo_error_rate: safeNum(target.pct_slo_error_rate),\n        num_throughput_transactions: safeNum(target.num_throughput_transactions),\n        pct_error_rate: safeNum(target.pct_error_rate),\n        num_4xx_errors: safeNum(target.num_4xx_errors),\n        avg_num_errors_logged_last_hour: safeNum(target.avg_num_errors_logged_last_hour),\n        heap_memory_usage_pct: safeNum(target.heap_memory_usage_pct),\n        event_loop_lag_seconds: safeNum(target.event_loop_lag_seconds),\n        num_active_requests: safeNum(target.num_active_requests),\n        num_open_file_descriptors: safeNum(target.num_open_file_descriptors)\n    };\n\n    Object.keys(data).forEach(k => {\n        if (data[k] === null)\n            delete data[k];\n    });\n\n    if (Object.keys(data).length === 0) {\n        data.pct_availability_by_error_rate = 0;\n    }\n\n    return data;\n};\n\nvar metrics = transformPrometheusMetrics($ForEach_concertTargets.item);\n\n$assessmentInput = {\n    app_name: $ForEach_concertTargets.item.concert_app,\n    application_version: $ForEach_concertTargets.item.concert_version,\n    profileName: $in_profile_name,\n    timestamp: Date.now(),\n    data: metrics,\n    origin_name: $ForEach_concertTargets.item.job || \"prometheus-target\",\n    origin_url: $ForEach_concertTargets.item.url || \"\",\n    origin: \"Prometheus\",\n    concert_component_key: $ForEach_concertTargets.item.url || \"\"\n}"},{"action":"comment","value":"Pushes assessment data into IBM Concert"},{"action":"./LoadAssessments","name":"loadAssessment","inputs":[{"name":"applicationName","value":"$assessmentInput.app_name"},{"name":"profileName","value":"$in_profile_name"},{"name":"data","value":"$assessmentInput.data"},{"name":"timestamp","value":"$assessmentInput.timestamp"},{"name":"origin_name","value":"$assessmentInput.origin_name"},{"name":"origin_url","value":"$ForEach_concertTargets.item.url"},{"name":"applicationVersion","value":"$assessmentInput.application_version"},{"name":"origin","value":"$assessmentInput.origin.url"}]},{"action":"assign","name":"Assign_6","variable":"$allAssessments","value":"$allAssessments.concat([$loadAssessment.result])"}]}],"variables":[{"name":"result","required":false,"isInput":false,"isOutput":true,"level":"INTERMEDIATE","type":{"type":"any"},"value":"\"\""},{"name":"service_auth","required":true,"isInput":true,"isOutput":false,"level":"INTERMEDIATE","type":{"type":"string"},"value":"\"\"","meta":{"authType":"Prometheus","subType":"authentication"}},{"name":"target_url","required":false,"isInput":false,"isOutput":false,"level":"INTERMEDIATE","type":{"type":"string"},"value":"\"\""},{"name":"targets","required":false,"isInput":false,"isOutput":false,"level":"INTERMEDIATE","type":{"type":"array"},"value":"[]"},{"name":"STATE_prev","required":false,"isInput":false,"isOutput":false,"level":"INTERMEDIATE","type":{"type":"object"},"value":"{}"},{"name":"now","required":false,"isInput":false,"isOutput":false,"level":"INTERMEDIATE","type":{"type":"number"},"value":"0"},{"name":"discovery","required":false,"isInput":false,"isOutput":false,"level":"INTERMEDIATE","type":{"type":"array"},"value":"[]"},{"name":"urls","required":false,"isInput":false,"isOutput":false,"level":"INTERMEDIATE","type":{"type":"array"},"value":"[]"},{"name":"metaData","required":false,"isInput":false,"isOutput":false,"level":"INTERMEDIATE","type":{"type":"object"},"value":"{}"},{"name":"metrics","required":false,"isInput":false,"isOutput":false,"level":"INTERMEDIATE","type":{"type":"object"},"value":"{}"},{"name":"metricsByUrl","required":false,"isInput":false,"isOutput":false,"level":"INTERMEDIATE","type":{"type":"object"},"value":"{}"},{"name":"nfrDebug","required":false,"isInput":false,"isOutput":false,"level":"INTERMEDIATE","type":{"type":"object"},"value":"{}"},{"name":"concertFleetInputs","required":false,"isInput":false,"isOutput":false,"level":"INTERMEDIATE","type":{"type":"object"},"value":"{}"},{"name":"concertTargets","required":false,"isInput":false,"isOutput":true,"level":"INTERMEDIATE","type":{"type":"array"},"value":"[]"},{"name":"in_profile_name","required":true,"isInput":true,"isOutput":false,"level":"INTERMEDIATE","type":{"type":"string"},"value":"\"\""},{"name":"assessmentInput","required":false,"isInput":false,"isOutput":false,"level":"INTERMEDIATE","type":{"type":"object"},"value":"{}"},{"name":"allAssessments","required":false,"isInput":false,"isOutput":true,"level":"INTERMEDIATE","type":{"type":"array"},"value":"[]"},{"name":"application_name_version","required":true,"isInput":true,"isOutput":false,"level":"INTERMEDIATE","type":{"type":"array","properties":{"concert_app_name":{"type":"string","examples":"prometheus"},"concert_app_version":{"type":"string","examples":"1.0.0","mapping":{"type":"array","properties":{"tool":{"type":"string","example":"prometheus"},"job_name":{"type":"string","example":"prometheus"},"job_version":{"type":"string","example":"2.46.0"}}}}}},"value":"[{\n    \"concert_app_name\": \"\",\n    \"concert_app_version\": \"\",\n\n    \"mapping\": [{\n        \"tool\": \"\",\n        \"job_name\": \"\",\n        \"job_version\": \"\"\n    }]\n}]"},{"name":"statusMesssage","required":false,"isInput":false,"isOutput":false,"level":"INTERMEDIATE","type":{"type":"string"},"value":"\"\""},{"name":"unReachableTargets","required":false,"isInput":false,"isOutput":true,"level":"INTERMEDIATE","type":{"type":"array"},"value":"[]"},{"name":"promQuery","required":false,"isInput":false,"isOutput":false,"level":"INTERMEDIATE","type":{"type":"array"},"value":"[]"},{"name":"metricData","required":false,"isInput":false,"isOutput":true,"level":"INTERMEDIATE","type":{"type":"array"},"value":"[]"},{"name":"startTimestamp","required":false,"isInput":false,"isOutput":false,"level":"INTERMEDIATE","type":{"type":"string"},"value":"\"\""},{"name":"endTimestamp","required":false,"isInput":false,"isOutput":false,"level":"INTERMEDIATE","type":{"type":"string"},"value":"\"\""},{"name":"endTime","required":false,"isInput":false,"isOutput":false,"level":"INTERMEDIATE","type":{"type":"number"},"value":"0"},{"name":"dynamicMetricsList","required":false,"isInput":false,"isOutput":false,"level":"INTERMEDIATE","type":{"type":"array"},"value":"[]"},{"name":"statusMessage","required":false,"isInput":false,"isOutput":false,"level":"INTERMEDIATE","type":{"type":"string"},"value":"\"\""},{"name":"avgQuery","required":false,"isInput":false,"isOutput":false,"level":"INTERMEDIATE","type":{"type":"array"},"value":"[]"},{"name":"timeRangeLiteral","required":false,"isInput":false,"isOutput":false,"level":"INTERMEDIATE","type":{"type":"string"},"value":"\"\""},{"name":"avgMetricsByUrl","required":false,"isInput":false,"isOutput":false,"level":"INTERMEDIATE","type":{"type":"object"},"value":"{}"},{"name":"avgDebug","required":false,"isInput":false,"isOutput":false,"level":"INTERMEDIATE","type":{"type":"array"},"value":"[]"}],"meta":{"workerGroup":"default","created":1771280153953,"lastUpdated":1771280187876,"description":"This workflow collects metrics from Prometheus and generates resilience assessments","layout":"flow","updatedByUsername":"admin","numberOfBlocks":29,"version":5,"tags":[{"name":"Consumer","value":"Concert"},{"name":"Concert version","value":"2.3.0"},{"name":"Category","value":"Resilience"}]},"finally":null}