{"name":"0 - id_target_list","platform":"node","hash":"eG2/WT/GPzgL9Gjrs5jlnOwyl+Y9AV5x7mdrBGV8hEY=","blocks":[{"action":"comment","value":"The targets are hardcoded but it can be replaced by a query to the CMDB"}, {"action":"assign","name":"assign_tmp","variable":"$result","value":"{\n    \"appName\": $app_name,\n    \"version\": $app_version,\n    \"ignoredApps\": $ignored_app_names,\n    \"environment\": $environnment,\n    \"profile\": ($resilience_profile && $resilience_profile !== \"java_profile\") ? $resilience_profile : $app_name + \" - Tomcat Applications\",\n    \"deploy_number\": $deploy_number,\n    \"assessment_period\": $assessment_period,\n\n    \"options\": {\n        \"gen_appSbom\": $opt_gen_appSBOM,\n        \"gen_cycloneDX\": $opt_gen_appSBOM ? $opt_gen_cycloneDX : false,\n        \"application_criticality\": $application_criticality,\n        \"application_impact_risk\": $application_data_assessment_impact_risk\n    },\n    \"concertConf\": {},\n    \"targets\": $vm_list,\n    \"application_info\": $jvm_configuration\n}"}],"variables":[{"name":"app_name","required":true,"isInput":true,"isOutput":false,"level":"INTERMEDIATE","type":{"type":"string"},"value":"\"mfiapp\""},{"name":"app_version","required":true,"isInput":true,"isOutput":false,"level":"INTERMEDIATE","type":{"type":"string"},"value":"\"1.2\""},{"name":"environnment","required":true,"isInput":true,"isOutput":false,"level":"INTERMEDIATE","type":{"type":"string"},"value":"\"test\""},{"name":"deploy_number","required":true,"isInput":true,"isOutput":false,"level":"INTERMEDIATE","type":{"type":"string"},"value":"\"1\""},{"name":"ignored_app_names","required":true,"isInput":true,"isOutput":false,"level":"INTERMEDIATE","type":{"type":"array"},"value":"[]"},{"name":"opt_gen_appSBOM","required":true,"isInput":true,"isOutput":false,"level":"INTERMEDIATE","type":{"type":"boolean"},"value":"true"},{"name":"opt_gen_cycloneDX","required":true,"isInput":true,"isOutput":false,"level":"INTERMEDIATE","type":{"type":"boolean"},"value":"false"},{"name":"application_data_assessment_impact_risk","required":true,"isInput":true,"isOutput":false,"level":"INTERMEDIATE","type":{"type":"string","enum":["1","2","3","4","5"]},"value":"\"5\"","meta":{"description":"Should be a number"}},{"name":"application_criticality","required":true,"isInput":true,"isOutput":false,"level":"INTERMEDIATE","type":{"type":"string","enum":["1","2","3","4","5"]},"value":"\"5\"","meta":{"description":"Should be a number"}},{"name":"resilience_profile","required":true,"isInput":true,"isOutput":false,"level":"INTERMEDIATE","type":{"type":"string"},"value":"\"\""},{"name":"assessment_period","required":true,"isInput":true,"isOutput":false,"level":"INTERMEDIATE","type":{"type":"string","enum":["latest","hour","day","week","month","quarter"]},"value":"\"latest\"","meta":{"description":"[\"latest\",\"hour\",\"day\",\"week\",\"month\",\"quarter\"]"}},{"name":"jvm_configuration","required":false,"isInput":true,"isOutput":false,"level":"INTERMEDIATE","type":{"type":"array"},"value":"[{\n          \"component_name\": \"spring-framework-app\",\n          \"jvm_filename\": \"springmicronexus.jar\",\n          \"log_path\": \"/opt/javaapps/SpringMicro_Nexus/app.log\",\n          \"application_prop_path\": \"/opt/javaapps/SpringMicro_Nexus/app.prop\"\n      }, {\n          \"component_name\": \"PORTALIS_TEST\",\n          \"jvm_filename\": \"mf-portalis-9090.war\",\n          \"context_path\": \"/baseline\"\n      }, {\n          \"jvm_filename\": \"mf-nomad-orders.jar\",\n          \"port\": 8083\n      }, {\n          \"jvm_filename\": \"mf-aurora-secure.jar\",\n          \"context_path\": \"/secure\"\n      }, {\n          \"jvm_filename\": \"mf-metricshadow.jar\",\n          \"context_path\": \"/no-metrics\"\n      }, {\n          \"jvm_filename\": \"mf-ghostflag.jar\",\n          \"context_path\": \"/ignore-me\"\n      }, {\n          \"jvm_filename\": \"mf-pathfinder-8082.jar\",\n          \"port\": 8082\n      }, {\n          \"component_name\": \"BLACKBOX_TEST\",\n          \"jvm_filename\": \"mf-blackbox-8088.jar\",\n          \"context_path\": \"/no-actuator\"\n      }, {\n          \"component_name\": \"COREENGINE\",\n\n          \"matchCriteria\": [{\n              \"key\": \"-Dcatalina.base\",\n              \"value\": \"/opt/tomcat\"\n          }, {\n              \"key\": \"-Dsun.io.useCanonCaches\",\n              \"value\": \"false\"\n          }],\n          \"discovery\": \"jdk\",\n\n          \"application_prop_path\": [\n              \"WEB-INF/classes/application.properties\",\n              \"WEB-INF/classes/application-dev.properties\"\n          ]\n      }, {\n          \"matchCriteria\": [{\n              \"key\": \"-Dcatalina.base\",\n              \"value\": \"/opt/tomcatAppBase\"\n          }],\n          \"discovery\": \"jdk\",\n          \"application_prop_path\": [\"\"]\n      }, {\n          \"matchCriteria\": [{\n              \"key\": \"-Dspring.profiles.active\",\n              \"value\": \"first,toto\"\n          }],\n          \"discovery\": \"jdk\",\n          \"application_prop_path\": [\"BOOT-INF/classes/application.properties\"]\n      }]"},{"name":"vm_list","required":false,"isInput":true,"isOutput":false,"level":"INTERMEDIATE","type":{"type":"array"},"value":"[{\n    \"cred\": \"ibmconcert/mfi_ssh\",\n    \"isConcertVault\": true,\n    \"jdk_path\": \"/usr/bin\",\n    \"tmpPath\": \"/tmp\"\n}]"},{"name":"success","required":false,"isInput":false,"isOutput":true,"level":"INTERMEDIATE","type":{"type":"boolean"},"value":"true"},{"name":"result","required":false,"isInput":false,"isOutput":true,"level":"INTERMEDIATE","type":{"type":"array"},"value":"[]"},{"name":"debug","required":false,"isInput":false,"isOutput":true,"level":"INTERMEDIATE","type":{"type":"array"},"value":"[]"},{"name":"error","required":false,"isInput":false,"isOutput":true,"level":"INTERMEDIATE","type":{"type":"array"},"value":"[]"}],"meta":{"workerGroup":"default","created":1762450744008,"lastUpdated":1762451842460,"layout":"flow","updatedByUsername":"ibmconcert","numberOfBlocks":2,"version":5},"finally":null}