{"name":"dis_jcmd_flow","platform":"node","hash":"J1UL3rvOPtv7IBLZPLDnEXTS4k6anzwk9urcw91dKOc=","blocks":[{"action":"system/Common/Status Message Update","name":"status_discovery","inputs":[{"name":"message","value":"\"Discovery started for: \" + $in_target.cred.target"}]}, {"action":"foreach","name":"ForEach_process","list":"$in_java_apps.result.jmxs","blocks":[{"action":"assign","name":"reset_t_app_info","variable":"$t_app_info","value":"{}"},{"action":"assign","name":"reset_t_disc_data","variable":"$t_disc_data","value":"{}"},{"action":"comment","value":"---- Discovery  ----"},{"action":"./dis_actuator/dis_jcmd_tests/2.1 - dis_jcmd_discovery","name":"Dis_jcmd","inputs":[{"name":"in_server_authkey","value":"$in_target.cred.cred"},{"name":"in_server_host","value":"$in_target.target"},{"name":"in_pid","value":"$ForEach_process.item.pid"},{"name":"in_ssh_port","value":"$in_target.cred.port"},{"name":"in_app_name","value":"$ForEach_process.item.name"},{"name":"in_app_version","value":"$in_prerequisites.result.version"},{"name":"in_jdk_path","value":"$in_target.cred.jdk_path"},{"name":"in_log_path","value":"$ForEach_process.item.log_path"},{"name":"in_originalDocBase","value":"$ForEach_process.item.filename"},{"name":"in_catalina_home","value":"\"catalina_home\" in $ForEach_process.item ? $ForEach_process.item.catalina_home : \"\""}]},{"action":"if","name":"if_check_dis_jcmd","condition":"$Dis_jcmd.success","then":[],"else":[{"action":"assign","name":"assign_combine_dis_jcmd_errors","variable":"$error","value":"$error.concat($Dis_jcmd.error)"}]},{"action":"assign","name":"Assign_actuator_data","variable":"$t_disc_data","value":"$Dis_jcmd"},{"action":"if","name":"If_disc_data_1_1","condition":"!$t_disc_data.result.App.name","then":[{"action":"assign","name":"Assign_3","variable":"$ForEach_process.item.name","value":"\"component-\" + $ForEach_process.item.pid"}],"else":[]},{"action":"if","name":"If_app_props","condition":"$ForEach_process.item.app_prop","then":[{"action":"./dis_actuator/dis_actuator_tests/dis_application_properties","name":"dis_app_props","inputs":[{"name":"in_server_authkey","value":"$in_target.cred.cred"},{"name":"in_server_host","value":"$in_target.target"},{"name":"in_application","value":"$ForEach_process.item"},{"name":"in_ssh_port","value":"$in_target.cred.port"},{"name":"in_unzip","value":"$in_prerequisites.result.targets.filter(e => e.target === $in_java_apps.result.target)[0].available.includes(\"unzip\")"},{"name":"in_unzip_path","value":"$in_target.unzipPath"}]},{"action":"if","name":"If_1","condition":"$dis_app_props.app_ogDocBase != null","then":[{"action":"assign","name":"Assign_2_2","variable":"$t_disc_data.result.App.originalDocBase","value":"$dis_app_props.app_ogDocBase"}],"else":[]},{"action":"if","name":"If_disc_data","condition":"!$t_disc_data.result.App.name && $dis_app_props.result[0].name","then":[{"action":"assign","name":"Assign_2","variable":"$t_disc_data.result.App.name","value":"$dis_app_props.result[0].name"},{"action":"system/Common/Array/Array Push","name":"ArrayPush_4","inputs":[{"name":"array","value":"$debug"},{"name":"item","value":"\"SUCCESS - \" + $in_target.target + \": We were able to gather the JCMD Metrics for '\" + $t_disc_data.result.App.name + \"'\""}]}],"else":[]},{"action":"assign","name":"Assign_1","variable":"$t_disc_data.result.conf","value":"$dis_app_props.result"},{"action":"assign","name":"Assign_2_1","variable":"$debug","value":"$debug.concat($dis_app_props.debug)"}],"else":[]},{"action":"if","name":"If_disc_data_1","condition":"$ForEach_process.item.overrideName","then":[{"action":"assign","name":"Assign_2_3","variable":"$t_disc_data.result.App.name","value":"$ForEach_process.item.overrideName"}],"else":[]},{"action":"system/Common/Array/Array Concat","name":"ArrayConcat_deb","inputs":[{"name":"array1","value":"$debug"},{"name":"array2","value":"$t_disc_data.debug"}]},{"action":"assign","name":"Assign_dis_debug","variable":"$debug","value":"$ArrayConcat_deb.result"},{"action":"if","name":"If_error_debug","condition":"$t_disc_data.error != []","then":[{"action":"system/Common/Array/Array Concat","name":"ArrayConcat_err","inputs":[{"name":"array1","value":"$error"},{"name":"array2","value":"$t_disc_data.error"}]},{"action":"assign","name":"Assign_dis_error_1","variable":"$error","value":"$ArrayConcat_err.result"}],"else":[]},{"action":"comment","value":"Identification + tomcat"},{"action":"if","name":"If_act","condition":"Object.keys($t_disc_data).length > 0","then":[{"action":"system/Common/Array/Array Push","name":"ArrayPush_apps","inputs":[{"name":"array","value":"$result"},{"name":"item","value":"JSON.parse(JSON.stringify($t_disc_data.result))"}]},{"action":"assign","name":"Assign_1_1","variable":"$success","value":"true"}],"else":[]},{"action":"if","name":"If_no_error","condition":"$error.length == 0","then":[],"else":[{"action":"system/Common/Array/Array Push","name":"ArrayPush_1","inputs":[{"name":"array","value":"$error"},{"name":"item","value":"\"we stopped the process due to errors\""}]},{"action":"exit"}]}]}],"variables":[{"name":"result","required":false,"isInput":false,"isOutput":true,"level":"INTERMEDIATE","type":{"type":"array"},"value":"[]"},{"name":"debug","required":false,"isInput":false,"isOutput":true,"level":"INTERMEDIATE","type":{"type":"array"},"value":"[]"},{"name":"success","required":false,"isInput":false,"isOutput":true,"level":"INTERMEDIATE","type":{"type":"boolean"},"value":"false"},{"name":"error","required":false,"isInput":false,"isOutput":true,"level":"INTERMEDIATE","type":{"type":"array"},"value":"[]"},{"name":"in_java_apps","required":true,"isInput":true,"isOutput":false,"level":"INTERMEDIATE","type":{"type":"object"},"value":"{}"},{"name":"in_target","required":true,"isInput":true,"isOutput":false,"level":"INTERMEDIATE","type":{"type":"object"},"value":"{}"},{"name":"in_prerequisites","required":true,"isInput":true,"isOutput":false,"level":"INTERMEDIATE","type":{"type":"object"},"value":"{}"},{"name":"t_disc_data","required":false,"isInput":false,"isOutput":false,"level":"INTERMEDIATE","type":{"type":"any"},"value":"\"\""},{"name":"t_app_info","required":false,"isInput":false,"isOutput":false,"level":"INTERMEDIATE","type":{"type":"object"},"value":"{}"}],"meta":{"workerGroup":"default","layout":"flow","version":5,"lastUpdated":1772006125448,"updatedByUsername":"anton.cholakov","numberOfBlocks":34,"created":1772006125448},"finally":null}