{"name":"dis_websphere_flow","platform":"node","hash":"puBhGRJ6aD6DFtDduoGsuysvoEmgYhFt86WGGC9/foc=","blocks":[{"action":"system/Common/Status Message Update","name":"status_discovery","inputs":[{"name":"message","value":"\"Discovery started for: \" + $in_target.cred.target"}]}, {"action":"foreach","name":"ForEach_process","list":"$in_java_apps.result.ws","blocks":[{"action":"assign","name":"reset_t_app_info","variable":"$t_app_info","value":"{}"},{"action":"assign","name":"reset_t_disc_data","variable":"$t_disc_data","value":"{\n    result: {}\n}"},{"action":"comment","value":"---- Discovery  ----"},{"action":"if","name":"If_curl_available","condition":"$in_target.available.includes(\"curl\")","then":[{"action":"./dis_websphere/2.1 - dis_websphere_discovery","name":"Dis_Websphere","inputs":[{"name":"in_server_authkey","value":"$in_target.cred.cred"},{"name":"in_server_host","value":"$in_target.target"},{"name":"in_app_port","value":"$ForEach_process.item.port"},{"name":"in_ssh_port","value":"$in_target.cred.port"},{"name":"in_application_info","value":"$ForEach_process.item"},{"name":"in_app_name","value":"$ForEach_process.item.name"},{"name":"in_app_version","value":"$in_prerequisites.result.version"}]},{"action":"assign","name":"Assign_websphere_data","variable":"$t_disc_data","value":"$Dis_Websphere"}],"else":[{"action":"assign","name":"Assign_1","variable":"$error","value":"\"\""}]},{"action":"system/Common/Array/Array Concat","name":"ArrayConcat_deb","inputs":[{"name":"array1","value":"$debug"},{"name":"array2","value":"$t_disc_data.debug"}]},{"action":"assign","name":"Assign_dis_debug","variable":"$debug","value":"$ArrayConcat_deb.result"},{"action":"if","name":"If_error_debug","condition":"$t_disc_data.error != []","then":[{"action":"system/Common/Array/Array Concat","name":"ArrayConcat_err","inputs":[{"name":"array1","value":"$error"},{"name":"array2","value":"$t_disc_data.error"}]},{"action":"assign","name":"Assign_dis_error_1","variable":"$error","value":"$ArrayConcat_err.result"}],"else":[]},{"action":"comment","value":"Identification + tomcat"},{"action":"if","name":"If_act","condition":"Object.keys($t_disc_data).length > 0","then":[{"action":"system/Common/Array/Array Push","name":"ArrayPush_apps","inputs":[{"name":"array","value":"$result"},{"name":"item","value":"JSON.parse(JSON.stringify($t_disc_data.result))"}]},{"action":"assign","name":"Assign_1_1","variable":"$success","value":"true"}],"else":[]},{"action":"if","name":"If_no_error","condition":"$error.length == 0","then":[],"else":[{"action":"system/Common/Array/Array Push","name":"ArrayPush_1","inputs":[{"name":"array","value":"$error"},{"name":"item","value":"\"we stopped the process due to errors\""}]},{"action":"exit"}]}]}],"variables":[{"name":"result","required":false,"isInput":false,"isOutput":true,"level":"INTERMEDIATE","type":{"type":"array"},"value":"[]"},{"name":"debug","required":false,"isInput":false,"isOutput":true,"level":"INTERMEDIATE","type":{"type":"array"},"value":"[]"},{"name":"success","required":false,"isInput":false,"isOutput":true,"level":"INTERMEDIATE","type":{"type":"boolean"},"value":"false"},{"name":"error","required":false,"isInput":false,"isOutput":true,"level":"INTERMEDIATE","type":{"type":"array"},"value":"[]"},{"name":"in_java_apps","required":true,"isInput":true,"isOutput":false,"level":"INTERMEDIATE","type":{"type":"object"},"value":"{}"},{"name":"in_target","required":true,"isInput":true,"isOutput":false,"level":"INTERMEDIATE","type":{"type":"object"},"value":"{}"},{"name":"in_prerequisites","required":true,"isInput":true,"isOutput":false,"level":"INTERMEDIATE","type":{"type":"object"},"value":"{}"},{"name":"t_disc_data","required":false,"isInput":false,"isOutput":false,"level":"INTERMEDIATE","type":{"type":"any"},"value":"\"\""},{"name":"t_app_info","required":false,"isInput":false,"isOutput":false,"level":"INTERMEDIATE","type":{"type":"object"},"value":"{}"}],"meta":{"workerGroup":"default","created":1772006125547,"lastUpdated":1772006125547,"layout":"flow","updatedByUsername":"anton.cholakov","numberOfBlocks":21,"version":5},"finally":null}