{"name":"ECS Discovery","platform":"node","hash":"6BE8B98gh3XjXfcysunDhjSGRzPMbycoYiD3F8n8msk=","blocks":[{"action":"comment","value":"// get list of clusters"}, {"action":"system/AWS/ecs/List Clusters","name":"AWS_List_Clusters","inputs":[{"name":"authKey","value":"$in_aws_auth_key"},{"name":"region","value":"$in_aws_region"},{"name":"body","value":"{}"}]}, {"action":"assign","name":"Assign_Clusters","variable":"$cluster_arns","value":"$AWS_List_Clusters.result[\"clusterArns\"]"}, {"action":"comment","value":"// loop over each cluster \n// currently only looping over our cluster\n"}, {"action":"foreach","name":"ForEach_cluster","list":"$cluster_arns","blocks":[{"action":"comment","value":"// get service list per clusterArn\n"},{"action":"system/AWS/ecs/List Services","name":"AWS_List_Services","inputs":[{"name":"authKey","value":"$in_aws_auth_key"},{"name":"region","value":"$in_aws_region"},{"name":"body","value":"{\n    \"cluster\": $ForEach_cluster.item\n}"}]},{"action":"assign","name":"Assign_Clusters_1","variable":"$t_service_list","value":"$AWS_List_Services.result"},{"action":"./ecs_dis_getServiceInfo","name":"get_services_info","inputs":[{"name":"in_serviceList","value":"$t_service_list"},{"name":"in_aws_region","value":"$in_aws_region"},{"name":"in_clusterName","value":"$ForEach_cluster.item.split(\"/\")[1]"},{"name":"in_aws_auth_key","value":"$in_aws_auth_key"}]},{"action":"if","name":"If_serviceInfo","condition":"$get_services_info.success","then":[{"action":"assign","name":"Assign_2","variable":"$success","value":"true"},{"action":"system/Common/Array/Array Push","name":"ArrayPush_result","inputs":[{"name":"array","value":"$result"},{"name":"item","value":"{\n    clusterName: $ForEach_cluster.item.match(/cluster\\/([^/]+)$/)?.[1],\n    clusterArn: $ForEach_cluster.item,\n    services: $get_services_info.result\n}"}]}],"else":[{"action":"system/Common/Array/Array Concat","name":"ArrayConcat_error_2","inputs":[{"name":"array1","value":"$error"},{"name":"array2","value":"$get_services_info.error"}]}]}]}],"variables":[{"name":"in_aws_region","required":true,"isInput":true,"isOutput":false,"level":"INTERMEDIATE","type":{"type":"string"},"value":"\"\""},{"name":"in_aws_auth_key","required":true,"isInput":true,"isOutput":false,"level":"INTERMEDIATE","type":{"type":"string"},"value":"\"\""},{"name":"result","required":false,"isInput":false,"isOutput":true,"level":"INTERMEDIATE","type":{"type":"any"},"value":"[]"},{"name":"error","required":false,"isInput":false,"isOutput":false,"level":"INTERMEDIATE","type":{"type":"array"},"value":"[]"},{"name":"debug","required":false,"isInput":false,"isOutput":false,"level":"INTERMEDIATE","type":{"type":"array"},"value":"[]"},{"name":"success","required":false,"isInput":false,"isOutput":false,"level":"INTERMEDIATE","type":{"type":"boolean"},"value":"false"},{"name":"t_service_list","required":false,"isInput":false,"isOutput":false,"level":"INTERMEDIATE","type":{"type":"array"},"value":"[]"},{"name":"t","required":false,"isInput":false,"isOutput":false,"level":"INTERMEDIATE","type":{"type":"any"},"value":"\"\""},{"name":"cluster_arns","required":false,"isInput":false,"isOutput":false,"level":"INTERMEDIATE","type":{"type":"array"},"value":"[]"}],"meta":{"workerGroup":"default","created":1755231435502,"lastUpdated":1762464420539,"layout":"flow","updatedByUsername":"ibmconcert","numberOfBlocks":13,"version":5},"finally":null}