{"name":"sel_jcmd_flow","platform":"node","hash":"gxiwFm3DYgDbIVnKot6P/Gm0O9/0Ql0Q+Vg7gVW2C2o=","blocks":[{"action":"comment","value":"---- Selection  ----"}, {"action":"foreach","name":"For_selection","list":"$in_jmx_apps","blocks":[{"action":"try","name":"Try_1","try":[{"action":"if","name":"If_ignored_app_1","condition":"$in_id_target.result.ignoredApps.includes($For_selection.item.App.name)","then":[],"else":[{"action":"system/Common/Array/Array Push","name":"push_res_tomcat_2","inputs":[{"name":"array","value":"$result.jmxs"},{"name":"item","value":"JSON.parse(JSON.stringify($For_selection.item))"}]},{"action":"assign","name":"Assign_one_app_1","variable":"$result.one_app","value":"true"}]}],"catch":[]}]}],"variables":[{"name":"result","required":false,"isInput":false,"isOutput":true,"level":"INTERMEDIATE","type":{"type":"object"},"value":"{\n  jmxs: [],\n  one_app: false\n}"},{"name":"debug","required":false,"isInput":false,"isOutput":true,"level":"INTERMEDIATE","type":{"type":"string"},"value":"\"\""},{"name":"success","required":false,"isInput":false,"isOutput":true,"level":"INTERMEDIATE","type":{"type":"boolean"},"value":"false"},{"name":"error","required":false,"isInput":false,"isOutput":true,"level":"INTERMEDIATE","type":{"type":"array"},"value":"[]"},{"name":"in_id_target","required":true,"isInput":true,"isOutput":false,"level":"INTERMEDIATE","type":{"type":"object"},"value":"{}"},{"name":"in_target","required":true,"isInput":true,"isOutput":false,"level":"INTERMEDIATE","type":{"type":"object"},"value":"{}"},{"name":"in_jmx_apps","required":true,"isInput":true,"isOutput":false,"level":"INTERMEDIATE","type":{"type":"array"},"value":"[]"}],"meta":{"workerGroup":"default","layout":"flow","version":5,"lastUpdated":1772006125651,"updatedByUsername":"anton.cholakov","numberOfBlocks":6,"created":1772006125651},"finally":null}