{"name":"Actions_Update","platform":"node","hash":"pZ+6xqgdmYRX7WN7My57L0dggnr3lVnCPkoKz99092Y=","blocks":[{"action":"system/IBM/Concert v2/Action Insights/Search in Actions","name":"SearchActions","inputs":[{"name":"Body","value":"{\n    \"filters\": {\n        \"logic\": \"and\",\n\n        \"conditions\": [{\n            \"field\": \"target_component_identifier\",\n            \"value\": $hostname,\n            \"operator\": \"IN\"\n        }, {\n            \"field\": \"action_category\",\n            \"value\": \"auto_remediation\",\n            \"operator\": \"IN\"\n        }, {\n            \"field\": \"action_type\",\n            \"value\": \"Certificate Renewal\",\n            \"operator\": \"IN\"\n        }]\n    }\n}"}]}, {"action":"if","name":"If_1","condition":"$SearchActions.result.actions.length > 0","then":[{"action":"if","name":"If_2","condition":"$status == \"success\"","then":[{"action":"assign","name":"Assign_2","value":"$SearchActions.result.actions[0].actions_identifier","variable":"$actions_id"},{"action":"system/IBM/Concert v2/Action Insights/Update Existing Action","name":"IBM_1","inputs":[{"name":"Body","value":"{\n    \"actions\": [{\n        \"comments\": \"No comments\",\n        \"action_expected_outcome\": \"{\\\"num_cves_fixed\\\":30,\\\"confidence_factor\\\": \\\"high\\\", \\\"risk_reduction_percentage\\\": 93}\",\n        \"is_archived\": false,\n        \"action_id\": $actions_id,\n        \"nfr_types\": [\"Security\"],\n        \"risk_details\": \"{}\",\n        \"history\": \"{\\\"events\\\": [{}]}\",\n        \"status\": \"success\",\n        \"last_update_date\": 314780940\n    }]\n}"}]}],"else":[]}],"else":[{"action":"system/IBM/Concert v2/Action Insights/Create a New Action","name":"CreateAction","inputs":[{"name":"Body","value":"{\n    \"actions\": [{\n        \"target_component_type\": \"EC2 host\",\n        \"target_component_identifier\": $hostname,\n        \"action_category\": \"auto_remediation\",\n        \"action_type\": \"Certificate Renewal\",\n        \"action_subtype\": \"Certificate Renewal\",\n\n        \"action_details\": JSON.stringify({\n            \"target_resource_name\": $hostname,\n            \"target_resource_type\": \"host\",\n            \"environment\": \"development\",\n            \"certificates\": $certificateJson,\n\n            \"remediation_steps\": {\n                \"task\": \"Rotate Certificates in HashiCorp Vault for EC2 Instances\",\n\n                \"steps\": [{\n                    \"title\": \"Identify Certificates for Rotation\",\n                    \"commands\": [\"vault list pki/certs\", \"vault read pki/cert/<serial_number>\"],\n                    \"description\": \"List all certificates currently stored in keystores that are used by EC2 instances. Identify their serial numbers and expiry dates.\",\n                    \"step_number\": 1\n                }, {\n                    \"note\": \"Adjust role_name and ttl (validity) according to your policy.\",\n                    \"title\": \"Generate New Certificate(s) in Vault\",\n                    \"commands\": [\"vault write pki/issue/<role_name> common_name=<domain_name> ttl=8760h\"],\n                    \"description\": \"Issue new certificates for EC2 workloads in Vault using the same role or policy that issued the old ones.\",\n                    \"step_number\": 2\n                }, {\n                    \"title\": \"Validate New Certificate\",\n\n                    \"commands\": [\n                        \"vault read pki/cert/<new_serial_number>\",\n                        \"openssl x509 -in new_cert.pem -noout -dates -subject\"\n                    ],\n                    \"description\": \"Verify the new certificate's content and expiration date before deployment.\",\n                    \"step_number\": 3\n                }, {\n                    \"title\": \"Distribute New Certificate to EC2 Instances from Vault\",\n\n                    \"options\": {\n                        \"terraform\": \"If managed by Terraform, update the data source or file reference in Terraform and run terraform apply.\",\n                        \"manual_copy\": \"Use SCP or AWS SSM to copy the new certificate and key to the instance.\",\n                        \"vault_agent\": \"If using Vault Agent with auto_auth and template rendering, restart the Vault Agent to fetch new certificates.\"\n                    },\n                    \"description\": \"Replace existing certificates on EC2 instances with the newly issued certificates. The method depends on your delivery mechanism:\",\n                    \"step_number\": 4\n                }, {\n                    \"title\": \"Restart Services on EC2 Using the Certificate\",\n                    \"commands\": [\"sudo systemctl restart nginx\", \"sudo systemctl restart myapp\"],\n                    \"description\": \"Restart application services that depend on the certificate (e.g., Nginx, Apache, or custom apps) to load the new cert.\",\n                    \"step_number\": 5\n                }, {\n                    \"title\": \"Update Documentation and Monitoring\",\n                    \"description\": \"Record the new certificate serial number, expiration date, and location in your CMDB or secrets inventory. Update monitoring alerts for the new certificate's expiry.\",\n                    \"step_number\": 6\n                }, {\n                    \"title\": \"Optional: Automate Future Rotations\",\n                    \"reference\": \"https://developer.hashicorp.com/vault/docs/agent/template\",\n                    \"description\": \"Enable automatic certificate renewal via Vault Agent or Terraform with TTL-based reissuance.\",\n                    \"step_number\": 7\n                }],\n                \"prerequisites\": {\n                    \"requirements\": [\n                        \"Vault CLI or API access\",\n                        \"IAM/Token permissions for certificate management\",\n                        \"Knowledge of where and how EC2 instances consume the certificates (manual fetch, Vault Agent, or Terraform template)\"\n                    ],\n                    \"vault_pki_path\": \"example-pki\",\n                    \"vault_environment\": \"Production or workspace abc\",\n                    \"vault_authentication\": \"Vault token or IAM role with permissions to issue and revoke certificates\"\n                },\n                \"expected_result\": \"Certificates used by EC2 instances are rotated successfully. The new certificates are issued from Vault, deployed to instances, and old certificates are revoked. All services are running with the updated, valid certificates.\"\n            }\n        }),\n        \"status\": \"created\",\n        \"comments\": \"Certificates are about to expire and need rotation\",\n        \"action_expected_outcome\": \"{\\\"impact\\\":\\\"Critical\\\",\\\"confidence_factor\\\":\\\"high\\\"}\",\n        \"risk_type\": \"Certificate\",\n        \"risk_details\": \"{}\",\n        \"is_archived\": false,\n        \"history\": \"[]\",\n        \"application_name\": \"quote-of-the-day\",\n        \"application_version\": \"1.0.0\",\n        \"nfr_types\": [\"Security\"]\n    }]\n}"}]},{"action":"assign","name":"Assign_1","variable":"$result","value":"$CreateAction.result"}]}],"variables":[{"name":"result","required":false,"isInput":false,"isOutput":true,"level":"INTERMEDIATE","type":{"type":"any"},"value":"\"\""},{"name":"certificateJson","required":true,"isInput":true,"isOutput":false,"level":"INTERMEDIATE","type":{"type":"array"},"value":"[]"},{"name":"hostname","required":true,"isInput":true,"isOutput":false,"level":"INTERMEDIATE","type":{"type":"string"},"value":"\"\""},{"name":"actions_id","required":false,"isInput":false,"isOutput":false,"level":"INTERMEDIATE","type":{"type":"number"},"value":"0"},{"name":"status","required":true,"isInput":true,"isOutput":false,"level":"INTERMEDIATE","type":{"type":"string"},"value":"\"\""}],"meta":{"workerGroup":"default","created":1771276705461,"lastUpdated":1771276705461,"description":"Create or update action created","layout":"flow","updatedByUsername":"admin","numberOfBlocks":7,"version":5},"finally":null}