{"name":"Call Concert API","platform":"node","hash":"HRottlPKQE/gHLS4wIH4o/+rbm66xqok9yvQ38/p8QI=","blocks":[{"action":"system/Common/HTTP/HTTP Request","name":"CallConcertAPI","inputs":[{"name":"method","value":"$req_config.method"},{"name":"host","value":"$req_config.host"},{"name":"protocol","value":"$req_config.protocol"},{"name":"port","value":"$req_config.port"},{"name":"path","value":"$req_config.path"},{"name":"query","value":"$req_config.query"},{"name":"headers","value":"$req_config.headers"},{"name":"body","value":"$body"},{"name":"authKey","value":"$req_config.auth"}]}, {"action":"assign","name":"Assign_1","variable":"$result","value":"{\n    \"uuid\": $CallConcertAPI.result[\"$uuid\"],\n    \"result\": $CallConcertAPI.result\n}"}],"variables":[{"name":"req_config","required":true,"isInput":true,"isOutput":false,"level":"INTERMEDIATE","type":{"type":"object"},"value":"{}"},{"name":"result","required":false,"isInput":false,"isOutput":true,"level":"INTERMEDIATE","type":{"type":"object"},"value":"{}"},{"name":"body","required":false,"isInput":true,"isOutput":false,"level":"INTERMEDIATE","type":{"type":"object"},"value":"{}"}],"meta":{"workerGroup":"default","created":1771276705511,"lastUpdated":1771276741739,"description":" This workflow create a http request to Concert","layout":"flow","updatedByUsername":"admin","numberOfBlocks":2,"version":5},"finally":null}