{"name":"Decode an X.509 Certificate","platform":"node","hash":"y+KESvuSLLZLxXrTqwEICOfUucYUHtBOEbIWVCFXgak=","blocks":[{"action":"comment","value":"Decode the provided X.509 certificate and extract raw details"}, {"action":"system/Common/OpenSSL/Decode X509","name":"decodeCertificate","inputs":[{"name":"data","value":"$certificate"}]}, {"action":"comment","value":"Convert serial number from hex to decimal; ignore errors if conversion fails.\n"}, {"name":"snToDec","function":"try {\n    $decodeCertificate.result.serialNumber = BigInt(\"0x\" + $decodeCertificate.result.serialNumber).toString(10);\n}\ncatch(e){}"}, {"action":"comment","value":"Assign extracted metadata from the decoded certificate to a separate variable for downstream use."}, {"action":"assign","name":"assignMetadata","variable":"$decodeCertificate.result.metadata","value":"$metadata"}, {"action":"comment","value":"Store the fully decoded certificate and metadata in the result object"}, {"action":"assign","name":"Assign_1","variable":"$result","value":"$decodeCertificate.result"}],"variables":[{"name":"certificate","required":false,"isInput":true,"isOutput":false,"level":"INTERMEDIATE","type":{"type":"string"},"value":"\"\""},{"name":"metadata","required":false,"isInput":true,"isOutput":false,"level":"INTERMEDIATE","type":{"type":"object"},"value":"{}"},{"name":"result","required":false,"isInput":false,"isOutput":true,"level":"INTERMEDIATE","type":{"type":"object"},"value":"{}"}],"meta":{"workerGroup":"default","created":1771275846384,"lastUpdated":1771275846384,"description":"A decoder for an X.509 certificate","layout":"flow","updatedByUsername":"admin","numberOfBlocks":8,"version":5},"finally":null}