{"name":"Ingest JSON Certificates Data into IBM Concert","platform":"node","hash":"3I5jTK2iKQ64+2kHnJEtJjX+0qcaCUG6Q7QudqT3svM=","blocks":[{"action":"comment","value":"Uploads the certificate JSON data to IBM Concert"}, {"action":"system/IBM/Concert/Import Data/Upload Files to Concert","name":"uploadFile","inputs":[{"name":"file","value":"{\n    \"data_type\": $data_type,\n    \"filename\": $json\n}"},{"name":"fileType","value":"\"json\""}]}, {"action":"comment","value":"Store the upload result for further use"}, {"action":"assign","name":"Assign_1","variable":"$result","value":"$uploadFile.result","breakpoint":"enabled"}],"variables":[{"name":"json","required":true,"isInput":true,"isOutput":false,"level":"INTERMEDIATE","type":{"type":"string"},"value":"\"\""},{"name":"data_type","required":true,"isInput":true,"isOutput":false,"level":"INTERMEDIATE","type":{"type":"string"},"value":"\"certificate\""},{"name":"result","required":false,"isInput":false,"isOutput":true,"level":"INTERMEDIATE","type":{"type":"any"},"value":"\"\""}],"meta":{"workerGroup":"default","created":1771275846429,"lastUpdated":1771275846429,"description":"Ingest certificates data into IBM Concert","layout":"flow","updatedByUsername":"admin","numberOfBlocks":4,"version":5},"finally":null}