{"name":"Jira_Fetch_Metrics","platform":"node","hash":"l/uHSAfcC06wzd4jltOWEeDnK3ExcFeULjzx+NvF+kA=","blocks":[{"name":"Function_1","function":"function formatJiraDate(epochMs) {\n    const d = new Date(epochMs);\n    const YYYY = d.getFullYear();\n    const MM = String(d.getMonth() + 1).padStart(2, \"0\");\n    const DD = String(d.getDate()).padStart(2, \"0\");\n    const hh = String(d.getHours()).padStart(2, \"0\");\n    const mm = String(d.getMinutes()).padStart(2, \"0\");\n    return `${YYYY}-${MM}-${DD} ${hh}:${mm}`;\n};\n\nconst ts = $startTime;\nconst te = $endTime;\n$stringStartTime = formatJiraDate(ts)\n$stringStopTime = formatJiraDate(te)"}, {"action":"system/Common/HTTP/HTTP Request","name":"HTTPRequest_1","inputs":[{"name":"method","value":"\"GET\""},{"name":"host","value":"$jiraHost"},{"name":"protocol","value":"\"https\""},{"name":"path","value":"\"rest/api/2/search\""},{"name":"query","value":"{\n  \"jql\": \"project = \" + $applicationName \n         + \" AND created >= \\\"\" + $stringStartTime + \"\\\"\" \n         + \" AND created <= \\\"\" + $stringStopTime + \"\\\"\" \n         + \" AND statusCategory = Done\",\n  \"maxResults\": 200,\n  \"fields\": \"*all\",\n  \"fieldsByKeys\": true,\n  \"expand\": \"names\"\n}"},{"name":"bodyEncoding","value":"\"default\""},{"name":"authKey","value":"$jiraAuth"},{"name":"responseEncoding","value":"\"utf-8\""}]}, {"action":"assign","name":"Assign_1","variable":"$result","value":"$HTTPRequest_1.result"}],"variables":[{"name":"jiraAuth","required":false,"isInput":true,"isOutput":false,"level":"INTERMEDIATE","type":{"type":"string"},"value":"\"\"","meta":{"authType":"ANY","subType":"authentication"}},{"name":"applicationName","required":false,"isInput":true,"isOutput":false,"level":"INTERMEDIATE","type":{"type":"string"},"value":"\"\""},{"name":"startTime","required":false,"isInput":true,"isOutput":false,"level":"INTERMEDIATE","type":{"type":"number"},"value":"0"},{"name":"endTime","required":false,"isInput":true,"isOutput":false,"level":"INTERMEDIATE","type":{"type":"number"},"value":"0"},{"name":"jiraHost","required":false,"isInput":true,"isOutput":false,"level":"INTERMEDIATE","type":{"type":"string"},"value":"\"\""},{"name":"stringStartTime","required":false,"isInput":false,"isOutput":false,"level":"INTERMEDIATE","type":{"type":"string"},"value":"\"\""},{"name":"stringStopTime","required":false,"isInput":false,"isOutput":false,"level":"INTERMEDIATE","type":{"type":"string"},"value":"\"\""},{"name":"result","required":false,"isInput":false,"isOutput":true,"level":"INTERMEDIATE","type":{"type":"any"},"value":"\"\""}],"meta":{"workerGroup":"default","created":1767354568586,"lastUpdated":1767354568586,"description":"This workflow retrieves Problem/Ticket metrics from Jira over a specified time period, and sends to the main flow","layout":"flat","updatedByUsername":"admin","numberOfBlocks":3,"version":5},"finally":null}