{"name":"CreatePosture","platform":"node","hash":"piHbKbGyAiTs+UCPhX9oqdUU1iC6xyrAqCsUhQuCnmw=","blocks":[{"action":"comment","value":"create posture"}, {"action":"try","name":"Try_1","try":[{"action":"system/IBM/Concert/Concert HTTP Request","name":"IBM_1","inputs":[{"name":"authKey","value":"$concert_api_key"},{"name":"method","value":"\"POST\""},{"name":"path","value":"\"/resilience/grader/api/v1/posture\""},{"name":"body","value":"{\n    \"name\": \"resilience_\" + $profile_name + \"_\" + $application_name + \"_app\",\n    \"comments\": \"\",\n    \"profile_name\": $profile_name,\n    \"target_type\": \"app\",\n    \"target_name\": $application_name,\n    \"version\": \"1.0.0\",\n    \"assessment_period\": \"week\"\n}"}]},{"action":"assign","name":"Assign","variable":"$result","value":"$IBM_1.result"}],"catch":[]}],"variables":[{"name":"result","required":false,"isInput":false,"isOutput":true,"level":"INTERMEDIATE","type":{"type":"any"},"value":"\"\""},{"name":"concert_api_key","required":true,"isInput":true,"isOutput":false,"level":"INTERMEDIATE","type":{"type":"string"},"value":"\"\"","meta":{"authType":"IBM/ConcertAPIKey","subType":"authentication"}},{"name":"application_name","required":true,"isInput":true,"isOutput":false,"level":"INTERMEDIATE","type":{"type":"string"},"value":"\"\""},{"name":"profile_name","required":true,"isInput":true,"isOutput":false,"level":"INTERMEDIATE","type":{"type":"string"},"value":"\"\""},{"name":"version","required":true,"isInput":true,"isOutput":false,"level":"INTERMEDIATE","type":{"type":"string"},"value":"\"\""}],"meta":{"workerGroup":"default","created":1767695881095,"lastUpdated":1767695881095,"description":"Workflow is to create posture for assessment time weekly ","layout":"flow","updatedByUsername":"ibmconcert","numberOfBlocks":4,"version":5},"finally":null}