{"name":"discoverAppSbomsVm","platform":"node","hash":"6soYoFkVaeB7sK72gZKMP4NLuDjLQleu8pjdye//8Fk=","blocks":[{"action":"if","name":"CheckSSM","condition":"$ssmEnabled === true","then":[{"name":"Split_1_1","action":"split","branches":[{"blocks":[{"action":"system/AWS/ssm/Send Command","name":"SSM_FetchContainerImage","inputs":[{"name":"authKey","value":"$vmAuth"},{"name":"region","value":"$region"},{"name":"body","value":"{\n    \"InstanceIds\": $InstanceID,\n    \"DocumentName\": $documentName,\n\n    \"Parameters\": {\n        \"commands\": [$docker_command + \" ps --format \\\"{{.Image}}\\\"\"]\n    }\n}"}]},{"action":"system/Common/Sleep","name":"Sleep","inputs":[{"name":"seconds","value":"10"}]},{"action":"system/AWS/ssm/List Command Invocations","name":"AWS2","inputs":[{"name":"authKey","value":"$vmAuth"},{"name":"region","value":"$region"},{"name":"body","value":"{\n    \"Details\": true,\n    \"CommandId\": $SSM_FetchContainerImage.result.Command.CommandId\n}"}]},{"action":"if","name":"CheckContainerImage","condition":"$AWS2.result.CommandInvocations[0].CommandPlugins[0].Status == \"Success\"","then":[{"action":"assign","name":"Assign_3","variable":"$ssmResult.SSM_FetchContainerImage","value":"$AWS2.result.CommandInvocations[0].CommandPlugins[0].Output.trim()"}],"else":[{"name":"Function_2","function":"\nthrow new Error(\n  `SSM command did not succeed. Status: ${$SSM_FetchContainerImage.result.Command.Status}`\n);\n\n"}]}]},{"blocks":[{"action":"system/AWS/ssm/Send Command","name":"SSM_hostname","inputs":[{"name":"authKey","value":"$vmAuth"},{"name":"region","value":"$region"},{"name":"body","value":"{\n    \"InstanceIds\": $InstanceID,\n    \"DocumentName\": $documentName,\n\n    \"Parameters\": {\n        \"commands\": [`hostname`]\n    }\n}"}]},{"action":"system/Common/Sleep","name":"Sleep2","inputs":[{"name":"seconds","value":"10"}]},{"action":"system/AWS/ssm/List Command Invocations","name":"AWS4","inputs":[{"name":"authKey","value":"$vmAuth"},{"name":"region","value":"$region"},{"name":"body","value":"{\n    \"Details\": true,\n    \"CommandId\": $SSM_hostname.result.Command.CommandId\n}"}]},{"action":"if","name":"CheckHostname","condition":"$AWS4.result.CommandInvocations[0].CommandPlugins[0].Status == \"Success\"","then":[{"action":"assign","name":"Assign_4","variable":"$ssmResult.SSM_hostname","value":"$AWS4.result.CommandInvocations[0].CommandPlugins[0].Output.trim()"}],"else":[{"name":"Function_2_1","function":"\nthrow new Error(\n  `SSM command did not succeed. Status: ${$SSM_hostname.result.Command.Status}`\n);\n\n"}]}]},{"blocks":[{"action":"system/AWS/ssm/Send Command","name":"SSM_ipAddress","inputs":[{"name":"authKey","value":"$vmAuth"},{"name":"region","value":"$region"},{"name":"body","value":"{\n    \"InstanceIds\": $InstanceID,\n    \"DocumentName\": $documentName,\n\n    \"Parameters\": {\n        \"commands\": [`hostname -I | awk '{print $1}'`]\n    }\n}"}]},{"action":"system/Common/Sleep","name":"Sleep3","inputs":[{"name":"seconds","value":"10"}]},{"action":"system/AWS/ssm/List Command Invocations","name":"AWS3","inputs":[{"name":"authKey","value":"$vmAuth"},{"name":"region","value":"$region"},{"name":"body","value":"{\n    \"Details\": true,\n    \"CommandId\": $SSM_ipAddress.result.Command.CommandId\n}"}]},{"action":"if","name":"CheckipAddress","condition":"$AWS3.result.CommandInvocations[0].CommandPlugins[0].Status == \"Success\"","then":[{"action":"assign","name":"Assign_5","variable":"$ssmResult.SSM_ipAddress","value":"$AWS3.result.CommandInvocations[0].CommandPlugins[0].Output.trim()"}],"else":[{"name":"Function_2_1_1","function":"\nthrow new Error(\n  `SSM command did not succeed. Status: ${$SSM_ipAddress.result.Command.Status}`\n);\n\n"}]}]}]}],"else":[{"name":"Split_1","action":"split","branches":[{"blocks":[{"action":"system/Common/SSH/SSH","name":"FetchContainerImage","inputs":[{"name":"authKey","value":"$vmAuth"},{"name":"command","value":"$docker_command + ` ps --format \"{{.Image}}\"`"},{"name":"connectionPool","value":"true"}]}]},{"blocks":[{"action":"system/Common/SSH/SSH","name":"hostname","inputs":[{"name":"authKey","value":"$vmAuth"},{"name":"command","value":"`hostname`"}]}]},{"blocks":[{"action":"system/Common/SSH/SSH","name":"ipAddress","inputs":[{"name":"authKey","value":"$vmAuth"},{"name":"command","value":"`hostname -I | awk '{print $1}'`"}]}]}]}]}, {"name":"Function_1","function":"function generateAllSboms(execResult, env) {\n    let containerImageListStr = \"\";\n    let hostname = \"\";\n    let ip = \"\";\n\n    if (execResult && typeof execResult === \"object\") {\n        if (execResult.SSM_FetchContainerImage !== undefined) {\n            containerImageListStr = execResult.SSM_FetchContainerImage || \"\";\n            hostname = execResult.SSM_hostname || \"\";\n            ip = execResult.SSM_ipAddress || \"\";\n        } else {\n            containerImageListStr = execResult.images || \"\";\n            hostname = execResult.hostname || \"\";\n            ip = execResult.ip || \"\";\n        }\n    }\n\n    const containerImages = containerImageListStr.replace(/\\\\n/g, \"\\n\").split(\"\\n\").map(s => s.trim()).filter(Boolean);\n    const appGroups = {};\n\n    containerImages.forEach(image => {\n        const appName = extractAppName(image);\n\n        if (appName) {\n            if (!appGroups[appName]) {\n                appGroups[appName] = [];\n            }\n\n            appGroups[appName].push(image);\n        }\n    });\n\n    const sboms = [];\n\n    Object.entries(appGroups).forEach(([appName, images]) => {\n        const result = generateComponents(images);\n        const hostShort = hostname.trim().split(\".\")[0];\n\n        const sbom = {\n            bomFormat: \"ConcertDef\",\n            specVersion: \"1.0.2\",\n\n            metadata: {\n                timestamp: new Date().toISOString(),\n                type: \"application\",\n\n                component: {\n                    name: appName,\n                    version: \"1.0.0\"\n                }\n            },\n            environments: [{\n                \"bom-ref\": \"environment:\" + env,\n                type: \"environment\",\n                name: env\n            }],\n            \"runtime-components\": [{\n                \"bom-ref\": `service:vm:${hostShort}`,\n                name: hostShort,\n                type: \"vm\",\n\n                ipv4: [{\n                    addr: ip.replace(/\\n/g, \"\")\n                }],\n                hostname: hostname.replace(/\\n/g, \"\"),\n                properties: [],\n                components: result.components\n            }],\n            services: [],\n\n            dependencies: [{\n                \"bom-ref\": \"environment:\" + env,\n                dependsOn: [`service:vm:${hostShort}`]\n            }],\n            properties: []\n        };\n\n        sboms.push(JSON.stringify(sbom, null, 2));\n    });\n\n    return sboms;\n};\n\nfunction generateComponents(containerImages) {\n    const components = [];\n\n    containerImages.forEach(imageStr => {\n        const clean = imageStr.trim();\n\n        if (!clean)\n            return;\n\n        const noDigest = clean.split(\"@\")[0];\n        const hasTag = noDigest.includes(\":\");\n        const imageName = hasTag ? noDigest.substring(0, noDigest.lastIndexOf(\":\")) : noDigest;\n\n        const component = {\n            \"bom-ref\": `container:${clean}`,\n            type: \"container\",\n            name: imageName\n        };\n\n        if (hasTag || clean.includes(\"@\")) {\n            component.uri = clean;\n        }\n\n        components.push(component);\n    });\n\n    return {\n        components\n    };\n}\n\nfunction extractAppName(image) {\n    if (!image || typeof image !== \"string\")\n        return null;\n\n    const clean = image.split(\"@\")[0];\n    const noTag = clean.includes(\":\") ? clean.substring(0, clean.lastIndexOf(\":\")) : clean;\n    const parts = noTag.split(\"/\");\n\n    if (parts.length === 1) {\n        return parts[0];\n    }\n\n    if (parts.length === 2) {\n        return parts[1];\n    }\n\n    return parts[parts.length - 2];\n}\n\n$result = generateAllSboms($ssmEnabled ? $ssmResult : {\n    images: $FetchContainerImage.result,\n    hostname: $hostname.result,\n    ip: $ipAddress.result\n}, $env)"}, {"action":"foreach","name":"ForeachAppSbom","list":"$result","blocks":[{"action":"./uploadFileToConcert","name":"uploadSbom","inputs":[{"name":"filename","value":"$ForeachAppSbom.item"},{"name":"datatype","value":"$data_type"},{"name":"filetype","value":"\"json\""},{"name":"concert_api_key_auth","value":"$concert_api_key"}]},{"action":"assign","name":"Assign_1","variable":"$applications","value":"$applications.concat([{\n    \"result\": $uploadSbom.result\n}])"}]}, {"action":"assign","name":"Assign_2","variable":"$result","value":"$applications"}],"variables":[{"name":"result","required":false,"isInput":false,"isOutput":true,"level":"INTERMEDIATE","type":{"type":"array"},"value":"[]"},{"name":"env","required":true,"isInput":true,"isOutput":false,"level":"INTERMEDIATE","type":{"type":"string"},"value":"\"\""},{"name":"data_type","required":true,"isInput":true,"isOutput":false,"level":"INTERMEDIATE","type":{"type":"string"},"value":"\"\""},{"name":"vmAuth","required":false,"isInput":true,"isOutput":false,"level":"INTERMEDIATE","type":{"type":"string"},"value":"\"\"","meta":{"authType":["AWS","Common/SSH"],"subType":"authentication"}},{"name":"applications","required":false,"isInput":false,"isOutput":false,"level":"INTERMEDIATE","type":{"type":"array"},"value":"[]"},{"name":"docker_command","required":true,"isInput":true,"isOutput":false,"level":"INTERMEDIATE","type":{"type":"string"},"value":"\"\""},{"name":"InstanceID","required":false,"isInput":true,"isOutput":false,"level":"INTERMEDIATE","type":{"type":"array"},"value":"[]"},{"name":"ssmEnabled","required":true,"isInput":true,"isOutput":false,"level":"INTERMEDIATE","type":{"type":"boolean"},"value":"false"},{"name":"region","required":false,"isInput":true,"isOutput":false,"level":"INTERMEDIATE","type":{"type":"string"},"value":"\"\""},{"name":"documentName","required":false,"isInput":true,"isOutput":false,"level":"INTERMEDIATE","type":{"type":"string"},"value":"\"\""},{"name":"ssmResult","required":false,"isInput":false,"isOutput":false,"level":"INTERMEDIATE","type":{"type":"object"},"value":"{\n  \"SSM_FetchContainerImage\": \"\",\n  \"SSM_hostname\": \"\",\n  \"SSM_ipAddress\": \"\"\n}\n"},{"name":"concert_api_key","required":true,"isInput":true,"isOutput":false,"level":"INTERMEDIATE","type":{"type":"string"},"value":"\"\"","meta":{"authType":"IBM/ConcertAPIKey","subType":"authentication"}}],"meta":{"workerGroup":"default","created":1767695881068,"lastUpdated":1767695972731,"description":"Workflow is to discover the application in vm by looking into registry images running in the image","layout":"flow","updatedByUsername":"ibmconcert","numberOfBlocks":35,"version":5},"finally":null}