{"name":"GetApplicationByAppName","platform":"node","hash":"zTdo6IqWFyOPugumCG4puvKwaJVYrT7m5L8thEaoPgc=","blocks":[{"action":"system/IBM/Concert/Concert HTTP Request","name":"IBM_1","inputs":[{"name":"authKey","value":"$concert_c_api_key"},{"name":"method","value":"\"GET\""},{"name":"path","value":"\"/core/api/v1/applications\""},{"name":"query","value":"{\n    \"search\": \"sampleApp\"\n}"}]}, {"action":"assign","name":"Assign","variable":"$result","value":"$IBM_1.result.applications[0].id","skipped":true}, {"action":"assign","name":"Assign_1","variable":"$result","value":"$IBM_1.result"}],"variables":[{"name":"result","required":false,"isInput":false,"isOutput":true,"level":"INTERMEDIATE","type":{"type":"any"},"value":"\"\""},{"name":"concert_c_api_key","required":true,"isInput":true,"isOutput":false,"level":"INTERMEDIATE","type":{"type":"string"},"value":"\"\"","meta":{"authType":"IBM/ConcertAPIKey","subType":"authentication"}},{"name":"app_name","required":true,"isInput":true,"isOutput":false,"level":"INTERMEDIATE","type":{"type":"string"},"value":"\"\""}],"meta":{"workerGroup":"default","created":1767695880926,"lastUpdated":1767695880926,"description":"Workflow is to get by applicaton name and gives the application details","layout":"flow","updatedByUsername":"ibmconcert","numberOfBlocks":3,"version":5},"finally":null}