{"name":"loadAssesment","platform":"node","hash":"/3ryRK+rNWLIY3gjZakpdjVetwat0SG2KKTXq+Vw/9s=","blocks":[{"action":"comment","value":"Prepare the data for Resilience evaluate API"}, {"action":"assign","name":"PrepareData","variable":"$assessment_data","value":"{\n    \"timestamp\": new Date($timestamp).toISOString(),\n    \"version\": $applicationVersion,\n    \"profile\": $profileName,\n    \"target_type\": \"app\",\n    \"target\": $applicationName,\n    \"origin\": $origin,\n\n    \"custom_metadata\": {\n        \"origin_name\": $origin_name,\n        \"origin_url\": $origin_url\n    },\n    \"data\": $data\n}"}, {"action":"comment","value":"Generate assessments for Resilience"}, {"action":"system/IBM/Concert/Concert HTTP Request","name":"IBM_1","inputs":[{"name":"authKey","value":"$concert_api_key_auth"},{"name":"method","value":"\"POST\""},{"name":"path","value":"\"/resilience/assessment/api/v1/evaluate\""},{"name":"body","value":"$assessment_data"}]}, {"action":"assign","name":"Assign_1","variable":"$result","value":"$IBM_1.result"}],"variables":[{"name":"result","required":false,"isInput":false,"isOutput":true,"level":"INTERMEDIATE","type":{"type":"any"},"value":"\"\""},{"name":"applicationName","required":true,"isInput":true,"isOutput":false,"level":"INTERMEDIATE","type":{"type":"string"},"value":"\"\""},{"name":"profileName","required":true,"isInput":true,"isOutput":false,"level":"INTERMEDIATE","type":{"type":"string"},"value":"\"\""},{"name":"data","required":true,"isInput":true,"isOutput":false,"level":"INTERMEDIATE","type":{"type":"object"},"value":"{}"},{"name":"timestamp","required":true,"isInput":true,"isOutput":false,"level":"INTERMEDIATE","type":{"type":"number"},"value":"0"},{"name":"origin_name","required":true,"isInput":true,"isOutput":false,"level":"INTERMEDIATE","type":{"type":"string"},"value":"\"\""},{"name":"origin_url","required":false,"isInput":true,"isOutput":false,"level":"INTERMEDIATE","type":{"type":"string"},"value":"\"\""},{"name":"concert_api_key_auth","required":true,"isInput":true,"isOutput":false,"level":"INTERMEDIATE","type":{"type":"string"},"value":"\"\"","meta":{"authType":"IBM/ConcertAPIKey","subType":"authentication"}},{"name":"applicationVersion","required":true,"isInput":true,"isOutput":false,"level":"INTERMEDIATE","type":{"type":"string"},"value":"\"\""},{"name":"origin","required":true,"isInput":true,"isOutput":false,"level":"INTERMEDIATE","type":{"type":"string"},"value":"\"\""},{"name":"assessment_data","required":false,"isInput":false,"isOutput":true,"level":"INTERMEDIATE","type":{"type":"object"},"value":"{}"}],"meta":{"workerGroup":"default","created":1767695880973,"lastUpdated":1767695880973,"description":"Workflow is used to generate Assessments / Postures for Resilience and sends metrics to evaluate api.","layout":"flow","updatedByUsername":"ibmconcert","numberOfBlocks":5,"version":5},"finally":null}