{"name":"profileLookup","platform":"node","hash":"U2kGTECYYAvdNaei2wjxAvjL9aFXo1kOx6My2ngZzyQ=","blocks":[{"action":"comment","value":"Fetch Concert instance details"}, {"action":"comment","value":"profile lookup"}, {"action":"try","name":"Try_1","try":[{"action":"system/IBM/Concert/Concert HTTP Request","name":"IBM_1","inputs":[{"name":"authKey","value":"$concert_api_key_auth"},{"name":"method","value":"\"GET\""},{"name":"path","value":"\"/resilience/assessment/api/v1/profile/lookup/\" + $profile_name"}]},{"action":"assign","name":"Assign","variable":"$result","value":"$IBM_1.result"}],"catch":[]}],"variables":[{"name":"result","required":false,"isInput":false,"isOutput":true,"level":"INTERMEDIATE","type":{"type":"any"},"value":"\"\""},{"name":"profile_name","required":false,"isInput":true,"isOutput":false,"level":"INTERMEDIATE","type":{"type":"string"},"value":"\"\""},{"name":"concert_api_key_auth","required":true,"isInput":true,"isOutput":false,"level":"INTERMEDIATE","type":{"type":"string"},"value":"\"\"","meta":{"authType":"Common/APIKey","subType":"authentication"}}],"meta":{"workerGroup":"default","created":1767695881023,"lastUpdated":1767695881023,"description":"Workflow is to check profile exist or not.","layout":"flow","updatedByUsername":"ibmconcert","numberOfBlocks":5,"version":5},"finally":null}