{"name":"tool_passwordGrabber","platform":"node","hash":"tFbVPvEdOyWExFyJawSmzCcmhAlSAQqgEzrrz5KDJ4I=","blocks":[{"action":"system/Common/XML/XML to JSON","name":"xml_inputToJSON","inputs":[{"name":"xml","value":"$in_input"}]}, {"name":"Function_1","function":"var json = $xml_inputToJSON.result;\nvar users = [];\n\nfor (var user of json[\"tomcat-users\"].user) {\n    user = user.$;\n\n    users.push({\n        \"username\": user.username,\n        \"password\": user.password,\n        \"roles\": user.roles.split(\",\")\n    });\n}\n\n$result = users"}, {"action":"assign","name":"asgn_success","variable":"$success","value":"true"}],"variables":[{"name":"in_input","required":true,"isInput":true,"isOutput":false,"level":"INTERMEDIATE","type":{"type":"string"},"value":"\"\""},{"name":"result","required":false,"isInput":false,"isOutput":true,"level":"INTERMEDIATE","type":{"type":"any"},"value":"\"\""},{"name":"success","required":false,"isInput":false,"isOutput":true,"level":"INTERMEDIATE","type":{"type":"boolean"},"value":"false"},{"name":"debug","required":false,"isInput":false,"isOutput":true,"level":"INTERMEDIATE","type":{"type":"array"},"value":"[]"},{"name":"error","required":false,"isInput":false,"isOutput":true,"level":"INTERMEDIATE","type":{"type":"array"},"value":"[]"}],"meta":{"workerGroup":"default","layout":"flow","version":5,"lastUpdated":1762450744455,"updatedByUsername":"ibmconcert","numberOfBlocks":3,"created":1762450744455},"finally":null}