{"name":"2.1 - dis_tomcat_discovery","platform":"node","hash":"XDUmgk8SJcFYDNz58ryvRZbYp4iHH2v2x1sBrl3wSbM=","blocks":[{"action":"if","name":"If_1","condition":"$in_tomcat_pass == \"\" || $in_tomcat_user == \"\"","then":[{"action":"system/Common/Array/Array Push","name":"add_error","inputs":[{"name":"array","value":"$error"},{"name":"item","value":"\"Tomcat user not compliant:\" + $in_tomcat_user + \" / \" + $in_tomcat_pass"}]}],"else":[{"action":"system/Common/Status Message Update","name":"StatusMessageUpdate_1","inputs":[{"name":"message","value":"\"Checking JMX Application Info\""}]},{"name":"Split_1","action":"split","branches":[{"blocks":[{"action":"./dis_tomcat_jmx_war","name":"dis_war","inputs":[{"name":"in_tomcat_user","value":"$in_tomcat_user"},{"name":"in_tomcat_pass","value":"$in_tomcat_pass"},{"name":"in_server_authkey","value":"$in_server_authkey"},{"name":"in_server_host","value":"$in_server_host"},{"name":"in_tomcat_host","value":"$in_tomcat_host"},{"name":"in_tomcat_port","value":"$in_tomcat_port"},{"name":"in_ssh_port","value":"$in_ssh_port"}]},{"action":"assign","name":"Assign_app","variable":"$t_app_data","value":"$dis_war.result"}]},{"blocks":[{"action":"./dis_tomcat_jmx_memory","name":"dis_jmx","inputs":[{"name":"in_tomcat_user","value":"$in_tomcat_user"},{"name":"in_tomcat_pass","value":"$in_tomcat_pass"},{"name":"in_server_authkey","value":"$in_server_authkey"},{"name":"in_server_host","value":"$in_server_host"},{"name":"in_tomcat_host","value":"$in_tomcat_host"},{"name":"in_tomcat_port","value":"$in_tomcat_port"},{"name":"in_ssh_port","value":"$in_ssh_port"}]},{"action":"assign","name":"Assign_mem","variable":"$t_mem_data","value":"$dis_jmx.result"}]},{"blocks":[{"action":"./dis_tomcat_jmx_Threads","name":"dis_thread","inputs":[{"name":"in_tomcat_user","value":"$in_tomcat_user"},{"name":"in_tomcat_pass","value":"$in_tomcat_pass"},{"name":"in_server_authkey","value":"$in_server_authkey"},{"name":"in_server_host","value":"$in_server_host"},{"name":"in_tomcat_host","value":"$in_tomcat_host"},{"name":"in_tomcat_port","value":"$in_tomcat_port"},{"name":"in_ssh_port","value":"$in_ssh_port"}]},{"action":"assign","name":"Assign_thread","variable":"$t_thread_data","value":"$dis_thread.result"}]},{"blocks":[{"action":"./dis_tomcat_jmx_sessions","name":"dis_session","inputs":[{"name":"in_tomcat_user","value":"$in_tomcat_user"},{"name":"in_tomcat_pass","value":"$in_tomcat_pass"},{"name":"in_server_authkey","value":"$in_server_authkey"},{"name":"in_server_host","value":"$in_server_host"},{"name":"in_tomcat_host","value":"$in_tomcat_host"},{"name":"in_tomcat_port","value":"$in_tomcat_port"},{"name":"in_ssh_port","value":"$in_ssh_port"}]},{"action":"assign","name":"Assign_session","variable":"$t_session_data","value":"$dis_session.result"}]},{"blocks":[{"action":"./dis_tomcat_jmx_GC","name":"dis_GC","inputs":[{"name":"in_tomcat_user","value":"$in_tomcat_user"},{"name":"in_tomcat_pass","value":"$in_tomcat_pass"},{"name":"in_server_authkey","value":"$in_server_authkey"},{"name":"in_server_host","value":"$in_server_host"},{"name":"in_tomcat_host","value":"$in_tomcat_host"},{"name":"in_tomcat_port","value":"$in_tomcat_port"},{"name":"in_ssh_port","value":"$in_ssh_port"}]},{"action":"assign","name":"Assign_GC","variable":"$t_GC_data","value":"$dis_GC.result"}]}]},{"action":"./dis_tomcat_server_metrics","name":"dis_server_metrics","inputs":[{"name":"in_server_authkey","value":"$in_server_authkey"},{"name":"in_server_host","value":"$in_server_host"},{"name":"in_ssh_port","value":"$in_ssh_port"}]},{"action":"assign","name":"Assign_server_metrics","variable":"$t_server_metrics","value":"$dis_server_metrics.result"},{"action":"system/Common/Array/Array Concat","name":"ArrayConcat_server_metric_err","inputs":[{"name":"array1","value":"$error"},{"name":"array2","value":"$dis_server_metrics.error"}]},{"action":"assign","name":"Assign_err","variable":"$error","value":"$ArrayConcat_server_metric_err.result"},{"action":"foreach","name":"ForEach_1","list":"$t_app_data","blocks":[{"action":"assign","name":"Assign_3","variable":"$t_test","value":"$t_thread_data"},{"action":"./dis_tomcat_log_restart","name":"dis_restart","inputs":[{"name":"in_server_authkey","value":"$in_server_authkey"},{"name":"in_server_host","value":"$in_server_host"},{"name":"in_ssh_port","value":"$in_ssh_port"}]},{"action":"assign","name":"Assign_restart","variable":"$t_server_restart","value":"$dis_restart.result"},{"action":"system/Common/Array/Array Concat","name":"ArrayConcat_1","inputs":[{"name":"array1","value":"$error"},{"name":"array2","value":"$dis_restart.error"}]},{"action":"assign","name":"Assign_2","variable":"$error","value":"$ArrayConcat_1.result"},{"action":"if","name":"If_fileBased","condition":"$dis_restart.success","then":[{"name":"Function_1_1","function":"$t_app_full_info = {\n    \"App\": $ForEach_1.item,\n    \"Mem\": JSON.parse(JSON.stringify($t_mem_data)),\n    \"Thread\": JSON.parse(JSON.stringify($t_thread_data)),\n    \"Session\": JSON.parse(JSON.stringify($t_session_data)),\n    \"GC\": JSON.parse(JSON.stringify($t_GC_data)),\n    \"restart\": JSON.parse(JSON.stringify($t_server_restart)),\n    \"isUser\": $ForEach_1.item[\"isUser\"],\n    \"Server_metrics\": JSON.parse(JSON.stringify($t_server_metrics))\n}"}],"else":[{"name":"Function_1","function":"$t_app_full_info = {\n    \"App\": $ForEach_1.item,\n    \"Mem\": JSON.parse(JSON.stringify($t_mem_data)),\n    \"Thread\": JSON.parse(JSON.stringify($t_thread_data)),\n    \"Session\": JSON.parse(JSON.stringify($t_session_data)),\n    \"GC\": JSON.parse(JSON.stringify($t_GC_data)),\n    \"isUser\": $ForEach_1.item[\"isUser\"],\n    \"Server_metrics\": JSON.parse(JSON.stringify($t_server_metrics))\n}"}]},{"action":"system/Common/Array/Array Push","name":"ArrayPush_1","inputs":[{"name":"array","value":"$result"},{"name":"item","value":"Object.assign({}, $t_app_full_info)"}]}]},{"action":"assign","name":"Assign_1","variable":"$success","value":"true"}]}],"variables":[{"name":"in_tomcat_user","required":true,"isInput":true,"isOutput":false,"level":"INTERMEDIATE","type":{"type":"string"},"value":"\"\""},{"name":"in_tomcat_pass","required":true,"isInput":true,"isOutput":false,"level":"INTERMEDIATE","type":{"type":"string"},"value":"\"\""},{"name":"in_server_authkey","required":true,"isInput":true,"isOutput":false,"level":"INTERMEDIATE","type":{"type":"string"},"value":"\"\""},{"name":"in_server_host","required":true,"isInput":true,"isOutput":false,"level":"INTERMEDIATE","type":{"type":"string"},"value":"\"\""},{"name":"in_tomcat_host","required":false,"isInput":true,"isOutput":false,"level":"INTERMEDIATE","type":{"type":"string"},"value":"\"\""},{"name":"in_tomcat_port","required":true,"isInput":true,"isOutput":false,"level":"INTERMEDIATE","type":{"type":"string"},"value":"\"\""},{"name":"in_ssh_port","required":true,"isInput":true,"isOutput":false,"level":"INTERMEDIATE","type":{"type":"number"},"value":"22"},{"name":"in_fileBased","required":true,"isInput":true,"isOutput":false,"level":"INTERMEDIATE","type":{"type":"boolean"},"value":"false"},{"name":"result","required":false,"isInput":false,"isOutput":true,"level":"INTERMEDIATE","type":{"type":"array"},"value":"[]"},{"name":"debug","required":false,"isInput":false,"isOutput":true,"level":"INTERMEDIATE","type":{"type":"any"},"value":"\"\""},{"name":"success","required":false,"isInput":false,"isOutput":true,"level":"INTERMEDIATE","type":{"type":"boolean"},"value":"false"},{"name":"error","required":false,"isInput":false,"isOutput":true,"level":"INTERMEDIATE","type":{"type":"array"},"value":"[]"},{"name":"t_app_data","required":false,"isInput":false,"isOutput":false,"level":"INTERMEDIATE","type":{"type":"any"},"value":"\"\""},{"name":"t_mem_data","required":false,"isInput":false,"isOutput":false,"level":"INTERMEDIATE","type":{"type":"any"},"value":"\"\""},{"name":"t_thread_data","required":false,"isInput":false,"isOutput":false,"level":"INTERMEDIATE","type":{"type":"any"},"value":"\"\""},{"name":"t_app_full_info","required":false,"isInput":false,"isOutput":false,"level":"INTERMEDIATE","type":{"type":"object"},"value":"{}"},{"name":"t_test","required":false,"isInput":false,"isOutput":false,"level":"INTERMEDIATE","type":{"type":"any"},"value":"\"\""},{"name":"t_session_data","required":false,"isInput":false,"isOutput":false,"level":"INTERMEDIATE","type":{"type":"any"},"value":"\"\""},{"name":"t_GC_data","required":false,"isInput":false,"isOutput":false,"level":"INTERMEDIATE","type":{"type":"any"},"value":"\"\""},{"name":"t_server_restart","required":false,"isInput":false,"isOutput":false,"level":"INTERMEDIATE","type":{"type":"number"},"value":"0"},{"name":"t_server_metrics","required":false,"isInput":false,"isOutput":false,"level":"INTERMEDIATE","type":{"type":"any"},"value":"\"\""}],"meta":{"workerGroup":"default","layout":"flow","version":5,"lastUpdated":1762456413400,"updatedByUsername":"ibmconcert","numberOfBlocks":34},"finally":null}