{"name":"dis_tomcat_log_restart","platform":"node","hash":"lMxMIgUzdgPLCP4QMrPwzh+yoSPlSfaNpihoKUXWtxk=","blocks":[{"name":"Function_1","function":"var  d = new Date();\n $t_date_1 = d.getTime();\n \n d.setDate(d.getDate() - 1);\n\n $t_date_0 = d.getTime();\n"}, {"action":"system/Common/DateTime/Date Format","name":"DateFormat_0","inputs":[{"name":"timestamp","value":"$t_date_0"},{"name":"format","value":"\"yyyy-MM-DD\""}]}, {"action":"system/Common/DateTime/Date Format","name":"DateFormat_1","inputs":[{"name":"timestamp","value":"$t_date_1"},{"name":"format","value":"\"yyyy-MM-DD\""}]}, {"action":"assign","name":"Assign_cmd","variable":"$t_cmd","value":"\"grep -h 'Server startup' \" + $t_catalina_path + \"/logs/catalina.\" + $DateFormat_0.result + \".log | wc -l\""}, {"action":"system/Common/SSH/SSH","name":"SSH_date_0","inputs":[{"name":"authKey","value":"$in_server_authkey"},{"name":"command","value":"$t_cmd"},{"name":"host","value":"$in_server_host"},{"name":"port","value":"$in_ssh_port"}]}, {"action":"if","name":"If_date10","condition":"$SSH_date_0.success","then":[{"action":"assign","name":"Assign_0","variable":"$t_restart","value":"$t_restart + parseInt($SSH_date_0.result)"}],"else":[{"action":"system/Common/Array/Array Push","name":"ArrayPush_1_1","inputs":[{"name":"array","value":"$error"},{"name":"item","value":"$SSH_date_0.error"}]},{"action":"exit"}]}, {"action":"assign","name":"Assign_cmd_1","variable":"$t_cmd","value":"\"grep -h 'Server startup' \" + $t_catalina_path + \"/logs/catalina.\" + $DateFormat_1.result + \".log | wc -l\""}, {"action":"system/Common/SSH/SSH","name":"SSH_date_1","inputs":[{"name":"authKey","value":"$in_server_authkey"},{"name":"command","value":"$t_cmd"},{"name":"host","value":"$in_server_host"},{"name":"port","value":"$in_ssh_port"}]}, {"action":"if","name":"If_date1","condition":"$SSH_date_1.success","then":[{"action":"assign","name":"Assign_1","variable":"$t_restart","value":"$t_restart + parseInt($SSH_date_1.result)"}],"else":[{"action":"system/Common/Array/Array Push","name":"ArrayPush_1","inputs":[{"name":"array","value":"$error"},{"name":"item","value":"$SSH_date_1.error"}]},{"action":"exit"}]}, {"action":"assign","name":"Assign_result","variable":"$result","value":"$t_restart"}, {"action":"assign","name":"Assign_success","variable":"$success","value":"true"}],"variables":[{"name":"in_server_authkey","required":true,"isInput":true,"isOutput":false,"level":"INTERMEDIATE","type":{"type":"string"},"value":"\"\""},{"name":"in_server_host","required":true,"isInput":true,"isOutput":false,"level":"INTERMEDIATE","type":{"type":"string"},"value":"\"\""},{"name":"in_ssh_port","required":true,"isInput":true,"isOutput":false,"level":"INTERMEDIATE","type":{"type":"number"},"value":"22"},{"name":"result","required":false,"isInput":false,"isOutput":true,"level":"INTERMEDIATE","type":{"type":"number"},"value":"0"},{"name":"success","required":false,"isInput":false,"isOutput":true,"level":"INTERMEDIATE","type":{"type":"boolean"},"value":"false"},{"name":"debug","required":false,"isInput":false,"isOutput":true,"level":"INTERMEDIATE","type":{"type":"object"},"value":"{}"},{"name":"error","required":false,"isInput":false,"isOutput":true,"level":"INTERMEDIATE","type":{"type":"array"},"value":"[]"},{"name":"t_date","required":false,"isInput":false,"isOutput":false,"level":"INTERMEDIATE","type":{"type":"any"},"value":"\"\""},{"name":"t_date_0","required":false,"isInput":false,"isOutput":false,"level":"INTERMEDIATE","type":{"type":"any"},"value":"\"\""},{"name":"t_date_1","required":false,"isInput":false,"isOutput":false,"level":"INTERMEDIATE","type":{"type":"any"},"value":"\"\""},{"name":"t_cmd","required":false,"isInput":false,"isOutput":false,"level":"INTERMEDIATE","type":{"type":"string"},"value":"\"\""},{"name":"t_catalina_path","required":false,"isInput":false,"isOutput":false,"level":"INTERMEDIATE","type":{"type":"string"},"value":"\"/opt/tomcat\""},{"name":"t_restart","required":false,"isInput":false,"isOutput":false,"level":"INTERMEDIATE","type":{"type":"number"},"value":"0"}],"meta":{"workerGroup":"default","layout":"flow","version":5,"lastUpdated":1762456413552,"updatedByUsername":"ibmconcert","numberOfBlocks":17},"finally":null}