{"name":"ServiceNow_Resilience_Sample","platform":"node","hash":"WxORAn8lMMwrR66YyI7ZMMDmzWgnLvM6jw3MIM/TSdU=","blocks":[{"action":"./helper/FetchAssessmentTime","name":"fetchAssessment","inputs":[{"name":"concertAPIKey","value":"$concertAPIKey"},{"name":"concertConfigAuth","value":"$concertConfigAuth"},{"name":"applicationName","value":"$applicationName"},{"name":"profileName","value":"$profileName"},{"name":"origin","value":"$origin"},{"name":"origin_name","value":"$origin_name"},{"name":"defaultWindowSize","value":"$defaultWindowSize"}]}, {"name":"Function_2","function":"if($startTimestamp === 0) {\n  $startTimestamp = $fetchAssessment.result.startTimestamp;\n}\n\n$endTimestamp = $fetchAssessment.result.endTimestamp;\n\nif (isNaN($startTimestamp) || isNaN($endTimestamp)) {\n    $result = \"Error\";\n} else {\n    $result = \"Success\";\n}"}, {"action":"if","name":"If_1","condition":"$result === \"Success\"","then":[{"action":"comment","value":"Get metrics to calculate"},{"action":"./ServiceNow_Fetch_Metrics","name":"getMetrics","inputs":[{"name":"serviceNowAuthKey","value":"$serviceNowAuthKey"},{"name":"applicationName","value":"$applicationName"},{"name":"startTimestamp","value":"$startTimestamp"},{"name":"serviceNowHost","value":"$serviceNowHost"}]},{"name":"Function_3","function":"const result = $getMetrics.result;\n\n\nif (result.statusCode !== 200) {\n\n    if(result.statusCode == 401){\n        $message = `Unauthorized`;\n        $result = \"error\";\n    } else{\n        $message = `Received invalid status code ${result.statusCode}.`;\n        $result = \"error\";\n    }\n}else if (!result.result.problems || result.result.problems.length === 0) {\n    $message = \"Problem data is empty.\";\n    $result = \"error\";\n} else {\n    $message = \"Success: Problem data retrieved.\";\n    $result = \"success\";\n}"},{"action":"if","name":"If_2","condition":"$result === \"success\"","then":[{"action":"comment","value":"Calculate and Transform metrics\n"},{"name":"Function_1","function":"const originalJson = $getMetrics.result.result\n\nconst requiredKeys = [\n    \"number\",\n    \"created\",\n    \"opened_by\",\n    \"state\",\n    \"status\",\n    \"prb_approval_status\",\n    \"updated\",\n    \"affected_activity\",\n    \"severity\",\n    \"outage_start\",\n    \"outage_end\",\n    \"outage_duration\",\n    \"caused_by_change\",\n    \"detection_source\"\n  ];\n  \n  const filteredProblems = originalJson.problems.map(problem => {\n    return requiredKeys.reduce((filtered, key) => {\n      filtered[key] = problem[key];\n      return filtered;\n    }, {});\n  });\n  \nconst inputData = filteredProblems\n\nfunction parseTime(timeStr) {\n    return timeStr ? new Date(timeStr) : null;\n};\n\nfunction minutesBetween(a, b) {\n    return (a && b) ? (a - b) / 60000 : null;\n}\n\nfunction computeMetrics(entry) {\n    const created = parseTime(entry.created);\n    const updated = parseTime(entry.updated);\n    const outageStart = parseTime(entry.outage_start);\n    const outageEnd = parseTime(entry.outage_end);\n    const severity = entry.severity;\n    const status = entry.status;\n    const causedByChange = entry.caused_by_change;\n    const timeToFix = (status.startsWith(\"resolved\")) ? minutesBetween(updated, created) : null;\n    const duration = minutesBetween(outageEnd, outageStart);\n    const mtta = minutesBetween(outageStart, created);\n    const mttd = minutesBetween(outageEnd, created);\n    const mttdiagnose = (outageEnd && created && timeToFix != null) ? minutesBetween(outageEnd, created) - timeToFix : null;\n    const mttmitigate = (duration != null && mttdiagnose != null) ? duration - mttdiagnose : null;\n\n    return {\n        mtta,\n        mtta_sev1: severity === 1 ? mtta : null,\n        mtta_sev2: severity === 2 ? mtta : null,\n        mttd,\n        mttd_sev1: severity === 1 ? mttd : null,\n        mttd_sev2: severity === 2 ? mttd : null,\n        mttdiagnose,\n        mttdiagnose_sev1: severity === 1 ? mttdiagnose : null,\n        mttdiagnose_sev2: severity === 2 ? mttdiagnose : null,\n        mttmitigate,\n        mttmitigate_sev1: severity === 1 ? mttmitigate : null,\n        mttmitigate_sev2: severity === 2 ? mttmitigate : null,\n        mttr_sev1: severity === 1 ? duration : null,\n        mttr_sev2: severity === 2 ? duration : null,\n        mttr_sev1_by_change: severity === 1 && causedByChange ? duration : null,\n        mttr_sev2_by_change: severity === 2 && causedByChange ? duration : null\n    };\n}\n\nconst results = [];\n\ninputData.forEach((entry) => {\n    const metrics = computeMetrics(entry);\n    results.push({\n        system: entry.number,\n        severity: entry.severity,\n        ...metrics\n    });\n});\n\nfunction calculateAverage(list) {\n    const valid = list.filter(v => v !== null);\n    return valid.length ? valid.reduce((a, b) => a + b, 0) / valid.length : null;\n}\n\nfunction calculatePercentages(results, inputData) {\n    const total = results.length;\n    const total_sev1 = results.filter(r => r.severity === 1).length;\n    const total_sev2 = results.filter(r => r.severity === 2).length;\n\n    return {\n        \"pct_sev1_incidents_by_change\": String(total_sev1 === 0 ? null : (results.filter(r => r.severity === 1 && r.mttr_sev1_by_change !== null).length / total_sev1) * 100),\n        \"pct_sev2_incidents_by_change\": String(total_sev2 === 0 ? null : (results.filter(r => r.severity === 2 && r.mttr_sev2_by_change !== null).length / total_sev2) * 100),\n        \"pct_sev1_incidents_detected_by_monitoring\": String(total_sev1 === 0 ? null : (results.filter(\n            r => r.severity === 1 && inputData.find(p => p.number === r.system).detection_source === \"monitoring_tool\"\n        ).length / total_sev1) * 100),\n        \"pct_sev2_incidents_detected_by_monitoring\": String(total_sev2 === 0 ? null : (results.filter(\n            r => r.severity === 2 && inputData.find(p => p.number === r.system).detection_source === \"monitoring_tool\"\n        ).length / total_sev2) * 100),\n        \"pct_incidents_detected_by_monitoring\": String(total === 0 ? null : (results.filter(r => inputData.find(p => p.number === r.system).detection_source === \"monitoring_tool\").length / total) * 100)\n    };\n}\n\n// Helper function to check if value is valid (not null, undefined, \"\", or \"null\")\nconst isValidValue = (val) => val !== null && val !== undefined && val !== '' && val !== 'null' && val !== 0 && val !== '0' && val >0;\n\nconst appendIfValid = (obj, key, val) => {\n    if (isValidValue(val)) {\n        obj[key] = val;\n    }\n};\n\nlet data = {};\n\n// List of metrics you want to include\nconst metrics = {\n    // \"mins_mtta\": String((calculateAverage(results.map(r => r.mtta)))),\n    // \"mins_mtta_sev1\": String((calculateAverage(results.map(r => r.mtta_sev1)))),\n    // \"mins_mtta_sev2\": String((calculateAverage(results.map(r => r.mtta_sev2)))),\n    \"mins_mttd\": String((calculateAverage(results.map(r => r.mttd)))),\n    \"mins_mttd_sev1\": String((calculateAverage(results.map(r => r.mttd_sev1)))),\n    \"mins_mttd_sev2\": String((calculateAverage(results.map(r => r.mttd_sev2)))),\n    \"mins_mttdiagnose\": String((calculateAverage(results.map(r => r.mttdiagnose)))),\n    \"mins_mttdiagnose_sev1\": String((calculateAverage(results.map(r => r.mttdiagnose_sev1)))),\n    \"mins_mttdiagnose_sev2\": String((calculateAverage(results.map(r => r.mttdiagnose_sev2)))),\n    \"mins_mttmitigate\": String((calculateAverage(results.map(r => r.mttmitigate)))),\n    \"mins_mttmitigate_sev1\": String((calculateAverage(results.map(r => r.mttmitigate_sev1)))),\n    \"mins_mttmitigate_sev2\": String((calculateAverage(results.map(r => r.mttmitigate_sev2)))),\n    \"mins_mttr_sev1\": String((calculateAverage(results.map(r => r.mttr_sev1)))),\n    \"mins_mttr_sev2\": String((calculateAverage(results.map(r => r.mttr_sev2)))),\n    \"mins_mttr_sev1_by_change\": String((calculateAverage(results.map(r => r.mttr_sev1_by_change)))),\n    \"mins_mttr_sev2_by_change\": String((calculateAverage(results.map(r => r.mttr_sev2_by_change)))),\n    ...Object.fromEntries(\n            Object.entries(calculatePercentages(results, inputData))\n                .map(([key, val]) => [key, (val)])\n        )\n};\n\n// Append valid metrics\nfor (const [key, value] of Object.entries(metrics)) {\n    appendIfValid(data, key, value);\n}\n\n// Handle calculatePercentages separately\nconst percentages = calculatePercentages(results, inputData);\n\nfor (const [key, value] of Object.entries(percentages)) {\n    appendIfValid(data, key, String(value));\n}\n\n\n$result = data"},{"action":"./helper/LoadAssessments","name":"loadAssessments","inputs":[{"name":"applicationName","value":"$applicationName"},{"name":"profileName","value":"$profileName"},{"name":"data","value":"$result"},{"name":"timestamp","value":"$endTimestamp"},{"name":"concert_config_auth","value":"$concertConfigAuth"},{"name":"origin_name","value":"$origin_name"},{"name":"origin_url","value":"$origin_url"},{"name":"concert_api_key_auth","value":"$concertAPIKey"},{"name":"applicationVersion","value":"$applicationVersion"},{"name":"origin","value":"$origin"}]},{"action":"assign","name":"assessmentResults","variable":"$assessment_result","value":"$loadAssessments.result"}],"else":[{"action":"assign","name":"errorHandlingStatus","variable":"$result","value":"{\n    \"status\": \"Error\",\n    \"Message\": $message\n}"}]}],"else":[{"action":"assign","name":"errorBlockFetchTime","variable":"$result","value":"{\n    \"status\": \"Error\",\n    \"message\": \"Error while fetching assesment time window\"\n}"}]}],"variables":[{"name":"startTimestamp","required":false,"isInput":false,"isOutput":false,"level":"INTERMEDIATE","type":{"type":"number"},"value":"1735689600000"},{"name":"endTimestamp","required":false,"isInput":false,"isOutput":false,"level":"INTERMEDIATE","type":{"type":"number"},"value":"0"},{"name":"applicationName","required":true,"isInput":true,"isOutput":false,"level":"INTERMEDIATE","type":{"type":"string"},"value":"\"\""},{"name":"profileName","required":true,"isInput":true,"isOutput":false,"level":"INTERMEDIATE","type":{"type":"string"},"value":"\"nfr_critical_apps_profile\""},{"name":"applicationVersion","required":true,"isInput":true,"isOutput":false,"level":"INTERMEDIATE","type":{"type":"string"},"value":"\"\""},{"name":"serviceNowHost","required":true,"isInput":true,"isOutput":false,"level":"INTERMEDIATE","type":{"type":"string"},"value":"\"\""},{"name":"origin_url","required":true,"isInput":true,"isOutput":false,"level":"INTERMEDIATE","type":{"type":"string"},"value":"\"\""},{"name":"origin","required":true,"isInput":true,"isOutput":false,"level":"INTERMEDIATE","type":{"type":"string"},"value":"\"ITSM\""},{"name":"origin_name","required":true,"isInput":true,"isOutput":false,"level":"INTERMEDIATE","type":{"type":"string"},"value":"\"ServiceNow\""},{"name":"concertAPIKey","required":true,"isInput":true,"isOutput":false,"level":"INTERMEDIATE","type":{"type":"string"},"value":"\"\""},{"name":"concertConfigAuth","required":true,"isInput":true,"isOutput":false,"level":"INTERMEDIATE","type":{"type":"string"},"value":"\"\""},{"name":"serviceNowAuthKey","required":true,"isInput":true,"isOutput":false,"level":"INTERMEDIATE","type":{"type":"string"},"value":"\"\"","meta":{"authType":"ANY","subType":"authentication"}},{"name":"defaultWindowSize","required":false,"isInput":true,"isOutput":false,"level":"INTERMEDIATE","type":{"type":"number"},"value":"300000"},{"name":"assessment_result","required":false,"isInput":false,"isOutput":true,"level":"INTERMEDIATE","type":{"type":"object"},"value":"{}"},{"name":"calculateMetricJson","required":false,"isInput":false,"isOutput":false,"level":"INTERMEDIATE","type":{"type":"object"},"value":"{}"},{"name":"result","required":false,"isInput":false,"isOutput":true,"level":"INTERMEDIATE","type":{"type":"any"},"value":"\"\""},{"name":"time","required":false,"isInput":false,"isOutput":false,"level":"INTERMEDIATE","type":{"type":"object"},"value":"{}"},{"name":"message","required":false,"isInput":false,"isOutput":false,"level":"INTERMEDIATE","type":{"type":"string"},"value":"\"\""}],"meta":{"workerGroup":"default","created":1771280299986,"lastUpdated":1771280352145,"description":"This workflow retrieves problems/incidents from ServiceNow over a specified time period, calculates  percentage of incidents (sev1 and sev2) in ServiceNow that are either resolved by change or detected by monitoring tools, and sends the processed data to the Concert Resilience evaluation API.","layout":"flow","updatedByUsername":"admin","numberOfBlocks":13,"version":5,"tags":[{"name":"Consumer","value":"Concert"},{"name":"Concert version","value":"2.3.0"},{"name":"Category","value":"Resilience"}]},"finally":null}