{"name":"3-create-selection-grouping","platform":"node","hash":"mkRJl/kyEx7bnYRYtreLPzFOzPpyyYWmJC4bi+sWmj8=","blocks":[{"action":"assign","name":"Assign_clusterArn","variable":"$in_service.clusterArn","value":"$in_cluster_details.clusterArn"}, {"action":"assign","name":"Assign_clusterName","variable":"$in_service.clusterName","value":"$in_cluster_details.clusterName"}, {"action":"system/Common/Array/Array Push","name":"push_result","inputs":[{"name":"array","value":"$result"},{"name":"item","value":"{\n    \"concert\": {\n        \"applicationName\": $in_application_discovery.concert.applicationName,\n        \"applicationCriticality\": $in_application_discovery.concert.applicationCriticality,\n        \"applicationDataAssessmentImpactRisk\": $in_application_discovery.concert.applicationDataAssessmentImpactRisk\n    },\n    \"data\": $in_service\n}"}]}],"variables":[{"name":"result","required":false,"isInput":false,"isOutput":true,"level":"INTERMEDIATE","type":{"type":"array"},"value":"[]"},{"name":"in_service","required":true,"isInput":true,"isOutput":false,"level":"INTERMEDIATE","type":{"type":"object"},"value":"{}"},{"name":"in_cluster_details","required":true,"isInput":true,"isOutput":false,"level":"INTERMEDIATE","type":{"type":"object"},"value":"{}"},{"name":"in_application_discovery","required":true,"isInput":true,"isOutput":false,"level":"INTERMEDIATE","type":{"type":"object"},"value":"{}"}],"meta":{"workerGroup":"default","layout":"flow","version":5,"lastUpdated":1762476934433,"updatedByUsername":"ibmconcert","numberOfBlocks":3},"finally":null}