{"name":"Ingest JSON Certificates Data into IBM Concert","platform":"node","hash":"4R1/VXjFCvhpfIsBNYQtH2lVzQGgSuipWtqHY1b9G+0=","blocks":[{"action":"comment","value":"uploading the file to Concert"}, {"action":"system/IBM/Concert/Import Data/Upload Files to Concert","name":"uploadFile","inputs":[{"name":"file","value":"{\n    \"data_type\": $data_type,\n    \"filename\": $json\n}"},{"name":"fileType","value":"\"json\""}]}, {"action":"assign","name":"Assign_1","variable":"$result","value":"$uploadFile.result"}],"variables":[{"name":"json","required":true,"isInput":true,"isOutput":false,"level":"INTERMEDIATE","type":{"type":"string"},"value":"\"\""},{"name":"data_type","required":true,"isInput":true,"isOutput":false,"level":"INTERMEDIATE","type":{"type":"string"},"value":"\"certificate\""},{"name":"result","required":false,"isInput":false,"isOutput":true,"level":"INTERMEDIATE","type":{"type":"any"},"value":"\"\""}],"meta":{"workerGroup":"default","created":1771277079892,"lastUpdated":1771277079892,"description":"Ingest certificates data into IBM Concert","layout":"flat","updatedByUsername":"admin","numberOfBlocks":3,"version":5},"finally":null}