{"name":"Hashicorp Vault Rotation Of Certificates","platform":"node","hash":"I2EYmcgAuSAeMy3jdID2YgFOlvVUiZNOzTUKiWJEMGw=","blocks":[{"action":"assign","name":"Assign_2","value":"$certificates","variable":"$all_certificates_list_for_rotation"}, {"action":"foreach","name":"ForEachCertificate","list":"$certificates","blocks":[{"action":"try","name":"IfError","try":[{"action":"comment","value":"check whether the source is \"Hashicorp_vault\""},{"action":"if","name":"If_pki","condition":"($ForEachCertificate.item.metadata.source == \"HashiCorp_Vault\")","then":[{"action":"comment","value":"Parses certificate metadata to extract the Common Name (CN)"},{"name":"getCommonName","function":"function getCommonName(forEachItem) {\n  const subject = forEachItem?.subject || \"\";\n  const common_name = subject.replace(/^CN=/i, \"\").trim();\n  return common_name; \n}\n\n$common_name = getCommonName($ForEachCertificate.item);\n"},{"action":"assign","name":"CommonName","variable":"$common_name","value":"$common_name"},{"action":"if","name":"revocationTImeCheck","condition":"$ForEachCertificate.item.metadata.revocationTime == 0 &&  !$ForEachCertificate.item?.expired","then":[{"action":"comment","value":"Creates a new certificate under same PKI role for rotation."},{"action":"assign","name":"Assign_1","variable":"$extension_time","value":"Number($extended_days) * 24 + \"h\""},{"action":"system/HashiCorp/Vault/Secrets/PKI/Issue With Role","name":"RotateCert","inputs":[{"name":"authKey","value":"$service_auth"},{"name":"enginePath","value":"$ForEachCertificate.item.metadata.enginePath"},{"name":"role","value":"$ForEachCertificate.item.metadata.role"},{"name":"Body","value":"{\n  \"common_name\": $common_name,\n  \"ttl\": $extension_time,\n  \"version_custom_metadata\": {\n    \"custom_version_key\": \"workflow\"\n  }\n}"}]},{"action":"system/Common/Array/Array Push","name":"ArrayPush_Success","inputs":[{"name":"array","value":"$rotation_summary.summary"},{"name":"item","value":"{\n  \"success\": true,\n  \"oldSerial\": $ForEachCertificate.item.serial_number,\n  \"oldDecodedSerial\":BigInt(\"0x\" + $ForEachCertificate.item.serial_number.replace(/:/g, \"\")).toString(),\n  \"newSerial\": $RotateCert.result.data.serial_number,\n  \"expiry\": $RotateCert.result.data.expiration,\n  \"decoded_serial_number\": BigInt(\"0x\" + $RotateCert.result.data.serial_number.replace(/:/g, \"\")).toString()\n}"}]}],"else":[{"action":"system/Common/Array/Array Push","name":"ArrayPush_Failure","inputs":[{"name":"array","value":"$rotation_summary.summary"},{"name":"item","value":"{\n    \"success\": false,\n    \"certificate\": $ForEachCertificate.item,\n    \"error\": \"Certificate already Revoked or Expired.\"\n}"}]}]},{"action":"if","name":"checkSuccess","condition":"$certificates != null","then":[{"action":"comment","value":"Revokes the old certificate after replacement."},{"action":"system/HashiCorp/Vault/Secrets/PKI/Revoke","name":"RevokeCert","inputs":[{"name":"authKey","value":"$service_auth"},{"name":"enginePath","value":"$ForEachCertificate.item.metadata.enginePath"},{"name":"Body","value":"{\n  \"serial_number\": $ForEachCertificate.item.metadata.secret_id\n}"}]},{"action":"system/Common/Sleep","name":"Sleep","inputs":[{"name":"seconds","value":"2"}]}],"else":[]}],"else":[]}],"catch":[{"action":"system/Common/Array/Array Push","name":"add_to_summaryError","inputs":[{"name":"array","value":"$rotation_summary.summary"},{"name":"item","value":"{\n    \"success\": false,\n    \"certificate\": $ForEachCertificate.item.metadata.secret_id,\n    \"error\": $IfError.message\n}"}]}]},{"action":"comment","value":"Assigns the rotation summary"}]}],"variables":[{"name":"service_auth","required":true,"isInput":true,"isOutput":false,"level":"INTERMEDIATE","type":{"type":"string"},"value":"\"\"","meta":{"description":"Hashicorp","authType":"ANY","subType":"authentication"}},{"name":"certificates","required":true,"isInput":true,"isOutput":false,"level":"INTERMEDIATE","type":{"type":"array"},"value":"[]"},{"name":"extended_days","required":true,"isInput":true,"isOutput":false,"level":"INTERMEDIATE","type":{"type":"string"},"value":"\"\""},{"name":"all_certificates_list_for_rotation","required":false,"isInput":false,"isOutput":true,"level":"INTERMEDIATE","type":{"type":"string"},"value":"\"\""},{"name":"rotation_summary","required":false,"isInput":false,"isOutput":true,"level":"INTERMEDIATE","type":{"type":"object"},"value":"{\n    \"summary\": []\n}"},{"name":"common_name","required":false,"isInput":false,"isOutput":true,"level":"INTERMEDIATE","type":{"type":"any"},"value":"\"\""},{"name":"extension_time","required":false,"isInput":false,"isOutput":true,"level":"INTERMEDIATE","type":{"type":"string"},"value":"\"\""},{"name":"final_summary","required":false,"isInput":false,"isOutput":false,"level":"INTERMEDIATE","type":{"type":"object"},"value":"{\n    \"rotation_summary\": []\n}"},{"name":"certificate_to_delete","required":false,"isInput":false,"isOutput":false,"level":"INTERMEDIATE","type":{"type":"array"},"value":"[]"},{"name":"output","required":false,"isInput":false,"isOutput":true,"level":"INTERMEDIATE","type":{"type":"array"},"value":"[]"}],"meta":{"workerGroup":"default","created":1771276705216,"lastUpdated":1771276856748,"description":"Flow will do the rotation of eligible certificates.","layout":"flow","updatedByUsername":"admin","numberOfBlocks":20,"version":5,"tags":[{"name":"Consumer","value":"Concert"},{"name":"Concert version","value":"2.3.0"},{"name":"Category","value":"Certificates"}]},"finally":null}