{"name":"HashiCorp Vault Discovery of certificate","platform":"node","hash":"3d4xBA/40BaBE0V4c+Zz6/zHW/dVPZIlYl9R0edBz40=","blocks":[{"name":"EnvCheck","function":"if (!$environment) {\n  throw new Error('403: failed, env_name is missing');\n}\n\n"}, {"action":"try","name":"Try_FetchToken","try":[{"action":"comment","value":"FetchAllSecretEngines block Connects to HashiCorp Vault and retrieves a list of all the enabled secret engines "},{"action":"system/HashiCorp/Vault/System/Mounts List Secrets Engines","name":"FetchAllSecretEngines","inputs":[{"name":"authKey","value":"$service_auth"}]},{"action":"assign","name":"FetchAllCertEngines","variable":"$fetch_all_cert_engines","value":"JSON.stringify($FetchAllSecretEngines.result)"}],"catch":[{"action":"comment","value":"Validates whether the current Vault token is still active and valid."},{"action":"if","name":"IfInvalidToken","condition":"$Try_FetchToken.message.includes(\"invalid token\")","then":[{"action":"throw","error":"\"The existing token has expired or is not valid. Please generate a new token in Vault and update the configuration.\""},{"action":"comment","value":"Triggers a call to create a new Vault token"}],"else":[]}]}, {"action":"if","name":"CheckTokenExpiry","condition":"$fetch_all_cert_engines.includes(\"data\")","then":[{"name":"GetPKIEngineNames","function":"function getPkiEngineNames(vaultResponse) {\n    if (!vaultResponse || !vaultResponse.data || typeof vaultResponse.data !== \"object\") {\n        return [];\n    }\n\n    const data = vaultResponse.data;\n    return Object.entries(data).filter(([_, value]) => value.type === \"pki\").map(([key, _]) => key.replace(/\\/$/, \"\"));\n};\n\n$result = getPkiEngineNames($FetchAllSecretEngines.result)"},{"action":"foreach","name":"ForEachSecretEngine","list":"$result","blocks":[{"action":"comment","value":"Uses the Vault API (/pki/certs) to fetch the list of all issued certificate serial numbers"},{"action":"system/HashiCorp/Vault/Secrets/PKI/List Certs","name":"ListAllCerts","inputs":[{"name":"authKey","value":"$service_auth"},{"name":"enginePath","value":"$ForEachSecretEngine.item"}]},{"action":"foreach","name":"ForEachCertKey","list":"$ListAllCerts.result.data.keys","blocks":[{"action":"system/Common/Array/Array Push","name":"SecretEngine_array","inputs":[{"name":"array","value":"$arrayList"},{"name":"item","value":"{\n    \"SecretEngineName\": $ForEachSecretEngine.item,\n   \"Key\": $ForEachCertKey.item\n}"}]}]},{"action":"foreach","name":"ForEachCertificate","list":"$arrayList","blocks":[{"action":"comment","value":"Retrieves certificate details like common name, expiration date, issue date, revocation status, and serial number."},{"action":"system/HashiCorp/Vault/Secrets/PKI/Read Cert","name":"ReadCert","inputs":[{"name":"authKey","value":"$service_auth"},{"name":"enginePath","value":"$ForEachCertificate.item.SecretEngineName"},{"name":"serial","value":"$ForEachCertificate.item.Key"}]},{"action":"comment","value":"Lists all roles under the current PKI engine to identify certificate issuance configurations."},{"action":"system/HashiCorp/Vault/Secrets/PKI/List Roles","name":"ListRole","inputs":[{"name":"authKey","value":"$service_auth"},{"name":"enginePath","value":"$ForEachCertificate.item.SecretEngineName"}]},{"action":"comment","value":"decoding the certificate"},{"action":"./helpers/Decode an X.509 Certificate","name":"decode","inputs":[{"name":"certificate","value":"$ReadCert.result.data.certificate"},{"name":"metadata","value":"{\n    \"secret_id\": $ForEachCertificate.item.Key,\n    \"service\": \"HashiCorp_Vault\",\n    \"engine_path\": $ForEachCertificate.item.SecretEngineName,\n    \"revocation_time\": $ReadCert.result.data.revocation_time,\n\n    \"role\": ($ListRole.result.data.keys.length === 1 ? $ListRole.result.data.keys[0] : ($ListRole.result.data.keys.find(\n        r => $ReadCert.result.data.certificate.toLowerCase().includes(r.toLowerCase())\n    ) || $ListRole.result.data.keys[0]))\n}"}]},{"name":"Function_1","function":"const validTo = $decode.result.validTo; // \"Jan 12 10:11:18 2026 GMT\"\n\nconst expiryDate = new Date(validTo);\n\nif (isNaN(expiryDate.getTime())) {\n  throw new Error(\"Invalid certificate expiry date format\");\n}\n\n$isExpired = Date.now() >= expiryDate.getTime();\n\n"},{"action":"if","name":"revocationCheck","condition":"($ReadCert.result.data.revocation_time == 0) && ($decode.result.subject !== $decode.result.issuer) && !$isExpired","then":[{"action":"system/Common/Array/Array Push","name":"certificate_array","inputs":[{"name":"array","value":"$cert_array"},{"name":"item","value":"$decode.result"}]},{"action":"comment","value":"ingesting to concert"},{"action":"system/Common/Array/Array Push","name":"IngestCertList","inputs":[{"name":"array","value":"$ingested_cert_list"},{"name":"item","value":"$decode.result.serialNumber"}]},{"action":"comment","value":"If a certificate is about to expire or expired, create an action item"},{"action":"assign","name":"Action","variable":"$action","value":"{\n    \"actions\": [{\n        \"target_component_type\": \"fw\",\n        \"target_component_identifier\": $api_params.host,\n        \"action_category\": \"auto_remediation\",\n        \"action_type\":  \"Certificate Renewal\",\n        \"action_subtype\": \"Certificate Renewal\",\n        \"action_details\": JSON.stringify({\n            \"target_resource_name\": $api_params.host,\n            \"target_resource_type\": \"host\",\n            \"environment\": $environment,\n            \"certificates\": $decode.result,\n\n            \"remediation_steps\": {\n                \"task\": \"Rotate Certificates in HashiCorp Vault for EC2 Instances\",\n\n                \"steps\": [{\n                    \"title\": \"Identify Certificates for Rotation\",\n                    \"commands\": [\"vault list pki/certs\", \"vault read pki/cert/<serial_number>\"],\n                    \"description\": \"List all certificates currently stored in keystores that are used by EC2 instances. Identify their serial numbers and expiry dates.\",\n                    \"step_number\": 1\n                }, {\n                    \"note\": \"Adjust role_name and ttl (validity) according to your policy.\",\n                    \"title\": \"Generate New Certificate(s) in Vault\",\n                    \"commands\": [\"vault write pki/issue/<role_name> common_name=<domain_name> ttl=8760h\"],\n                    \"description\": \"Issue new certificates for EC2 workloads in Vault using the same role or policy that issued the old ones.\",\n                    \"step_number\": 2\n                }, {\n                    \"title\": \"Validate New Certificate\",\n\n                    \"commands\": [\n                        \"vault read pki/cert/<new_serial_number>\",\n                        \"openssl x509 -in new_cert.pem -noout -dates -subject\"\n                    ],\n                    \"description\": \"Verify the new certificate's content and expiration date before deployment.\",\n                    \"step_number\": 3\n                }, {\n                    \"title\": \"Distribute New Certificate to EC2 Instances from Vault\",\n\n                    \"options\": {\n                        \"terraform\": \"If managed by Terraform, update the data source or file reference in Terraform and run terraform apply.\",\n                        \"manual_copy\": \"Use SCP or AWS SSM to copy the new certificate and key to the instance.\",\n                        \"vault_agent\": \"If using Vault Agent with auto_auth and template rendering, restart the Vault Agent to fetch new certificates.\"\n                    },\n                    \"description\": \"Replace existing certificates on EC2 instances with the newly issued certificates. The method depends on your delivery mechanism:\",\n                    \"step_number\": 4\n                }, {\n                    \"title\": \"Restart Services on EC2 Using the Certificate\",\n                    \"commands\": [\"sudo systemctl restart nginx\", \"sudo systemctl restart myapp\"],\n                    \"description\": \"Restart application services that depend on the certificate (e.g., Nginx, Apache, or custom apps) to load the new cert.\",\n                    \"step_number\": 5\n                }, {\n                    \"title\": \"Update Documentation and Monitoring\",\n                    \"description\": \"Record the new certificate serial number, expiration date, and location in your CMDB or secrets inventory. Update monitoring alerts for the new certificate's expiry.\",\n                    \"step_number\": 6\n                }, {\n                    \"title\": \"Optional: Automate Future Rotations\",\n                    \"reference\": \"https://developer.hashicorp.com/vault/docs/agent/template\",\n                    \"description\": \"Enable automatic certificate renewal via Vault Agent or Terraform with TTL-based reissuance.\",\n                    \"step_number\": 7\n                }],\n                \"prerequisites\": {\n                    \"requirements\": [\n                        \"Vault CLI or API access\",\n                        \"IAM/Token permissions for certificate management\",\n                        \"Knowledge of where and how EC2 instances consume the certificates (manual fetch, Vault Agent, or Terraform template)\"\n                    ],\n                    \"vault_pki_path\": \"example-pki\",\n                    \"vault_environment\": \"Production or workspace abc\",\n                    \"vault_authentication\": \"Vault token or IAM role with permissions to issue and revoke certificates\"\n                },\n                \"expected_result\": \"Certificates used by EC2 instances are rotated successfully. The new certificates are issued from Vault, deployed to instances, and old certificates are revoked. All services are running with the updated, valid certificates.\"\n            }\n        }),\n        \"status\": \"created\",\n        \"comments\": \"Certificate need to be renewed\",\n        \"action_expected_outcome\": \"{}\",\n        \"risk_type\": \"Certificate\",\n        \"risk_details\": \"{}\",\n        \"is_archived\": false,\n        \"history\": \"[]\"\n    }]\n}"},{"action":"comment","value":"Below subworkflow will create an action action for that certificate in concert"},{"action":"./helpers/Call Concert API","name":"CreateAction","inputs":[{"name":"req_config","value":"{\n    \"method\": $api_params.post_method,\n    \"host\": $api_params.host,\n    \"protocol\": \"https\",\n    \"port\": $api_params.port,\n    \"path\": $api_params.actions_path,\n    \"query\": \"\",\n    \"auth\": $api_params.api_key,\n    \"headers\": {\n        \"InstanceId\": $api_params.instance_id,\n        \"Content-Type\": \"application/json\"\n    }\n}"},{"name":"body","value":"$action"}]},{"action":"if","name":"If_1_1","condition":"$CreateAction.result.result.actions.length >0","then":[{"action":"comment","value":"IF $CreateAction?.result?.result?.actions.length > 0 means actions created in Database"},{"action":"system/Common/Array/Array Push","name":"certificate_array_1_3","inputs":[{"name":"array","value":"$output"},{"name":"item","value":"\"Action Created for certificate with serial Number:\"+$decode.result.serialNumber"}]}],"else":[]}],"else":[{"action":"if","name":"IfRootPassword","condition":"($decode.result.subject !== $decode.result.issuer) && ($ReadCert.result.data.revocation_time > 0) && !$isExpired","then":[{"action":"comment","value":"Root certificate we can't delete from vault "},{"action":"./helpers/Call Concert API","name":"SearchCerificate","inputs":[{"name":"req_config","value":"{\n    \"method\": $api_params.get_method,\n    \"host\": $api_params.host,\n    \"protocol\": \"https\",\n    \"port\": $api_params.port,\n    \"path\": $api_params.search_path,\n    \"query\": `search=${$decode.result.serialNumber}&sort_by=validity_end_date&sort_direction=DESC`,\n    \"auth\": $api_params.api_key,\n    \"headers\": {\n        \"InstanceId\": $api_params.instance_id,\n        \"Content-Type\": \"application/json\"\n    }\n}"}]},{"action":"if","name":"If_3","condition":"$SearchCerificate.result.result.certificates.length >0","then":[{"action":"system/Common/Array/Array Push","name":"CertificateToDelete","inputs":[{"name":"array","value":"$certificate_to_delete"},{"name":"item","value":"$decode.result.serialNumber"}]}],"else":[]}],"else":[]}]}]}]},{"action":"comment","value":"If certificate is revoked from vault, we need to delete that from the concert"},{"action":"if","name":"If_2","condition":"$cert_array.length >0","then":[{"action":"./helpers/Create a JSON of Secret engine Vault Certificate","name":"CreateJson","inputs":[{"name":"certificates","value":"$cert_array"},{"name":"service_auth","value":"$service_auth"},{"name":"environment","value":"$environment"}]},{"action":"./helpers/Ingest JSON Certificates Data into IBM Concert","name":"IngestJsonInConcert","inputs":[{"name":"json","value":"JSON.stringify($CreateJson.result)"},{"name":"data_type","value":"\"certificate\""}],"breakpoint":"enabled"},{"action":"assign","name":"IngestJsonResult","variable":"$result","value":"$IngestJsonInConcert.result"}],"else":[]},{"action":"if","name":"If_1","condition":"$certificate_to_delete.length>0","then":[{"action":"try","name":"Try_2","try":[{"action":"comment","value":"Below Block delete the certificate from concert"},{"action":"system/IBM/Concert v2/Certificates/Delete a Certificate","name":"DeleteCertsFromConcert","inputs":[{"name":"authKey","value":"$concert_auth"},{"name":"Body","value":"{\n  \"certificates\": $certificate_to_delete\n}"}]},{"action":"system/Common/Array/Array Push","name":"OutputList","inputs":[{"name":"array","value":"$output"},{"name":"item","value":"\"Deleted certs:\"+$certificate_to_delete"}]}],"catch":[{"action":"system/Common/Array/Array Push","name":"ListOutput","inputs":[{"name":"array","value":"$output"},{"name":"item","value":"\"Deleting the certificate from Concert Failed with reason:\" + $Try_2.message + \n\"Certificate list:\"+$certificate_to_delete"}]}]}],"else":[{"action":"system/Common/Array/Array Push","name":"ArrayPushOutput","inputs":[{"name":"array","value":"$output"},{"name":"item","value":"\"No certificate to delete from concert\""}]}]}],"else":[{"action":"throw","error":"\"Token Expired. Create the Authentication using the new Token\""}]}],"variables":[{"name":"service_auth","required":true,"isInput":true,"isOutput":false,"level":"INTERMEDIATE","type":{"type":"string"},"value":"\"\"","meta":{"authType":"ANY","subType":"authentication"}},{"name":"environment","required":true,"isInput":true,"isOutput":false,"level":"INTERMEDIATE","type":{"type":"string"},"value":"\"\""},{"name":"result","required":false,"isInput":false,"isOutput":true,"level":"INTERMEDIATE","type":{"type":"any"},"value":"\"\""},{"name":"cert_array","required":false,"isInput":false,"isOutput":true,"level":"INTERMEDIATE","type":{"type":"array"},"value":"[]"},{"name":"ingested_cert_list","required":false,"isInput":false,"isOutput":true,"level":"INTERMEDIATE","type":{"type":"array"},"value":"[]"},{"name":"certificate_to_delete","required":false,"isInput":false,"isOutput":true,"level":"INTERMEDIATE","type":{"type":"array"},"value":"[]"},{"name":"arrayList","required":false,"isInput":false,"isOutput":false,"level":"INTERMEDIATE","type":{"type":"array"},"value":"[]"},{"name":"output","required":false,"isInput":false,"isOutput":true,"level":"INTERMEDIATE","type":{"type":"array"},"value":"[]"},{"name":"action","required":false,"isInput":false,"isOutput":false,"level":"INTERMEDIATE","type":{"type":"object"},"value":"{}"},{"name":"api_params","required":true,"isInput":true,"isOutput":false,"level":"INTERMEDIATE","type":{"type":"object"},"value":"{}"},{"name":"fetch_all_cert_engines","required":false,"isInput":false,"isOutput":false,"level":"INTERMEDIATE","type":{"type":"string"},"value":"\"\""},{"name":"concert_auth","required":true,"isInput":true,"isOutput":false,"level":"INTERMEDIATE","type":{"type":"string"},"value":"\"\""},{"name":"isExpired","required":false,"isInput":false,"isOutput":false,"level":"INTERMEDIATE","type":{"type":"boolean"},"value":"false"}],"meta":{"workerGroup":"default","created":1771276705407,"lastUpdated":1771276823172,"description":"The flow automatically discovers all valid certificates in HashiCorp and ingests them into Concert.","layout":"flow","updatedByUsername":"admin","numberOfBlocks":53,"version":5,"tags":[{"name":"Consumer","value":"Concert"},{"name":"Concert version","value":"2.3.0"},{"name":"Category","value":"Certificates"}]},"finally":null}