{"name":"JAVA Application Discovery","platform":"node","hash":"tTmwod1wwTs89eZ+J7sHu5jmcy92atm3oBji91EEO5k=","blocks":[{"action":"comment","value":"---- Identification ----"}, {"action":"system/Common/Status Message Update","name":"Status_identification","inputs":[{"name":"message","value":"\"Identification\""}]}, {"action":"./0 - identification/0 - id_target_list","name":"id_target"}, {"action":"if","name":"If_UI_app","condition":"$Application_name != \"\"","then":[{"action":"assign","name":"UI_app_override","variable":"$id_target.result.appName","value":"$Application_name"},{"action":"assign","name":"UI_app_override_1","variable":"$id_target.result.profile","value":"$Application_name + \"-JavaApplications\""},{"action":"system/Common/Array/Array Push","name":"debug_app_ui","inputs":[{"name":"array","value":"$debug"},{"name":"item","value":"\"Application name overridden by UI with: \" + $Application_name"}]}],"else":[]}, {"action":"if","name":"If_UI_env","condition":"$Environment != \"\"","then":[{"action":"assign","name":"UI_env_override","variable":"$id_target.result.environment","value":"$Environment"},{"action":"system/Common/Array/Array Push","name":"debug_env_ui","inputs":[{"name":"array","value":"$debug"},{"name":"item","value":"\"Environment name overridden by UI with: \" + $Environment"}]}],"else":[]}, {"action":"if","name":"If_UI_target","condition":"$Target_ssh != \"\"","then":[{"action":"assign","name":"UI_target_override","variable":"$id_target.result.targets","value":"[{\n    \"cred\": $Target_ssh,\n    \"isConcertVault\": true\n}]"},{"action":"assign","name":"UI_jvm_config_clear","variable":"$id_target.result.application_info","value":"[]"},{"action":"system/Common/Array/Array Push","name":"debug_target_ui","inputs":[{"name":"array","value":"$debug"},{"name":"item","value":"\"Target name overridden by UI with: \" + $Target_ssh"}]},{"action":"system/Common/Array/Array Push","name":"debug_jvm_conf_ui","inputs":[{"name":"array","value":"$debug"},{"name":"item","value":"\"JVM configuration cleared due to $Target_ssh override with: \" + $Target_ssh"}]}],"else":[]}, {"action":"if","name":"If_version","condition":"$Version != \"\" || $id_target.result.version == \"\"","then":[{"action":"assign","name":"UI_ver_override","variable":"$id_target.result.version","value":"$Version || \"1.0\""},{"action":"system/Common/Array/Array Push","name":"debug_ver_ui","inputs":[{"name":"array","value":"$debug"},{"name":"item","value":"($Version ? \"\" : \"Since it was empty, \") + \"Version overriden by UI with: \" + $id_target.result.version"}]}],"else":[]}, {"action":"comment","value":"---- Prerequisite ----"}, {"action":"system/Common/Status Message Update","name":"Status_pre","inputs":[{"name":"message","value":"\"Prerequisites\""}]}, {"action":"./1 - Prerequisites/1 - pre_identification","name":"pre_requisites","inputs":[{"name":"in_targets","value":"$id_target.result"}]}, {"action":"if","name":"If_pre_errors","condition":"$pre_requisites.success","then":[{"action":"system/Common/Status Message Update","name":"Status_dis","inputs":[{"name":"message","value":"\"Discovery\""}]},{"action":"foreach","name":"for_target","list":"$pre_requisites.result.targets","blocks":[{"action":"if","name":"if_server_exists_in_t_merged_data","condition":"!($for_target.item.target in $t_merged_data)","then":[{"action":"assign","name":"assign_t_merged_data_server_default","variable":"$t_merged_data[$for_target.item.target]","value":"{\n  server: $for_target.item,\n  tomcat: [],\n  jvms: [],\n  os: []\n}"}],"else":[]},{"action":"assign","name":"Assign_t_lsof_netstat","variable":"$t_lsof_netstat","value":"$for_target.item.available.includes(\"lsof\") ? \"lsof\" : $for_target.item.available.includes(\"netstat\") ? \"netstat\" : \"\""},{"action":"./2 - Discovery/dis_java_processes","name":"Dis_Java_Apps","inputs":[{"name":"in_server_authkey","value":"$for_target.item.cred.cred"},{"name":"in_server_host","value":"$for_target.item.target"},{"name":"in_ssh_port","value":"$for_target.item.cred.port"},{"name":"in_jdk_path","value":"$for_target.item.cred.jdk_path"},{"name":"in_application_info","value":"$pre_requisites.result.application_info"},{"name":"in_lsof_or_netstat","value":"$t_lsof_netstat"},{"name":"in_ignored_apps","value":"$id_target.result.ignoredApps"}]},{"action":"system/Common/Array/Array Concat","name":"ArrayConcat_debug","inputs":[{"name":"array1","value":"$debug"},{"name":"array2","value":"$Dis_Java_Apps.debug"}]},{"action":"assign","name":"Assign_debug_process","variable":"$debug","value":"$ArrayConcat_debug.result"},{"action":"split","name":"split_by_discovery","branches":[{"blocks":[{"action":"./2 - Discovery/dis_actuator_flow","name":"discovery_actuator","inputs":[{"name":"in_java_apps","value":"$Dis_Java_Apps"},{"name":"in_target","value":"$for_target.item"},{"name":"in_prerequisites","value":"$pre_requisites"}]},{"action":"./2 - Discovery/dis_get_libraries","name":"dis_get_libraries_actuator","inputs":[{"name":"in_apps","value":"$discovery_actuator.result"},{"name":"in_target","value":"$for_target.item"},{"name":"in_gen_sbom","value":"$pre_requisites.result.options.gen_cycloneDX"}]},{"action":"./3 - Selection/sel_actuator_flow","name":"selection_actuator","inputs":[{"name":"in_id_target","value":"$id_target"},{"name":"in_target","value":"$for_target.item"},{"name":"in_jvms_apps","value":"$dis_get_libraries_actuator.result"}]},{"action":"system/Common/Array/Array Concat","name":"ArrayConcat_debug_act","inputs":[{"name":"array1","value":"$debug"},{"name":"array2","value":"$discovery_actuator.debug"}]},{"action":"assign","name":"Assign_deb_act","variable":"$debug","value":"$ArrayConcat_debug_act.result"},{"action":"assign","name":"assign_jvms_to_server","variable":"$t_merged_data[$for_target.item.target].jvms","value":"$selection_actuator.result.jvms"},{"action":"assign","name":"assign_one_app_actuator","variable":"$t_one_app","value":"$selection_actuator.result.one_app"}]},{"blocks":[{"action":"./2 - Discovery/dis_jcmd_flow","name":"discovery_jcmd","inputs":[{"name":"in_java_apps","value":"$Dis_Java_Apps"},{"name":"in_target","value":"$for_target.item"},{"name":"in_prerequisites","value":"$pre_requisites"}]},{"action":"./2 - Discovery/dis_get_libraries","name":"dis_get_libraries_jcmd","inputs":[{"name":"in_apps","value":"$discovery_jcmd.result"},{"name":"in_target","value":"$for_target.item"},{"name":"in_gen_sbom","value":"$pre_requisites.result.options.gen_cycloneDX"}]},{"action":"./3 - Selection/sel_jcmd_flow","name":"selection_jcmd","inputs":[{"name":"in_id_target","value":"$id_target"},{"name":"in_target","value":"$for_target.item"},{"name":"in_jmx_apps","value":"$dis_get_libraries_jcmd.result"}]},{"action":"system/Common/Array/Array Concat","name":"ArrayConcat_debug_jcmd","inputs":[{"name":"array1","value":"$debug"},{"name":"array2","value":"$discovery_jcmd.debug"}]},{"action":"assign","name":"Assign_deb_jcmd","variable":"$debug","value":"$ArrayConcat_debug_jcmd.result"},{"action":"assign","name":"assign_jmxs_to_server","variable":"$t_merged_data[$for_target.item.target].jmxs","value":"$selection_jcmd.result.jmxs"},{"action":"assign","name":"assign_one_app_actuator_1","variable":"$t_one_app","value":"$selection_jcmd.result.one_app"}]},{"blocks":[{"action":"./2 - Discovery/dis_tomcat_flow","name":"discovery_tomcat","inputs":[{"name":"in_prerequisites","value":"$pre_requisites"},{"name":"in_target","value":"$for_target.item"},{"name":"in_java_apps","value":"$Dis_Java_Apps"}]},{"action":"./3 - Selection/sel_tomcat_flow","name":"selection_tomcat","inputs":[{"name":"in_id_target","value":"$id_target"},{"name":"in_target","value":"$for_target.item"},{"name":"in_tomcat_apps","value":"$discovery_tomcat.result"}]},{"action":"system/Common/Array/Array Concat","name":"ArrayConcat_debug_tom","inputs":[{"name":"array1","value":"$debug"},{"name":"array2","value":"$discovery_tomcat.debug"}],"skipped":true},{"action":"system/Common/Array/Array Push","name":"ArrayPush_deb_tom","inputs":[{"name":"array","value":"$debug"},{"name":"item","value":"$ArrayConcat_debug_tom.result"}],"skipped":true},{"action":"assign","name":"assign_tomcat_to_server","variable":"$t_merged_data[$for_target.item.target].tomcat","value":"$selection_tomcat.result.tomcat"},{"action":"assign","name":"assign_one_app_tomcat","variable":"$t_one_app","value":"$selection_tomcat.result.one_app"}]},{"blocks":[{"action":"./2 - Discovery/dis_websphere_flow","name":"discovery_websphere","inputs":[{"name":"in_java_apps","value":"$Dis_Java_Apps"},{"name":"in_target","value":"$for_target.item"},{"name":"in_prerequisites","value":"$pre_requisites"}]},{"action":"./3 - Selection/sel_websphere_flow","name":"selection_websphere","inputs":[{"name":"in_id_target","value":"$id_target"},{"name":"in_target","value":"$for_target.item"},{"name":"in_ws_apps","value":"$discovery_websphere.result"}]},{"action":"assign","name":"assign_ws_to_server","variable":"$t_merged_data[$for_target.item.target].ws","value":"$selection_websphere.result.ws"},{"action":"assign","name":"assign_one_app_ws","variable":"$t_one_app","value":"$selection_websphere.result.one_app"}]}]}]}],"else":[{"action":"assign","name":"Assign_error","variable":"$error","value":"$pre_requisites.error"},{"action":"exit"}]}, {"action":"comment","value":"We are testing if at least 1 application is found"}, {"action":"if","name":"If_one_app","condition":"$t_one_app","then":[],"else":[{"action":"assign","name":"Assign_error_no_app","variable":"$error","value":"\"We were unable to gather metrics for any of the servers. Please check your configuration and try again.\""},{"action":"exit"}]}, {"action":"if","name":"If_create_profile","condition":"$pre_requisites.result.profile_creation.create_profile","then":[{"action":"./5 - Upload to concert/Upload - Profile","name":"Upload_profile","inputs":[{"name":"in_auth_key","value":"$pre_requisites.result.concertConf.concert_auth_key"},{"name":"in_profile_name","value":"$pre_requisites.result.profile"},{"name":"tomcat_profile_id","value":"$pre_requisites.result.profile_creation.tomcat_profile_id"}]},{"action":"if","name":"If_1","condition":"$Upload_profile.error.length > 0","then":[{"action":"system/Common/Array/Array Push","name":"ArrayPush_create_profile_error","inputs":[{"name":"array","value":"$error"},{"name":"item","value":"$Upload_profile.error"}]},{"action":"exit"}],"else":[]}],"else":[]}, {"action":"if","name":"If_gen_appSbom","condition":"$pre_requisites.result.options.gen_appSbom","then":[{"action":"comment","value":"--- SBOM Creation --- "},{"action":"system/Common/Status Message Update","name":"StatusSBOM","inputs":[{"name":"message","value":"\"SBOM Creation\""}]},{"action":"./3 - Selection/3 - sel_tool_create_sbom","name":"sel_sbom_creation","inputs":[{"name":"in_input","value":"$t_merged_data"},{"name":"in_application","value":"$pre_requisites.result"},{"name":"in_include_cycloneDx","value":"$pre_requisites.result.options.gen_cycloneDX"},{"name":"in_application_criticality","value":"$pre_requisites.result.options.application_criticality"},{"name":"in_application_data_assessment_impact_risk","value":"$pre_requisites.result.options.application_impact_risk"}]},{"action":"./5 - Upload to concert/SBOM management","name":"sel_sbom_upload","inputs":[{"name":"in_include_cycloneDx","value":"$pre_requisites.result.options.gen_cycloneDX"},{"name":"in_auth_key","value":"$pre_requisites.result.concertConf.concert_auth_key"},{"name":"in_all_sbom","value":"$sel_sbom_creation.result"}]}],"else":[]}, {"action":"comment","value":"---- Processing ----"}, {"action":"system/Common/Status Message Update","name":"Status_aggregation","inputs":[{"name":"message","value":"\"Processing\""}]}, {"action":"./4 - Processing/pro_unified_metrics","name":"processing_unified","inputs":[{"name":"in_merged_data","value":"$t_merged_data"}]}, {"action":"assign","name":"assign_tomcat_metrics","variable":"$t_metrics","value":"$processing_unified.result"}, {"action":"comment","value":"---- Sent to concert ----"}, {"action":"./5 - Upload to concert/Upload - Posture Management","name":"up_posture_creation","inputs":[{"name":"in_auth_key","value":"$pre_requisites.result.concertConf.concert_auth_key"},{"name":"in_app_name","value":"$pre_requisites.result.app_name"},{"name":"in_profile_name","value":"$id_target.result.profile"},{"name":"in_version","value":"$pre_requisites.result.version"},{"name":"in_assessment_period","value":"$pre_requisites.result.assessment_period"}]}, {"action":"if","name":"If_app_ok","condition":"$up_posture_creation.success","then":[{"action":"./5 - Upload to concert/create_assessment","name":"c_evaluate","inputs":[{"name":"in_auth_key","value":"$pre_requisites.result.concertConf.concert_auth_key"},{"name":"in_app_name","value":"$pre_requisites.result.app_name"},{"name":"in_profile_name","value":"$id_target.result.profile"},{"name":"in_metrics","value":"$t_metrics"},{"name":"in_app_version","value":"$pre_requisites.result.version"}]},{"action":"assign","name":"Assign_res","variable":"$result","value":"$c_evaluate.result"},{"action":"assign","name":"Assign_success","variable":"$success","value":"$c_evaluate.succes"},{"name":"Function_2","function":"$Application_name = $pre_requisites.result.app_name, $assessment = $c_evaluate.result, $summary = $t_metrics"}],"else":[{"action":"system/Common/Array/Array Push","name":"ArrayPush_err","inputs":[{"name":"array","value":"$error"},{"name":"item","value":"\"Something happened during, sbom creation!\""}]},{"action":"system/Common/Array/Array Push","name":"ArrayPush_err_sbom","inputs":[{"name":"array","value":"$error"},{"name":"item","value":"$sel_sbom_upload.error"}]},{"action":"system/Common/Array/Array Push","name":"ArrayPush_err_posture","inputs":[{"name":"array","value":"$error"},{"name":"item","value":"$up_posture_creation.error"}]}]}, {"action":"system/Common/Status Message Update","name":"Status_upload","inputs":[{"name":"message","value":"\"Uploaded!\""}]}],"variables":[{"name":"success","required":false,"isInput":false,"isOutput":true,"level":"INTERMEDIATE","type":{"type":"boolean"},"value":"false"},{"name":"debug","required":false,"isInput":false,"isOutput":true,"level":"INTERMEDIATE","type":{"type":"array"},"value":"[]"},{"name":"error","required":false,"isInput":false,"isOutput":true,"level":"INTERMEDIATE","type":{"type":"array"},"value":"[]"},{"name":"result","required":false,"isInput":false,"isOutput":false,"level":"INTERMEDIATE","type":{"type":"any"},"value":"\"\""},{"name":"t_process","required":false,"isInput":false,"isOutput":false,"level":"INTERMEDIATE","type":{"type":"any"},"value":"\"\""},{"name":"t_java_apps","required":false,"isInput":false,"isOutput":false,"level":"INTERMEDIATE","type":{"type":"array"},"value":"[]"},{"name":"t_tomcat_logs","required":false,"isInput":false,"isOutput":false,"level":"INTERMEDIATE","type":{"type":"any"},"value":"\"\""},{"name":"t_app_conf","required":false,"isInput":false,"isOutput":false,"level":"INTERMEDIATE","type":{"type":"any"},"value":"\"\""},{"name":"t_metrics","required":false,"isInput":false,"isOutput":false,"level":"INTERMEDIATE","type":{"type":"object"},"value":"{}"},{"name":"t_merged_data","required":false,"isInput":false,"isOutput":false,"level":"INTERMEDIATE","type":{"type":"object"},"value":"{}"},{"name":"t_server_data","required":false,"isInput":false,"isOutput":false,"level":"INTERMEDIATE","type":{"type":"object"},"value":"{}"},{"name":"t_server_ssl","required":false,"isInput":false,"isOutput":false,"level":"INTERMEDIATE","type":{"type":"array"},"value":"[]"},{"name":"t_comp_data","required":false,"isInput":false,"isOutput":false,"level":"INTERMEDIATE","type":{"type":"array"},"value":"[]"},{"name":"t_one_app","required":false,"isInput":false,"isOutput":false,"level":"INTERMEDIATE","type":{"type":"boolean"},"value":"false"},{"name":"assessment","required":false,"isInput":false,"isOutput":true,"level":"INTERMEDIATE","type":{"type":"any"},"value":"\"\""},{"name":"summary","required":false,"isInput":false,"isOutput":true,"level":"INTERMEDIATE","type":{"type":"any"},"value":"\"\""},{"name":"t_app_type","required":false,"isInput":false,"isOutput":false,"level":"INTERMEDIATE","type":{"type":"string"},"value":"\"jcmd\""},{"name":"t_disc_data","required":false,"isInput":false,"isOutput":false,"level":"INTERMEDIATE","type":{"type":"any"},"value":"\"\""},{"name":"t_app_info","required":false,"isInput":false,"isOutput":false,"level":"INTERMEDIATE","type":{"type":"object"},"value":"{}"},{"name":"t_debug","required":false,"isInput":false,"isOutput":false,"level":"INTERMEDIATE","type":{"type":"array"},"value":"[]"},{"name":"t_lsof_netstat","required":false,"isInput":false,"isOutput":false,"level":"INTERMEDIATE","type":{"type":"string"},"value":"\"\""},{"name":"Application_name","required":false,"isInput":true,"isOutput":false,"level":"INTERMEDIATE","type":{"type":"string"},"value":"\"\""},{"name":"Environment","required":false,"isInput":true,"isOutput":false,"level":"INTERMEDIATE","type":{"type":"string"},"value":"\"\""},{"name":"Target_ssh","required":false,"isInput":true,"isOutput":false,"level":"INTERMEDIATE","type":{"type":"string"},"value":"\"\""},{"name":"Version","required":false,"isInput":true,"isOutput":false,"level":"INTERMEDIATE","type":{"type":"string"},"value":"\"\""}],"meta":{"workerGroup":"default","created":1772006125399,"lastUpdated":1772006146086,"layout":"flow","updatedByUsername":"anton.cholakov","numberOfBlocks":90,"version":5,"tags":[{"name":"Consumer","value":"Concert"},{"name":"Concert version","value":"2.3.0"},{"name":"Category","value":"Resilience"}]},"finally":null}