{"name":"Create a JSON of Certificate- IBM data power","platform":"node","hash":"+NAKwPaa7SWEm5A2OErzumwnnJXshFzgi+wqOH6zEzg=","blocks":[{"action":"if","name":"checkEnvName","condition":"$env_name != \"\"","then":[{"action":"assign","name":"assignEnv","variable":"$result.dependencies[0].ref","value":"\"environment:\" + $env_name"}],"else":[]}, {"action":"foreach","name":"foreachCertificates","list":"$certificates","blocks":[{"action":"system/Common/Status Message Update","name":"StatusMessageUpdate_Checking_Metadata_1","inputs":[{"name":"message","value":"\"Converting certificate \"+$foreachCertificates.index+\" out of \"+$foreachCertificates.count+\"...\""}]},{"action":"assign","name":"Assign_3","variable":"$test","value":"$services[$foreachCertificates.index]"},{"action":"assign","name":"Assign_1","value":"{\n    \"rna\": true,\n    \"certificate_name\":$cert_obj_name[$foreachCertificates.index],\n    \"certificate_key\": $cert_key_name[$foreachCertificates.index]\n}","variable":"$tempRnaMetadata"},{"name":"utcDT","function":"const validFrom = $foreachCertificates.item.NotBefore ? convertDateToUTC($foreachCertificates.item.NotBefore) : null;\nconst validTo = $foreachCertificates.item.NotAfter ? convertDateToUTC($foreachCertificates.item.NotAfter) : null;\n\n$tempUtc = [validFrom, validTo];\nconst formattedServices = [{\n  name: $test.split(\"/\").pop(),\n  is_public: \"true\",\n  url: $test\n}];\n$service_name = JSON.stringify(formattedServices, null, 2)\nfunction convertDateToUTC(dateString) {\n    if (!dateString) {\n        return null;\n    }\n\n    // Directly parse the ISO 8601 date string\n    const dt = new Date(dateString);\n    if (isNaN(dt.getTime())) {\n        return null;  // Invalid date\n    }\n\n    const year = dt.getUTCFullYear();\n    const month = String(dt.getUTCMonth() + 1).padStart(2, '0');\n    const day = String(dt.getUTCDate()).padStart(2, '0');\n    const hours = String(dt.getUTCHours()).padStart(2, '0');\n    const minutes = String(dt.getUTCMinutes()).padStart(2, '0');\n    const seconds = String(dt.getUTCSeconds()).padStart(2, '0');\n\n    return `${year}-${month}-${day} ${hours}:${minutes}:${seconds} +0000 UTC`;\n}"},{"action":"system/Common/Array/Array Push","name":"fillSBOMData","inputs":[{"name":"array","value":"$result.components"},{"name":"item","value":"{\n    \"type\": \"certificate\",\n\n    \"ref\": String(\n        \"certificate:\" + ($foreachCertificates.item.SerialNumber ? $foreachCertificates.item.SerialNumber : \"\")\n    ),\n    \"serial_number\": $foreachCertificates.item.SerialNumber ? $foreachCertificates.item.SerialNumber : \"\",\n\n    \"properties\": [{\n        \"name\": \"subject\",\n        \"value\": $foreachCertificates.item.Subject ? $foreachCertificates.item.Subject : \"\"\n    }, \n    {\n        \"name\": \"issuer\",\n        \"value\": $foreachCertificates.item.Issuer ? $foreachCertificates.item.Issuer : \"\"\n    },\n    {\n        \"name\": \"validity_start_date\",\n        \"value\": $tempUtc[0]\n    }, {\n        \"name\": \"validity_end_date\",\n        \"value\": $tempUtc[1]\n    },  {\n        \"name\": \"metadata\",\n\n        \"value\": JSON.stringify($tempRnaMetadata)\n    }],\n    \"access_points\": \n        JSON.parse($service_name)\n        \n\n}"}]},{"action":"system/Common/Array/Array Push","name":"addDependency","inputs":[{"name":"array","value":"$result.dependencies[0].depends_on"},{"name":"item","value":"String(\"certificate:\" + ($foreachCertificates.item.SerialNumber ? $foreachCertificates.item.SerialNumber : \"\"))"}]}]}, {"action":"./Ingest JSON Certificates Data into IBM Concert","name":"ingest","inputs":[{"name":"auth","value":"$concert_auth"},{"name":"json","value":"JSON.stringify($result)"},{"name":"data_type","value":"\"certificate\""}]}, {"action":"assign","name":"Assign_2","variable":"$result","value":"$ingest.result"}],"variables":[{"name":"certificates","required":true,"isInput":true,"isOutput":false,"level":"INTERMEDIATE","type":{"type":"array"},"value":"[]"},{"name":"tempUtc","required":false,"isInput":false,"isOutput":false,"level":"INTERMEDIATE","type":{"type":"array"},"value":"[]"},{"name":"tempRnaMetadata","required":false,"isInput":false,"isOutput":false,"level":"INTERMEDIATE","type":{"type":"object"},"value":"{\n    \"rna\": true,\n}"},{"name":"result","required":false,"isInput":false,"isOutput":true,"level":"INTERMEDIATE","type":{"type":"object"},"value":"{\n    \"components\": [],\n    \"dependencies\": [{\n        \"ref\": \"environment: $env_name\",\n        \"depends_on\": []\n    }]\n}"},{"name":"concert_auth","required":false,"isInput":true,"isOutput":false,"level":"INTERMEDIATE","type":{"type":"string"},"value":"\"\"","meta":{"authType":"Common/SSH","subType":"authentication"}},{"name":"newcertificates","required":false,"isInput":false,"isOutput":false,"level":"INTERMEDIATE","type":{"type":"array"},"value":"[]"},{"name":"env_name","required":false,"isInput":true,"isOutput":false,"level":"INTERMEDIATE","type":{"type":"string"},"value":"\"\""},{"name":"services","required":false,"isInput":true,"isOutput":false,"level":"INTERMEDIATE","type":{"type":"array"},"value":"[]"},{"name":"service_name","required":false,"isInput":false,"isOutput":false,"level":"INTERMEDIATE","type":{"type":"string"},"value":"\"\""},{"name":"cert_obj_name","required":false,"isInput":true,"isOutput":false,"level":"INTERMEDIATE","type":{"type":"array"},"value":"[]"},{"name":"cert_key_name","required":false,"isInput":true,"isOutput":false,"level":"INTERMEDIATE","type":{"type":"array"},"value":"[]"},{"name":"test","required":false,"isInput":false,"isOutput":false,"level":"INTERMEDIATE","type":{"type":"string"},"value":"\"\""}],"meta":{"workerGroup":"default","created":1771276901079,"lastUpdated":1771276930319,"description":"Creates a JSON of  certificate, while converting timestamp from GMT to UTC","layout":"flow","updatedByUsername":"admin","numberOfBlocks":11,"version":5},"finally":null}