{"name":"CIS_OCP4_OSCO_Compliance_Scan_v2.2","platform":"node","hash":"l3Zjl6oAErKhqCe+GuFkDCIJEk0sjEnHrtiRa7UPUVo=","blocks":[{"action":"comment","value":"Installs the OpenShift CLI in a container environment and perform compliance scan"}, {"action":"system/Ansible/Playbook","name":"OCP_Compliance_Scan","inputs":[{"name":"authKey","value":"$ansible_authentication"},{"name":"playbook","value":"---\n- name: Install OpenShift CLI (oc) and Deploy Compliance Operator\n  hosts: localhost\n  connection: local\n  gather_facts: false\n  \n  vars:\n    # OpenShift CLI installation vars\n    oc_url: \"https://mirror.openshift.com/pub/openshift-v4/clients/ocp/latest/openshift-client-linux.tar.gz\"\n    oc_install_dir: \"/tmp/oc-bin\"\n    ansible_remote_tmp: \"/tmp/.ansible\"\n    kube_config_dir: \"/tmp/.kube\"\n    \n    # Compliance Operator vars\n    compliance_namespace: \"openshift-compliance\"\n    scan_binding_name: \"compliance-scan\"\n    profile_name: \"ocp4-cis\"\n    configmap_name: \"ocp4-cis-api-checks-pod\"\n    \n    # Retry parameters\n    max_csv_retries: 30\n    csv_retry_delay: 15\n    max_configmap_retries: 10\n    configmap_retry_delay: 30\n  \n  tasks:\n    # OpenShift CLI Installation Tasks\n    - name: Ensure the installation directory exists\n      file:\n        path: \"{{ oc_install_dir }}\"\n        state: directory\n    \n    - name: Download OpenShift CLI archive\n      get_url:\n        url: \"{{ oc_url }}\"\n        dest: /tmp/openshift-client-linux.tar.gz\n        timeout: 120\n      register: download_oc\n    \n    - name: Extract OpenShift CLI archive into installation directory\n      unarchive:\n        src: /tmp/openshift-client-linux.tar.gz\n        dest: \"{{ oc_install_dir }}\"\n        remote_src: yes\n        extra_opts: [\"--strip-components=0\"]\n      args:\n        creates: \"{{ oc_install_dir }}/oc\"\n    \n    - name: Ensure the oc binary is executable\n      file:\n        path: \"{{ oc_install_dir }}/oc\"\n        mode: '0755'\n    \n    - name: Get OpenShift CLI version\n      command: \"{{ oc_install_dir }}/oc version\"\n      register: oc_version\n      changed_when: false\n    \n    - name: Display OpenShift CLI version\n      debug:\n        msg: \"OpenShift CLI Version: {{ oc_version.stdout }}\"\n    \n    # Create Kubernetes config directory\n    - name: Create Kubernetes config directory\n      file:\n        path: \"{{ kube_config_dir }}\"\n        state: directory\n        mode: '0755'\n    \n    # Login to OpenShift Cluster\n    - name: Login to OpenShift cluster\n      shell: >\n        KUBECONFIG={{ kube_config_dir }}/config {{ oc_install_dir }}/oc login --server={{ ocp_api_endpoint }}\n        --username={{ ocp_api_username }}\n        --password={{ ocp_api_password }}\n        --insecure-skip-tls-verify\n      register: login_result\n      changed_when: false\n      failed_when: login_result.rc != 0\n      environment:\n        HOME: \"/tmp\"\n    \n    # Compliance Operator Installation Tasks\n    - name: Create compliance namespace (idempotent)\n      shell: |\n        KUBECONFIG={{ kube_config_dir }}/config {{ oc_install_dir }}/oc apply -f - <<'EOF'\n        apiVersion: v1\n        kind: Namespace\n        metadata:\n          name: \"{{ compliance_namespace }}\"\n          labels:\n            openshift.io/cluster-monitoring: \"true\"\n        EOF\n      register: ns_result\n      changed_when: \"'created' in ns_result.stdout or 'configured' in ns_result.stdout\"\n    \n    - name: Check if Compliance Operator is already installed\n      shell: \"KUBECONFIG={{ kube_config_dir }}/config {{ oc_install_dir }}/oc get subscription compliance-operator-sub -n {{ compliance_namespace }} --ignore-not-found\"\n      register: operator_subscription_check\n      changed_when: false\n    \n    - name: Set compliance operator installed fact\n      set_fact:\n        compliance_operator_installed: \"{{ operator_subscription_check.stdout != '' }}\"\n    \n    - name: Debug operator installation status\n      debug:\n        msg: \"Compliance Operator installed: {{ compliance_operator_installed }}\"\n    \n    - name: Create OperatorGroup for Compliance Operator\n      shell: |\n        KUBECONFIG={{ kube_config_dir }}/config {{ oc_install_dir }}/oc apply -f - <<'EOF'\n        apiVersion: operators.coreos.com/v1\n        kind: OperatorGroup\n        metadata:\n          name: compliance-operator-group\n          namespace: \"{{ compliance_namespace }}\"\n        spec:\n          targetNamespaces: []\n        EOF\n      register: opgroup_result\n      changed_when: \"'created' in opgroup_result.stdout or 'configured' in opgroup_result.stdout\"\n      when: not compliance_operator_installed\n    \n    - name: Create Subscription for Compliance Operator\n      shell: |\n        KUBECONFIG={{ kube_config_dir }}/config {{ oc_install_dir }}/oc apply -f - <<'EOF'\n        apiVersion: operators.coreos.com/v1alpha1\n        kind: Subscription\n        metadata:\n          name: compliance-operator-sub\n          namespace: \"{{ compliance_namespace }}\"\n        spec:\n          channel: stable\n          installPlanApproval: Automatic\n          name: compliance-operator\n          source: redhat-operators\n          sourceNamespace: openshift-marketplace\n        EOF\n      register: subs_result\n      changed_when: \"'created' in subs_result.stdout or 'configured' in subs_result.stdout\"\n      when: not compliance_operator_installed\n    \n    - name: Wait for Compliance Operator CSV to be ready\n      shell: |\n        export KUBECONFIG={{ kube_config_dir }}/config\n        current_csv=$({{ oc_install_dir }}/oc get subscription compliance-operator-sub -n {{ compliance_namespace }} -o jsonpath='{.status.currentCSV}')\n        if [ -z \"$current_csv\" ]; then\n          echo \"No currentCSV found in subscription yet.\"\n          exit 1\n        fi\n        csv_phase=$({{ oc_install_dir }}/oc get csv \"$current_csv\" -n {{ compliance_namespace }} -o jsonpath='{.status.phase}' || echo \"NotFound\")\n        if [ \"$csv_phase\" = \"Succeeded\" ]; then\n          echo \"CSV '$current_csv' is Succeeded.\"\n          exit 0\n        elif [ \"$csv_phase\" = \"Failed\" ]; then\n          echo \"CSV '$current_csv' has failed.\"\n          exit 2\n        else\n          echo \"CSV '$current_csv' is in phase: $csv_phase. Waiting...\"\n          exit 1\n        fi\n      register: csv_check\n      retries: \"{{ max_csv_retries }}\"\n      delay: \"{{ csv_retry_delay }}\"\n      until: csv_check.rc == 0\n      failed_when: csv_check.rc == 2\n      when: not compliance_operator_installed\n    \n    - name: Delete existing ScanSettingBinding if it exists\n      shell: \"KUBECONFIG={{ kube_config_dir }}/config {{ oc_install_dir }}/oc delete ScanSettingBinding \\\"{{ scan_binding_name }}\\\" -n \\\"{{ compliance_namespace }}\\\" --ignore-not-found\"\n      register: delete_binding\n      changed_when: \"'deleted' in delete_binding.stdout\"\n      ignore_errors: true\n    \n    - name: Apply ScanSettingBinding to initiate compliance scan\n      shell: |\n        KUBECONFIG={{ kube_config_dir }}/config {{ oc_install_dir }}/oc apply -f - <<'EOF'\n        apiVersion: compliance.openshift.io/v1alpha1\n        kind: ScanSettingBinding\n        metadata:\n          name: \"{{ scan_binding_name }}\"\n          namespace: \"{{ compliance_namespace }}\"\n        profiles:\n          - name: \"{{ profile_name }}\"\n            kind: Profile\n            apiGroup: compliance.openshift.io/v1alpha1\n        settingsRef:\n          name: default\n          kind: ScanSetting\n          apiGroup: compliance.openshift.io/v1alpha1\n        EOF\n      register: scan_binding_result\n      changed_when: \"'created' in scan_binding_result.stdout or 'configured' in scan_binding_result.stdout\"\n    \n    - name: Pause for compliance scan stabilization\n      pause:\n        minutes: 2\n    \n    - name: Fetch ConfigMap details (retry up to {{ max_configmap_retries }} times)\n      shell: \"KUBECONFIG={{ kube_config_dir }}/config {{ oc_install_dir }}/oc get configmap \\\"{{ configmap_name }}\\\" -n \\\"{{ compliance_namespace }}\\\" -o yaml\"\n      register: configmap_output\n      retries: \"{{ max_configmap_retries }}\"\n      delay: \"{{ configmap_retry_delay }}\"\n      until: configmap_output.rc == 0\n      ignore_errors: true\n      changed_when: false\n\n    - name: Debug full ConfigMap response\n      debug:\n        var: configmap_output\n    \n    - name: Parse ConfigMap YAML\n      set_fact:\n        configmap_data: \"{{ configmap_output.stdout | from_yaml }}\"\n      when: configmap_output.rc == 0","type":"const"}],"breakpoint":"enabled"}, {"action":"assign","name":"Fetch_Assessment_File","variable":"$ocp_scan_result","value":"JSON.parse(\n    $OCP_Compliance_Scan.result.slice($OCP_Compliance_Scan.result.indexOf(\"{\"))\n).plays[0].tasks.find(\n    t => t.task.name && t.task.name.toLowerCase().includes(\"parse configmap yaml\")\n).hosts.localhost.ansible_facts.configmap_data","breakpoint":"enabled"}, {"action":"comment","value":"Convert the compliance scan results from JSON format to YAML format, which is required for further processing and ingestion."}, {"action":"system/Common/YAML/JSON to YAML","name":"Convert_JSON_Results_to_YAML","inputs":[{"name":"json","value":"$ocp_scan_result"}]}, {"action":"assign","name":"Assign_yaml_file","variable":"$yaml_file","value":"$Convert_JSON_Results_to_YAML.result"}, {"action":"comment","value":"Upload the compliance scan results to the Concert platform for further analysis and compliance tracking."}, {"action":"system/IBM/Concert/Import Data/Upload Files to Concert","name":"Ingest_compliance_scan_results","inputs":[{"name":"file","value":"{\n    \"data_type\": $data_type,\n    \"metadata\": {\"scanner_name\":\"xccdf\"},\n    \"filename\": $yaml_file\n}"},{"name":"fileType","value":"$file_type"}]}, {"action":"assign","name":"Get_Status_Code","variable":"$ingestion_status","value":"$Ingest_compliance_scan_results.result"}],"variables":[{"name":"ocp_scan_result","required":false,"isInput":false,"isOutput":true,"level":"INTERMEDIATE","type":{"type":"any"},"value":"\"\""},{"name":"data_type","required":false,"isInput":false,"isOutput":false,"level":"INTERMEDIATE","type":{"type":"string"},"value":"\"compliance_posture\""},{"name":"file_type","required":false,"isInput":false,"isOutput":false,"level":"INTERMEDIATE","type":{"type":"string"},"value":"\"yaml\""},{"name":"yaml_file","required":false,"isInput":false,"isOutput":true,"level":"INTERMEDIATE","type":{"type":"any"},"value":"\"\""},{"name":"output","required":false,"isInput":false,"isOutput":true,"level":"INTERMEDIATE","type":{"type":"any"},"value":"\"\""},{"name":"ingestion_status","required":false,"isInput":false,"isOutput":true,"level":"INTERMEDIATE","type":{"type":"any"},"value":"\"\""},{"name":"ansible_authentication","required":true,"isInput":true,"isOutput":false,"level":"INTERMEDIATE","type":{"type":"string"},"value":"\"\"","meta":{"authType":"Ansible","subType":"authentication"}}],"meta":{"workerGroup":"default","created":1771274647085,"lastUpdated":1771274711737,"description":"This workflow automates the CIS compliance scan for OpenShift clusters using OSCO, ensuring that security policies are met. The scan results are transformed into a YAML format and uploaded into Concert for compliance tracking.","layout":"flow","updatedByUsername":"admin","numberOfBlocks":9,"version":5,"tags":[{"name":"Consumer","value":"Concert"},{"name":"Concert version","value":"2.3.0"},{"name":"Category","value":"Compliance"}]},"finally":null}