{"name":"Jira_Enterprise_RCA_Resilience_Sample_Main","platform":"node","hash":"dNkee+74BJ3EU6vaBLRxvHILdUgVEFs9CQpc9AWLvMM=","blocks":[{"action":"comment","value":"Check for Empty Required Fields"}, {"name":"Function_1","function":"function isEmptyValue(val) {\n    if (val === null || val === undefined)\n        return true;\n\n    if (typeof val === \"string\") {\n        const stripped = val.trim().replace(/^\"|\"$/g, \"\");\n        return stripped === \"\";\n    }\n\n    if (typeof val === \"number\") {\n        return isNaN(val);\n    }\n\n    return false;\n};\n\nconst varsWithNames = [{\n    name: \"applicationName\",\n    value: $applicationName\n}, {\n    name: \"jiraHost\",\n    value: $jiraHost\n}, {\n    name: \"jiraAuthKey\",\n    value: $jiraAuthKey\n}, {\n    name: \"origin\",\n    value: $origin\n}, {\n    name: \"origin_name\",\n    value: $origin_name\n}, {\n    name: \"origin_url\",\n    value: $origin_url\n}, {\n    name: \"applicationVersion\",\n    value: $applicationVersion\n}, {\n    name: \"profileName\",\n    value: $profileName\n}, {\n    name: \"defaultWindowSize\",\n    value: $defaultWindowSize\n}];\n\n$emptyFields = varsWithNames.filter(v => isEmptyValue(v.value)).map(v => v.name)"}, {"action":"if","name":"If_1","condition":"$emptyFields.length == 0","then":[{"action":"comment","value":"Fetching Assessment Time"},{"action":"../helper/FetchAssessmentTime","name":"FetchTimeWindow","inputs":[{"name":"applicationName","value":"$applicationName"},{"name":"profileName","value":"$profileName"},{"name":"origin","value":"$origin"},{"name":"origin_name","value":"$origin_name"},{"name":"defaultWindowSize","value":"$defaultWindowSize"},{"name":"IBMAPIKey","value":"$IBMAPIKey"}]},{"name":"Function_2","function":"function isEmpty(value) {\n    return value === null || value === undefined || value === \"\" || (typeof value === \"object\" && Object.keys(value).length === 0) || value === 0;\n};\n\nfunction isEpochMillis(val) {\n    const s = String(val);\n\n    if (!/^\\d{13}$/.test(s))\n        return false;\n\n    const n = Number(s);\n    const d = new Date(n);\n    return !isNaN(d) && d.getTime() === n;\n}\n\nif (isEmpty($startTimestamp)) {\n    $startTimestamp = ($FetchTimeWindow.result.startTimestamp);\n}\n\nif (isEmpty($endTimestamp)) {\n    $endTimestamp = ($FetchTimeWindow.result.endTimestamp);\n}\n\nif (isEmpty($startTimestamp) || isEmpty($endTimestamp)) {\n    $fetchMapResult = \"Error\";\n    $message = \"Empty Timestamps Given\";\n} else if (!isEpochMillis($startTimestamp) || !isEpochMillis($endTimestamp)) {\n    $fetchMapResult = \"Error\";\n    $message = \"Timestamps must be 13-digit epoch-millisecond timestamps\";\n} else if ($startTimestamp >= $endTimestamp) {\n    $fetchMapResult = \"Error\";\n    $message = \"startTimestamp cannot be more than or equal to the endTimestamp\";\n} else {\n    $fetchMapResult = \"Success\";\n}"},{"action":"if","name":"CheckFetchAssessmentTime","condition":"$fetchMapResult === \"Success\"","then":[{"action":"comment","value":"Fetching Metrics"},{"action":"./Jira_Fetch_Metrics","name":"getMetrics","inputs":[{"name":"jiraAuth","value":"$jiraAuthKey"},{"name":"applicationName","value":"$applicationName"},{"name":"startTime","value":"$startTimestamp"},{"name":"endTime","value":"$endTimestamp"},{"name":"jiraHost","value":"$jiraHost"}]},{"name":"Function_5","function":"const result = $getMetrics.result\n$fetchResult = $getMetrics.result;\n\nif (!result.issues || result.issues.length === 0) {\n    $message = \"No Jira records found between the \"+ new Date($startTimestamp).toISOString()+ \" and \" + new Date($endTimestamp).toISOString();\n    $fetchMapResult = \"error\";\n}else {\n    $message = \"Success: Problem data retrieved.\";\n    $fetchMapResult = \"success\";\n}"},{"action":"comment","value":"Check for Empty Fetch"},{"action":"if","name":"CheckEmptyFetch","condition":"$fetchMapResult === \"success\"","then":[{"action":"comment","value":"Mapping Function following JsonSchema of  $incidentSchema"},{"name":"Function_6","function":"//Fill the fields available with respective to the Json Schema HERE \n$incident.Incident_Start_Day_Time               = \"Incident Start Date/Time\";\n$incident.Time_of_Detection                     = \"Time of Detection\";\n$incident.Time_of_Diagnosis                     = \"Time of Diagnosis\";\n$incident.Time_of_Mitigation                    = \"Time of Mitigation\";\n$incident.Time_of_Escalation_Acknowledgement    = \"Time of Escalation Acknowledgement\";\n$incident.Time_of_Recovery                      = \"Time of Recovery\";\n$incident.Time_of_Maintenance_Window_End        = \"Time of Maintenance Window End\";\n$incident.Caused_By_Change                      = \"Caused by Change\"\n$incident.Severity                              = \"Severity\"\n\n// If the Values are readily available\n$incident.Detection_Duration_Mins     = \"Detection Duration Mins\"\n$incident.Escalation_Duration_Mins    = \"Escalation Duration Mins\"\n$incident.Diagnose_Duration_Mins      = \"Diagnose Duration Mins\"\n$incident.Mitigation_Duration_Mins    = \"Mitigation Duration Mins\"\n$incident.Recovery_Duration_Mins      = \"Recovery Duration Mins\"\n$incident.Resolution_Duration         = \"Resolution Duration\"\n$incident.Outage_Duration_Hrs         = \"Outage Duration Hrs\"\n$incident.Incident_Duration_MTTR_Mins = \"Incident Duration (MTTR) Mins\"\n\n// 1) Bind their labelMap\nconst labelMap = $incident;\n\n// 2) List all possible schema keys (matching your JSON‐Schema)\nconst allKeys = Object.keys($incidentSchema.properties);\n\n// 3) Generic lookup that unwraps `.name` or `.value`\nfunction getFieldValue(record, names, humanLabel) {\n  let raw;\n\n  // A) classic Jira\n  if (record.fields && names) {\n    const entry = Object.entries(names)\n                        .find(([, lbl]) => lbl === humanLabel);\n    if (!entry) return null;\n    raw = record.fields[entry[0]];\n  }\n  // B) service desk\n  else if (Array.isArray(record.requestFieldValues)) {\n    const fld = record.requestFieldValues.find(f =>\n      f.label.toLowerCase() === humanLabel.toLowerCase()\n    );\n    if (!fld) return null;\n    raw = fld.value;\n  } else {\n    return null;\n  }\n\n  // if its an array, pull out the first element\n  if (Array.isArray(raw) && raw.length > 0) {\n    raw = raw[0];\n  }\n\n  // unwrap common wrapper objects\n  if (raw && typeof raw === \"object\") {\n    // objects with `.value`\n    if (\"value\" in raw) {\n      return raw.value;\n    }\n    // objects with `.name`\n    if (\"name\" in raw) {\n      return raw.name;\n    }\n  }\n\n  // primitive\n  return raw;\n}\n\n\n// 4) Build a normalizer for monitoring-tools if they provided the array\nlet normalizeMonitoring = _ => null;\nif (Array.isArray(labelMap.Detection_Tools_Monitoring)) {\n  const allowed = labelMap.Detection_Tools_Monitoring\n                    .map(t => t.toLowerCase().trim());\n  normalizeMonitoring = raw => {\n    if (typeof raw !== \"string\") return null;\n    return allowed.some(tool => raw.toLowerCase().includes(tool))\n      ? \"monitoring\"\n      : raw;\n  };\n}\n\n// 5) One unified mapping loop\nfunction mapAll(record, names) {\n  const out = {};\n\n  // a) For each possible key if they supplied a label lookup else null\n  for (const key of allKeys) {\n    const humanLabel = labelMap[key];\n    if (key === \"Detection_Tools_Monitoring\") {\n      // handle specially below\n      out[key] = null;\n    }\n    else if (typeof humanLabel === \"string\") {\n      out[key] = getFieldValue(record, names, humanLabel);\n    }\n    else {\n      out[key] = null;\n    }\n  }\n\n  // b) If they provided both source and tools then normalize them\n  if (\n    typeof labelMap.Detection_Source === \"string\" &&\n    Array.isArray(labelMap.Detection_Tools_Monitoring)\n  ) {\n    const rawTool = getFieldValue(record, names, labelMap.Detection_Source);\n    out.Detection_Tools_Monitoring = normalizeMonitoring(rawTool);\n  }\n\n  // c) Copy over issueKey or issueID or created\n  if (record.key) {\n    out.issueKey = record.key;\n    out.issueID  = record.id;\n    out.created  = record.fields?.created\n                || record.createdDate?.iso8601\n                || null;\n  }\n\n  return out;\n}\n\n// 6) Detect your payload shape and run it\nlet mapping = [];\nif ($fetchResult.issues && $fetchResult.names) {\n  // classic Jira\n  mapping = $fetchResult.issues.map(issue =>\n    mapAll(issue, $fetchResult.names)\n  );\n} else {\n  // service desk\n  mapping = $fetchResult.map(rec =>\n    mapAll(rec, null)\n  );\n}\n\n// 7) Expose mapping for your transform step\n$mappingResults = mapping;\n"},{"action":"comment","value":"Check for Valid Mapping against Json Schema"},{"action":"system/Common/JSON/JSON Schema Validation","name":"JSONSchemaValidation_1","inputs":[{"name":"JSON","value":"$incident"},{"name":"schema","value":"$incidentSchema"},{"name":"allErrors","value":"true"},{"name":"verbose","value":"false"}]},{"action":"if","name":"CheckMapping","condition":"$JSONSchemaValidation_1.result === \"json is valid.\"","then":[{"action":"comment","value":"Transforming into ITSM metrics"},{"action":"../helper/CalculateMetrics","name":"calculateMetrics","inputs":[{"name":"mappingResults","value":"$mappingResults"}]},{"action":"try","name":"Try_1","try":[{"action":"../helper/LoadAssessments","name":"loadAssessments","inputs":[{"name":"applicationName","value":"$applicationName"},{"name":"profileName","value":"$profileName"},{"name":"data","value":"$calculateMetrics.transformedResult"},{"name":"timestamp","value":"$endTimestamp"},{"name":"origin_name","value":"$origin_name"},{"name":"origin_url","value":"$origin_url"},{"name":"applicationVersion","value":"$applicationVersion"},{"name":"origin","value":"$origin"},{"name":"IBMAPIKey","value":"$IBMAPIKey"}]}],"catch":[]},{"action":"assign","name":"AssigningResult","variable":"$assessment_result","value":"{\n  status:\n    (\n      // Known errors from loadAssessments (string or {message})\n      [\n        \"Input metric data is not provided\",\n        \"Provided input metric key(s) not relevant for the assessment\"\n      ].includes(\n        typeof $loadAssessments?.result?.message === \"string\"\n          ? $loadAssessments.result.message\n          : ($loadAssessments?.result?.message?.message ?? \"\")\n      )\n      ||\n      // Same errors, but Try_1.message is a single string (e.g., '400 - {...}')\n      (\n        typeof $Try_1?.message === \"string\" &&\n        (\n          $Try_1.message.includes(\"Input metric data is not provided\") ||\n          $Try_1.message.includes(\"Provided input metric key(s) not relevant for the assessment\")\n        )\n      )\n    )\n      ? \"error\"\n      : \"success\",\n\n  message:\n    (\n      // Exact match for loadAssessments path\n      (\n        typeof $loadAssessments?.result?.message === \"string\"\n          ? $loadAssessments.result.message\n          : ($loadAssessments?.result?.message?.message ?? \"\")\n      ) === \"Input metric data is not provided\"\n      ||\n      // Substring match for Try_1 single-string payload\n      (\n        typeof $Try_1?.message === \"string\" &&\n        $Try_1.message.includes(\"Input metric data is not provided\")\n      )\n    )\n      ? \"No relevant metrics in hand to send to Concert\"\n      : ($loadAssessments?.result ?? $Try_1)\n}"}],"else":[{"action":"assign","name":"MissingMappingElementsError","variable":"$assessment_result","value":"{\n    \"status\": \"Error\",\n    \"Message\": $message + \", \" + $JSONSchemaValidation_1.result\n}"}]}],"else":[{"action":"assign","name":"NoMetricsFetchedError","variable":"$assessment_result","value":"{\n    \"status\": \"Error\",\n    \"Message\": $message\n}"}]}],"else":[{"action":"assign","name":"FailedToFetchAssessmentTimeError","variable":"$assessment_result","value":"{\n    \"status\": \"Error\",\n    \"message\": $message\n}"}]}],"else":[{"action":"assign","name":"Assign_1","variable":"$assessment_result","value":"{\n    result: \"Error\",\n    message: `${$emptyFields.join(\", \")} field${($emptyFields.length > 1) ? \"s are\" : \" is\"} empty`\n}"}]}],"variables":[{"name":"assessment_result","required":false,"isInput":false,"isOutput":true,"level":"INTERMEDIATE","type":{"type":"object"},"value":"{}"},{"name":"startTimestamp","required":false,"isInput":false,"isOutput":true,"level":"INTERMEDIATE","type":{"type":"number"},"value":"0"},{"name":"endTimestamp","required":false,"isInput":false,"isOutput":true,"level":"INTERMEDIATE","type":{"type":"number"},"value":"0"},{"name":"applicationName","required":true,"isInput":true,"isOutput":false,"level":"INTERMEDIATE","type":{"type":"string"},"value":"\"\""},{"name":"jiraHost","required":true,"isInput":true,"isOutput":false,"level":"INTERMEDIATE","type":{"type":"string"},"value":"\"\""},{"name":"jiraAuthKey","required":true,"isInput":true,"isOutput":false,"level":"INTERMEDIATE","type":{"type":"string"},"value":"\"\"","meta":{"authType":"ANY","subType":"authentication"}},{"name":"IBMAPIKey","required":true,"isInput":true,"isOutput":false,"level":"INTERMEDIATE","type":{"type":"string"},"value":"\"\"","meta":{"authType":"IBM/ConcertAPIKey","subType":"authentication"}},{"name":"origin_url","required":true,"isInput":true,"isOutput":false,"level":"INTERMEDIATE","type":{"type":"string"},"value":"\"\""},{"name":"profileName","required":true,"isInput":true,"isOutput":false,"level":"INTERMEDIATE","type":{"type":"string"},"value":"\"\""},{"name":"applicationVersion","required":true,"isInput":true,"isOutput":false,"level":"INTERMEDIATE","type":{"type":"string"},"value":"\"\""},{"name":"origin","required":true,"isInput":true,"isOutput":false,"level":"INTERMEDIATE","type":{"type":"string"},"value":"\"\""},{"name":"origin_name","required":true,"isInput":true,"isOutput":false,"level":"INTERMEDIATE","type":{"type":"string"},"value":"\"\""},{"name":"defaultWindowSize","required":true,"isInput":true,"isOutput":false,"level":"INTERMEDIATE","type":{"type":"number"},"value":"300000"},{"name":"message","required":false,"isInput":false,"isOutput":false,"level":"INTERMEDIATE","type":{"type":"string"},"value":"\"\""},{"name":"fetchMapResult","required":false,"isInput":false,"isOutput":false,"level":"INTERMEDIATE","type":{"type":"any"},"value":"\"\""},{"name":"fetchResult","required":false,"isInput":false,"isOutput":false,"level":"INTERMEDIATE","type":{"type":"object"},"value":"{}"},{"name":"mappingResults","required":false,"isInput":false,"isOutput":false,"level":"INTERMEDIATE","type":{"type":"array"},"value":"[]"},{"name":"incidentSchema","required":false,"isInput":false,"isOutput":false,"level":"INTERMEDIATE","type":{"type":"object"},"value":"{\n    \"$schema\": \"http://json-schema.org/draft-07/schema#\",\n    \"title\": \"LabelMap\",\n    \"type\": \"object\",\n\n    \"properties\": {\n        \"Outage_Start_Time\": {\n            \"type\": \"string\",\n            \"description\": \"Human label for the outage-start timestamp in Jira. it Is of the format '2025-01-15T10:59:00.000-0500'\",\n            \"example\": \"Outage Start\"\n        },\n        \"Outage_End_Time\": {\n            \"type\": \"string\",\n            \"description\": \"Human label for the outage-end timestamp in Jira. It is of the format '2025-01-15T10:59:00.000-0500'\",\n            \"example\": \"Outage End\"\n        },\n        \"Issue_Close\": {\n            \"type\": \"string\",\n            \"description\": \"Human label for the outage-end timestamp in Jira. The values are generally closed/resolved\",\n            \"example\": \"Resolved\"\n        },\n        \"Priority\": {\n            \"type\": \"string\",\n            \"description\": \"Human label for the priority field in Jira. The values are generally sev1/sev2/sev3/sevN\",\n            \"example\": \"Priority\"\n        },\n        \"Incident_Detection_Time\": {\n            \"type\": \"string\",\n            \"description\": \"Jira field name for incident detection time. It is of the format '2025-01-15T10:59:00.000-0500'\",\n            \"example\": \"Time of Incident Detection\"\n        },\n        \"Detection_Source\": {\n            \"type\": \"string\",\n            \"description\": \"Jira field name for detection source. The values are customised ranging from physical montioring to detection tools\",\n            \"example\": \"Detection Method\"\n        },\n        \"Detection_Tools_Monitoring\": {\n            \"type\": \"array\",\n            \"description\": \"List of tool names whose appearances should all be normalized to 'monitoring'\",\n\n            \"items\": {\n                \"type\": \"string\",\n\n                \"enum\": [\n                    \"Prometheus\",\n                    \"Datadog\",\n                    \"Dynatrace\",\n                    \"Grafana\",\n                    \"monitoring\",\n                    \"Instana\",\n                    \"Alerty\",\n                    \"Splunk\",\n                    \"AppDynamics\",\n                    \"New Relic\",\n                    \"Sematext\",\n                    \"LogicMonitor\",\n                    \"Dataset\",\n                    \"Graylog\",\n                    \"LogDNA\",\n                    \"Zabbix\",\n                    \"Calyptia\"\n                ]\n            },\n            \"example\": [\"Prometheus\", \"Datadog\"]\n        },\n        \"Incident_Start_Day_Time\": {\n            \"type\": \"string\",\n            \"description\": \"Jira field name for Incident Start Day/Time. It is of the format '2025-01-15T10:59:00.000-0500'\",\n            \"example\": \"Incident Start Date/Time\"\n        },\n        \"Time_of_Detection\": {\n            \"type\": \"string\",\n            \"description\": \"Jira field name for Time of Detection. It is of the format '2025-01-15T10:59:00.000-0500'\",\n            \"example\": \"Time of Detection\"\n        },\n        \"Time_of_Diagnosis\": {\n            \"type\": \"string\",\n            \"description\": \"Jira field name for Time of Diagnosis. It is of the format '2025-01-15T10:59:00.000-0500'\",\n            \"example\": \"Time of Diagnosis\"\n        },\n        \"Time_of_Mitigation\": {\n            \"type\": \"string\",\n            \"description\": \"Jira field name for Time of Mitigation. It is of the format '2025-01-15T10:59:00.000-0500'\",\n            \"example\": \"Time of Mitigation\"\n        },\n        \"Time_of_Escalation_Acknowledgement\": {\n            \"type\": \"string\",\n            \"description\": \"Jira field name for Time of Escalation Acknowledgement. It is of the format '2025-01-15T10:59:00.000-0500'\",\n            \"example\": \"Time of Escalation Acknowledgement\"\n        },\n        \"Time_of_Recovery\": {\n            \"type\": \"string\",\n            \"description\": \"Jira field name for Time of Recovery. It is of the format '2025-01-15T10:59:00.000-0500'\",\n            \"example\": \"Time of Recovery\"\n        },\n        \"Time_of_Maintenance_Window_End\": {\n            \"type\": \"string\",\n            \"description\": \"Jira field name for Time of Maintenance Window End. It is of the format '2025-01-15T10:59:00.000-0500'\",\n            \"example\": \"Time of Maintenance Window End\"\n        },\n        \"Caused_By_Change\": {\n            \"type\": \"string\",\n            \"description\": \"Jira field name for issues Caused by Change. The values are generally boolean\",\n            \"example\": \"Caused By Change\"\n        },\n        \"Severity\": {\n            \"type\": \"string\",\n            \"description\": \"Jira field name for Issue Severity. The values are generally sev1/sev2/sev3/sevN\",\n            \"example\": \"Severity\"\n        },\n        \"Outage_Duration_Hrs\": {\n            \"type\": \"string\",\n            \"description\": \"Jira field name for Outage Duration Hrs. The value is generally in mins\",\n            \"example\": \"Outage Duration Hrs\"\n        },\n        \"Mitigation_Duration_Mins\": {\n            \"type\": \"string\",\n            \"description\": \"Jira field name for Mitigation Duration Mins. The value is generally in mins\",\n            \"example\": \"Mitigation Duration Mins\"\n        },\n        \"Incident_Duration_MTTR_Mins\": {\n            \"type\": \"string\",\n            \"description\": \"Jira field name for Incident Duration (MTTR) Mins. The value is generally in mins\",\n            \"example\": \"Incident Duration (MTTR) Mins\"\n        },\n        \"Recovery_Duration_Mins\": {\n            \"type\": \"string\",\n            \"description\": \"Jira field name for Recovery Duration Mins. The value is generally in mins\",\n            \"example\": \"Recovery Duration Mins\"\n        },\n        \"Detection_Duration_Mins\": {\n            \"type\": \"string\",\n            \"description\": \"Jira field name for Detection Duration Mins. The value is generally in mins\",\n            \"example\": \"Detection Duration Mins\"\n        },\n        \"Escalation_Duration_Mins\": {\n            \"type\": \"string\",\n            \"description\": \"Jira field name for Escalation Duration Mins. The value is generally in mins\",\n            \"example\": \"Escalation Duration Mins\"\n        },\n        \"Diagnose_Duration_Mins\": {\n            \"type\": \"string\",\n            \"description\": \"Jira field name for Diagnose Duration Mins. The value is generally in mins\",\n            \"example\": \"Diagnose Duration Mins\"\n        },\n        \"Planned_Duration_Hrs\": {\n            \"type\": \"string\",\n            \"description\": \"Jira field name for Planned Duration Hrs. The value is generally in mins\",\n            \"example\": \"Planned Duration Hrs\"\n        },\n        \"Resolution_Duration\": {\n            \"type\": \"string\",\n            \"description\": \"Jira field name for Resolution Duration. The value is generally in mins\",\n            \"example\": \"Resolution Duration\"\n        }\n    },\n    \"required\": [],\n    \"additionalProperties\": false\n}"},{"name":"incident","required":false,"isInput":false,"isOutput":false,"level":"INTERMEDIATE","type":{"$schema":"http://json-schema.org/draft-07/schema#","title":"LabelMap","type":"object","properties":{"Outage_Start_Time":{"type":"string","description":"Human label for the outage-start timestamp in Jira. it Is of the format '2025-01-15T10:59:00.000-0500'","example":"Outage Start"},"Outage_End_Time":{"type":"string","description":"Human label for the outage-end timestamp in Jira. It is of the format '2025-01-15T10:59:00.000-0500'","example":"Outage End"},"Issue_Close":{"type":"string","description":"Human label for the outage-end timestamp in Jira. The values are generally closed/resolved","example":"Resolved"},"Priority":{"type":"string","description":"Human label for the priority field in Jira. The values are generally sev1/sev2/sev3/sevN","example":"Priority"},"Incident_Detection_Time":{"type":"string","description":"Jira field name for incident detection time. It is of the format '2025-01-15T10:59:00.000-0500'","example":"Time of Incident Detection"},"Detection_Source":{"type":"string","description":"Jira field name for detection source. The values are customised ranging from physical montioring to detection tools","example":"Detection Method"},"Detection_Tools_Monitoring":{"type":"array","description":"List of tool names whose appearances should all be normalized to 'monitoring'","items":{"type":"string","enum":["Prometheus","Datadog","Dynatrace","Grafana","monitoring","Instana","Alerty","Splunk","AppDynamics","New Relic","Sematext","LogicMonitor","Dataset","Graylog","LogDNA","Zabbix","Calyptia"]},"example":["Prometheus","Datadog"]},"Incident_Start_Day_Time":{"type":"string","description":"Jira field name for Incident Start Day/Time. It is of the format '2025-01-15T10:59:00.000-0500'","example":"Incident Start Date/Time"},"Time_of_Detection":{"type":"string","description":"Jira field name for Time of Detection. It is of the format '2025-01-15T10:59:00.000-0500'","example":"Time of Detection"},"Time_of_Diagnosis":{"type":"string","description":"Jira field name for Time of Diagnosis. It is of the format '2025-01-15T10:59:00.000-0500'","example":"Time of Diagnosis"},"Time_of_Mitigation":{"type":"string","description":"Jira field name for Time of Mitigation. It is of the format '2025-01-15T10:59:00.000-0500'","example":"Time of Mitigation"},"Time_of_Escalation_Acknowledgement":{"type":"string","description":"Jira field name for Time of Escalation Acknowledgement. It is of the format '2025-01-15T10:59:00.000-0500'","example":"Time of Escalation Acknowledgement"},"Time_of_Recovery":{"type":"string","description":"Jira field name for Time of Recovery. It is of the format '2025-01-15T10:59:00.000-0500'","example":"Time of Recovery"},"Time_of_Maintenance_Window_End":{"type":"string","description":"Jira field name for Time of Maintenance Window End. It is of the format '2025-01-15T10:59:00.000-0500'","example":"Time of Maintenance Window End"},"Caused_By_Change":{"type":"string","description":"Jira field name for issues Caused by Change. The values are generally boolean","example":"Caused By Change"},"Severity":{"type":"string","description":"Jira field name for Issue Severity. The values are generally sev1/sev2/sev3/sevN","example":"Severity"},"Outage_Duration_Hrs":{"type":"string","description":"Jira field name for Outage Duration Hrs. The value is generally in mins","example":"Outage Duration Hrs"},"Mitigation_Duration_Mins":{"type":"string","description":"Jira field name for Mitigation Duration Mins. The value is generally in mins","example":"Mitigation Duration Mins"},"Incident_Duration_MTTR_Mins":{"type":"string","description":"Jira field name for Incident Duration (MTTR) Mins. The value is generally in mins","example":"Incident Duration (MTTR) Mins"},"Recovery_Duration_Mins":{"type":"string","description":"Jira field name for Recovery Duration Mins. The value is generally in mins","example":"Recovery Duration Mins"},"Detection_Duration_Mins":{"type":"string","description":"Jira field name for Detection Duration Mins. The value is generally in mins","example":"Detection Duration Mins"},"Escalation_Duration_Mins":{"type":"string","description":"Jira field name for Escalation Duration Mins. The value is generally in mins","example":"Escalation Duration Mins"},"Diagnose_Duration_Mins":{"type":"string","description":"Jira field name for Diagnose Duration Mins. The value is generally in mins","example":"Diagnose Duration Mins"},"Planned_Duration_Hrs":{"type":"string","description":"Jira field name for Planned Duration Hrs. The value is generally in mins","example":"Planned Duration Hrs"},"Resolution_Duration":{"type":"string","description":"Jira field name for Resolution Duration. The value is generally in mins","example":"Resolution Duration"}},"required":[],"additionalProperties":false},"value":"{}"},{"name":"emptyFields","required":false,"isInput":false,"isOutput":false,"level":"INTERMEDIATE","type":{"type":"array"},"value":"[]"}],"meta":{"workerGroup":"default","created":1767354434898,"lastUpdated":1767354830145,"description":"This workflow retrieves Incident metrics from Jira over a specified time period, calculates the ITSM metrics, and sends the processed data to the Concert Resilience evaluation API. ","layout":"flow","updatedByUsername":"admin","numberOfBlocks":26,"version":5,"tags":[{"name":"Consumer","value":"Concert"},{"name":"Category","value":"Resilience"}]},"finally":null}