{"name":"Get APM Metrics","platform":"node","hash":"4/w6ZARQIsfNisXvLwYhmVNr0ljJw8ZNEkuQcr9ANYU=","blocks":[{"action":"comment","value":"Fetch application, website, synthetic and SLO metrics from Instana"}, {"name":"Split_1","action":"split","branches":[{"blocks":[{"action":"try","name":"Try_1","try":[{"action":"system/IBM/Instana/Application Metrics/Get Application Metrics","name":"IBM_1","inputs":[{"name":"authKey","value":"$instana_auth"},{"name":"Body","value":"{\n    \"applicationId\": $applicationId,\n\n    \"metrics\": [{\n        \"aggregation\": \"PER_SECOND\",\n        \"metric\": \"calls\"\n    }, {\n        \"aggregation\": \"MEAN\",\n        \"metric\": \"errors\"\n    }, {\n        \"aggregation\": \"MEAN\",\n        \"metric\": \"latency\"\n    }],\n    \"timeFrame\": {\n        \"to\": $endTimestamp,\n        \"windowSize\": $windowSize\n    }\n}"}]},{"action":"assign","name":"Assign_2","variable":"$applicationMetrics","value":"$IBM_1.result"}],"catch":[]}]},{"blocks":[{"action":"try","name":"Try_2","try":[{"action":"system/IBM/Instana/Synthetic Metrics/Get Synthetic Metrics","name":"IBM_2","inputs":[{"name":"authKey","value":"$instana_auth"},{"name":"Body","value":"{\n    \"metrics\": [{\n        \"aggregation\": \"SUM\",\n        \"metric\": \"synthetic.successRate\"\n    }],\n    \"timeFrame\": {\n        \"to\": $endTimestamp,\n        \"windowSize\": $windowSize\n    },\n    \"disableDefaultGroups\": \"false\",\n\n    \"tagFilterExpression\": {\n        \"type\": \"EXPRESSION\",\n        \"logicalOperator\": \"AND\",\n\n        \"elements\": [{\n            \"name\": \"synthetic.applicationId\",\n            \"stringValue\": $applicationId,\n            \"operator\": \"EQUALS\"\n        }]\n    }\n}"}]},{"action":"assign","name":"Assign_3","variable":"$syntheticMetrics","value":"$IBM_2.result"},{"action":"comment","value":"Check if the API call was successful"},{"action":"if","name":"If_1","condition":"Array.isArray($IBM_2.result.metricsResult)","then":[],"else":[{"action":"assign","name":"Assign_5","variable":"$syntheticMetrics.metricsResult","value":"[]"}]}],"catch":[]}]},{"blocks":[{"action":"try","name":"Try_3","try":[{"action":"system/IBM/Instana/Website Metrics/Get Beacon Metrics","name":"IBM_3","inputs":[{"name":"authKey","value":"$instana_auth"},{"name":"Body","value":"{\n    \"metrics\": [{\n        \"metric\": \"pageViews\",\n        \"aggregation\": \"SUM\"\n    }],\n    \"tagFilterExpression\": {\n        \"type\": \"TAG_FILTER\",\n        \"name\": \"beacon.website.name\",\n        \"operator\": \"EQUALS\",\n        \"entity\": \"NOT_APPLICABLE\",\n        \"value\": $webApplicationName\n    },\n    \"timeFrame\": {\n        \"to\": $endTimestamp,\n        \"windowSize\": $windowSize\n    },\n    \"type\": \"PAGELOAD\"\n}"}]},{"action":"assign","name":"Assign_4","variable":"$webApplicationMetrics","value":"$IBM_3.result"}],"catch":[]}]},{"blocks":[{"action":"try","name":"Try_4","try":[{"action":"system/IBM/Instana/Service Levels Objective(SLO) Configurations/Get All SLO Configs","name":"IBM_4","inputs":[{"name":"authKey","value":"$instana_auth"},{"name":"entityType","value":"\"application\""}]},{"name":"Function_1","function":"function isEmpty(obj) {\n    return Object.keys(obj).length === 0 && obj.constructor === Object;\n};\n\nfunction removeElements(array, conditionFn) {\n    return array.filter(conditionFn);\n}\n\nvar filteredArray = [];\n\nif (!isEmpty($IBM_4.result)) {\n    const sloMetrics = $IBM_4.result;\n    filteredArray = removeElements(sloMetrics.items, item => item.entity.applicationId === $applicationId);\n}\n\n$filteredSloMetrics = {\n    \"items\": filteredArray\n}"},{"action":"foreach","name":"ForEach_1","list":"$filteredSloMetrics.items","blocks":[{"action":"system/IBM/Instana/Service Levels Objective(SLO) Report/Generate Service Levels Report","name":"IBM_5","inputs":[{"name":"authKey","value":"$instana_auth"},{"name":"sloId","value":"$ForEach_1.item.id"},{"name":"from","value":"$startTimestamp"},{"name":"to","value":"$endTimestamp"}]},{"action":"system/Common/Array/Array Push","name":"ArrayPush_1","inputs":[{"name":"array","value":"$sloMetricsArray"},{"name":"item","value":"{\n    sloConfig: $ForEach_1.item,\n    sloReport: $IBM_5.result\n}"}]}]}],"catch":[]}]}]}, {"action":"comment","value":"Consolidate the metrics from all the APIs to further processing"}, {"action":"assign","name":"Assign_1","variable":"$result","value":"{\n    \"application_metrics\": $applicationMetrics,\n    \"synthetic_metrics\": $syntheticMetrics,\n    \"website_metrics\": $webApplicationMetrics,\n\n    \"slo_metrics\": {\n        \"items\": $sloMetricsArray\n    }\n}"}],"variables":[{"name":"result","required":false,"isInput":false,"isOutput":true,"level":"INTERMEDIATE","type":{"type":"object"},"value":"{}"},{"name":"applicationName","required":true,"isInput":true,"isOutput":false,"level":"INTERMEDIATE","type":{"type":"string"},"value":"\"\""},{"name":"endTimestamp","required":true,"isInput":true,"isOutput":false,"level":"INTERMEDIATE","type":{"type":"number"},"value":"0"},{"name":"instana_auth","required":true,"isInput":true,"isOutput":false,"level":"INTERMEDIATE","type":{"type":"string"},"value":"\"\"","meta":{"authType":"IBM/Instana","subType":"authentication"}},{"name":"applicationId","required":true,"isInput":true,"isOutput":false,"level":"INTERMEDIATE","type":{"type":"string"},"value":"\"\""},{"name":"startTimestamp","required":true,"isInput":true,"isOutput":false,"level":"INTERMEDIATE","type":{"type":"number"},"value":"0"},{"name":"webApplicationName","required":false,"isInput":true,"isOutput":false,"level":"INTERMEDIATE","type":{"type":"string"},"value":"\"\""},{"name":"windowSize","required":true,"isInput":true,"isOutput":false,"level":"INTERMEDIATE","type":{"type":"number"},"value":"0"},{"name":"filteredSloMetrics","required":false,"isInput":false,"isOutput":false,"level":"INTERMEDIATE","type":{"type":"object"},"value":"{}"},{"name":"sloMetricsArray","required":false,"isInput":false,"isOutput":false,"level":"INTERMEDIATE","type":{"type":"array"},"value":"[]"},{"name":"applicationMetrics","required":false,"isInput":false,"isOutput":false,"level":"INTERMEDIATE","type":{"type":"object"},"value":"{}"},{"name":"syntheticMetrics","required":false,"isInput":false,"isOutput":false,"level":"INTERMEDIATE","type":{"type":"object"},"value":"{}"},{"name":"webApplicationMetrics","required":false,"isInput":false,"isOutput":false,"level":"INTERMEDIATE","type":{"type":"object"},"value":"{}"}],"meta":{"workerGroup":"default","created":1762352059166,"lastUpdated":1762352059166,"description":"This workflow retrieves performance metrics from Instana over a specified time period","layout":"flow","updatedByUsername":"ibmconcert","numberOfBlocks":26,"version":5},"finally":null}