{"name":"Get ITSM Metrics","platform":"node","hash":"p9nEkDF0+fYN4zLxdlwJbeeT/outglAdg6LJRhZVa8w=","blocks":[{"action":"system/IBM/Instana/Events/Get All Events","name":"GetIncidents","inputs":[{"name":"authKey","value":"$authKey"},{"name":"windowSize","value":"$windowSize"},{"name":"eventTypeFilters","value":"[\"INCIDENT\"]"}]}, {"action":"assign","name":"Assign_1","variable":"$IncidentsByAppId","value":"$GetIncidents.result"}, {"name":"GetIncidentsByFilters","function":"const targetStatus = \"closed\"\n$IncidentsByAppId = $GetIncidents.result.filter(item =>\n  item.state.toLowerCase() === targetStatus.toLowerCase() &&\n  item.applicationId === $applicationId\n);\n\n$Sev1Incidents = $IncidentsByAppId.filter(item =>\n  item.severity === 5\n)\n\n$Sev2Incidents = $IncidentsByAppId.filter(item =>\n  item.severity === 10\n)"}, {"action":"system/IBM/Instana/Events/Get All Events","name":"GetIncidentsByChange","inputs":[{"name":"authKey","value":"$authKey"},{"name":"windowSize","value":"$windowSize"},{"name":"eventTypeFilters","value":"['CHANGE']"}]}, {"name":"Function_1","function":"const status = \"closed\"\n$IncidentsByChange = $GetIncidents.result.filter(item =>\n  item.state.toLowerCase() === status.toLowerCase() &&\n  item.applicationId === $applicationId\n);\n\n$Sev1IncidentsByChange = $IncidentsByAppId.filter(item =>\n  item.severity === 5\n)\n\n$Sev2IncidentsByChange = $IncidentsByAppId.filter(item =>\n  item.severity === 10\n)"}, {"action":"assign","name":"metrics","variable":"$result","value":"{\n    \"IncidentsByAppId\": $IncidentsByAppId,\n    \"Sev1Incidents\": $Sev1Incidents,\n    \"Sev2Incidents\": $Sev2Incidents,\n    \"IncidentsByChange\": $IncidentsByChange,\n    \"Sev1IncidentsByChange\": $Sev1IncidentsByChange,\n    \"Sev2IncidentsByChange\": $Sev2IncidentsByChange\n}"}],"variables":[{"name":"result","required":false,"isInput":false,"isOutput":true,"level":"INTERMEDIATE","type":{"type":"any"},"value":"\"\""},{"name":"startTime","required":true,"isInput":true,"isOutput":false,"level":"INTERMEDIATE","type":{"type":"number"},"value":"0"},{"name":"endTime","required":true,"isInput":true,"isOutput":false,"level":"INTERMEDIATE","type":{"type":"number"},"value":"0"},{"name":"windowSize","required":true,"isInput":true,"isOutput":false,"level":"INTERMEDIATE","type":{"type":"number"},"value":"0"},{"name":"applicationName","required":true,"isInput":true,"isOutput":false,"level":"INTERMEDIATE","type":{"type":"string"},"value":"\"\""},{"name":"authKey","required":true,"isInput":true,"isOutput":false,"level":"INTERMEDIATE","type":{"type":"string"},"value":"\"\"","meta":{"authType":"IBM/Instana","subType":"authentication"}},{"name":"applicationId","required":true,"isInput":true,"isOutput":false,"level":"INTERMEDIATE","type":{"type":"string"},"value":"\"\""},{"name":"IncidentsByAppId","required":false,"isInput":false,"isOutput":true,"level":"INTERMEDIATE","type":{"type":"array"},"value":"[]"},{"name":"Sev1Incidents","required":false,"isInput":false,"isOutput":false,"level":"INTERMEDIATE","type":{"type":"array"},"value":"[]"},{"name":"Sev2Incidents","required":false,"isInput":false,"isOutput":false,"level":"INTERMEDIATE","type":{"type":"array"},"value":"[]"},{"name":"IncidentsByChange","required":false,"isInput":false,"isOutput":false,"level":"INTERMEDIATE","type":{"type":"array"},"value":"[]"},{"name":"Sev1IncidentsByChange","required":false,"isInput":false,"isOutput":false,"level":"INTERMEDIATE","type":{"type":"array"},"value":"[]"},{"name":"Sev2IncidentsByChange","required":false,"isInput":false,"isOutput":false,"level":"INTERMEDIATE","type":{"type":"array"},"value":"[]"}],"meta":{"workerGroup":"default","created":1762352176449,"lastUpdated":1762352176449,"description":"This workflow retrieves incident management metrics from Instana over a specified time period","layout":"flow","updatedByUsername":"ibmconcert","numberOfBlocks":6,"version":5},"finally":null}