{"name":"Prometheus_NFR_workflow","platform":"node","hash":"MEPeP1kdwiMAuY9UB28MvQGCWertGerWd5Sauq9jhDg=","blocks":[{"action":"./FetchAssessmentTime","name":"FetchTimeWindow","inputs":[{"name":"applicationName","value":"\"concert\""},{"name":"profileName","value":"$in_profile_name"},{"name":"origin","value":"\"APM\""},{"name":"origin_name","value":"\"Prometheus\""},{"name":"defaultWindowSize","value":"30000"}]}, {"name":"Function_3","function":"function isEmpty(value) {\n    return value === null || value === undefined || value === \"\" || (typeof value === \"object\" && Object.keys(value).length === 0);\n};\n\nif (isEmpty($startTimestamp)) {\n    $startTimestamp = String(Math.trunc(Number($FetchTimeWindow.result.startTimestamp) / 1000));\n}\n\nif (isEmpty($endTimestamp)) {\n    $endTimestamp = String(Math.trunc(Number($FetchTimeWindow.result.endTimestamp) / 1000));\n    $endTime = Number($FetchTimeWindow.result.endTimestamp);\n} else {\n    $endTime = Number($endTimestamp) * 1000;\n}\n\nif ($startTimestamp === \"\" || $endTimestamp === \"\" || isNaN($endTime)) {\n    $result = \"Error\";\n} else {\n    $result = \"Success\";\n}"}, {"action":"system/Prometheus/HTTP/Default/Returns Current Target Discovery","name":"Prometheus_1","inputs":[{"name":"authKey","value":"$service_auth"}]}, {"action":"assign","name":"Assign_3","variable":"$discovery","value":"$Prometheus_1"}, {"action":"comment","value":"Parses Prometheus discovery response to extract list of available scrape targets."}, {"name":"target_list","function":"var src = $discovery || {};\nvar root = (src.json || src.result || src) || {};\nvar data = root.data || {};\nvar active = Array.isArray(data.activeTargets) ? data.activeTargets : [];\n\n// Collect all discovered targets from Prometheus\nvar allTargets = [];\nfor (var i = 0; i < active.length; i++) {\n  var t = active[i] || {};\n  var dl = t.discoveredLabels || {};\n  var labels = t.labels || {};\n\n  var path = dl[\"__metrics_path__\"] || \"/metrics\";\n  if (path === \"/probe\") continue;\n\n  var url = t.globalUrl || t.scrapeUrl || null;\n  if (!url && labels[\"instance\"]) {\n    var inst = labels[\"instance\"];\n    var hasProto = /^https?:\\/\\//.test(inst);\n    url = (hasProto ? inst : (\"http://\" + inst)) + path;\n  }\n  if (!url || !/^https?:\\/\\//.test(url)) continue;\n\n  allTargets.push({\n    url: url,\n    job: (labels[\"job\"] || dl[\"job\"] || \"\").toLowerCase(),\n    version: labels[\"version\"] || dl[\"version\"] || null,\n    instance: labels[\"instance\"] || dl[\"__address__\"] || \"\",\n    health: t.health || \"unknown\"\n  });\n}\n\n// ---- Match only input apps ----\nvar inputApps = Array.isArray($application_name_version) ? $application_name_version : [];\nvar reachable = [], unreachable = [];\n\nfor (var a = 0; a < inputApps.length; a++) {\n  var app = inputApps[a];\n  var mappings = Array.isArray(app.mapping) ? app.mapping : [];\n\n  for (var m = 0; m < mappings.length; m++) {\n    var map = mappings[m];\n    if (map.tool !== \"prometheus\") continue;\n\n    var jobName = (map.job_name || \"\").toLowerCase();\n\n    // Filter Prometheus targets only for this job\n    var jobTargets = allTargets.filter(t => t.job === jobName);\n\n    if (jobTargets.length > 0) {\n      // Found in Prometheus → check health\n      for (var j = 0; j < jobTargets.length; j++) {\n        var target = jobTargets[j];\n        var item = {\n          url: target.url,\n          job: target.job,\n          version: target.version,\n          instance: target.instance,\n          health: target.health,\n          concert_app_name: app.concert_app_name,\n          concert_app_version: app.concert_app_version,\n          reachable: (target.health.toLowerCase() === \"up\"),\n          reason: (target.health.toLowerCase() === \"up\") ? \"\" : \"Application not reachable from Prometheus\"\n        };\n\n        if (item.reachable) reachable.push(item);\n        else unreachable.push(item);\n      }\n    } else {\n      // Input app not found at all in Prometheus\n      unreachable.push({\n        url: null,\n        job: map.job_name,\n        version: null,\n        instance: null,\n        health: \"down\",\n        concert_app_name: app.concert_app_name,\n        concert_app_version: app.concert_app_version,\n        reachable: false,\n        reason: \"Application not found in Prometheus discovery\"\n      });\n    }\n  }\n}\n\n// ---- Outputs ----\n$targets = reachable;           \n$unReachableTargets = unreachable; \n$now = Math.floor(Date.now() / 1000);\n"}, {"action":"comment","value":"Matches Prometheus targets (job, version) with Concert application mappings"}, {"name":"getMatchedTargets","function":"function getMatchedTargets(targets, applicationAppVersion) {\n    const matchedJobs = [];\n\n    if (!Array.isArray(targets) || targets.length === 0) {\n        return [];\n    }\n\n    if (!Array.isArray(applicationAppVersion) || applicationAppVersion.length === 0) {\n        return [];\n    }\n\n    for (const app of applicationAppVersion) {\n        if (!app.mapping || !Array.isArray(app.mapping)) {\n            continue;\n        }\n\n        for (const mapping of app.mapping) {\n            const {\n                job_name\n            } = mapping;\n\n            const matchedTarget = targets.find(target => target.job === job_name);\n\n            if (matchedTarget) {\n                matchedJobs.push({\n                    ...matchedTarget,\n                    concert_app_name: app.concert_app_name,\n                    concert_app_version: app.concert_app_version\n                });\n            }\n        }\n    }\n\n    return matchedJobs;\n};\n\n$targets = getMatchedTargets($targets, $application_name_version)"}, {"action":"if","name":"If_2","condition":"$targets && $targets.length === 0 && $application_name_version && $application_name_version.length === 1 && $unReachableTargets && $unReachableTargets.length === 1","then":[{"name":"Function_5","function":"throw new Error(\"Application is down. Prometheus cannot scrape metrics.\");\n"}],"else":[{"action":"if","name":"If_1","condition":"$targets.length != 0","then":[{"action":"comment","value":"Iterates over each discovered and matched Prometheus target for metrics collection."},{"action":"foreach","name":"ForEach_target","list":"$targets","blocks":[{"name":"buildPromQueryForNFR","function":"// ---------- buildPromQueryForNFR (SLO + Infra unified) ----------\n\n//  Get target instance\nvar instance = $ForEach_target?.item?.instance;\nif (!instance) {\n  $promQuery = \"\";\n  $statusMessage = \"⚠️ No instance found for target\";\n  return;\n}\n\n//  Full NFR metrics list (SLO + Infra)\nvar nfrMetrics = [\n  // SLO metrics\n  \"up\",\n  \"request_duration_seconds_bucket\",\n  \"request_duration_seconds_count\",\n  \"http_server_requests_seconds_bucket\",\n  \"http_server_requests_seconds_count\",\n  \"flask_http_request_duration_seconds_bucket\",\n  \"flask_http_request_duration_seconds_count\",\n\n  // Infra metrics\n  \"node_filesystem_size_bytes\",\n  \"node_filesystem_avail_bytes\",\n  \"node_memory_SwapTotal_bytes\",\n  \"node_memory_SwapFree_bytes\",\n  \"node_netstat_Tcp_CurrEstab\",\n  \"process_open_fds\",\n  \"nodejs_eventloop_lag_seconds\",\n  \"nodejs_active_requests_total\",\n  \"nodejs_heap_size_used_bytes\",\n  \"nodejs_heap_size_total_bytes\",\n  \"jvm_memory_used_bytes\",\n  \"jvm_memory_max_bytes\",\n  \"python_gc_objects_collected_total\"\n];\n\n//  Convert NFR metrics to regex for PromQL\nvar metricRegex = nfrMetrics.join(\"|\");\n\n//  Optional filter to skip noisy filesystem mounts\nvar fsFilter = `fstype!~\"tmpfs|overlay|squashfs|ramfs\",mount!~\"/run.*|/var/lib/docker.*\"`;\n\n//  Final promQL query\n$promQuery = `{instance=\"${instance}\",__name__=~\"${metricRegex}\",${fsFilter}}`;\n\n$statusMessage = `✅ Built NFR promQuery for instance ${instance} with ${nfrMetrics.length} metrics:\n${$promQuery}`;\n"},{"action":"system/Prometheus/HTTP/Expression Query/Evaluates Query Over Range of Time","name":"metricQuery1","inputs":[{"name":"authKey","value":"$service_auth"},{"name":"query","value":"$promQuery"},{"name":"start","value":"$startTimestamp"},{"name":"end","value":"$endTimestamp"},{"name":"step","value":"\"90\""}]},{"action":"assign","name":"Assign_7","variable":"$metricData","value":"$metricQuery1.result"},{"name":"computeTimeLiteral","function":"function isEmpty(value) {\n    return (value === null || value === undefined || value === \"\" || (typeof value === \"object\" && Object.keys(value).length === 0));\n};\n\nvar start = Number($startTimestamp);\nvar end = Number($endTimestamp);\n\nif (isEmpty(start) || isEmpty(end) || isNaN(start) || isNaN(end)) {\n    $timeRangeLiteral = \"2h\";\n} else {\n    var seconds = end - start;\n    var minutes = seconds / 60;\n    var hours = minutes / 60;\n    var days = hours / 24;\n    var literal = \"\";\n\n    if (days >= 1)\n        literal = Math.round(days) + \"d\";\n    else if (hours >= 1)\n        literal = Math.round(hours) + \"h\";\n    else if (minutes >= 1)\n        literal = Math.round(minutes) + \"m\";\n    else\n        literal = Math.round(seconds) + \"s\";\n\n    $timeRangeLiteral = literal;\n}\n\n$statusMessage = `Computed Prometheus range window: ${$timeRangeLiteral}`"},{"name":"extractMetricsList","function":"// ---------- extractMetricsList (simple) ----------\nvar resp = $metricData || {};\nvar metricNames = new Set();\n\nif (resp?.data?.result?.length) {\n  for (var i = 0; i < resp.data.result.length; i++) {\n    var r = resp.data.result[i];\n    if (r?.metric?.__name__) {\n      metricNames.add(r.metric.__name__);\n    }\n  }\n}\n\n$dynamicMetricsList = Array.from(metricNames);\n$statusMessage = `✅ Extracted ${$dynamicMetricsList.length} NFR metrics from response`;\n"},{"name":"buildAvgQuery","function":"// ---------- buildAvgQuery (Unified avg_over_time for all NFR metrics - No Loop) ----------\n\n// 1️⃣ Full NFR metrics list\nvar allNfrMetrics = [\n  // SLO metrics\n  \"up\",\n  \"request_duration_seconds_bucket\",\n  \"request_duration_seconds_count\",\n  \"http_server_requests_seconds_bucket\",\n  \"http_server_requests_seconds_count\",\n  \"flask_http_request_duration_seconds_bucket\",\n  \"flask_http_request_duration_seconds_count\",\n\n  // Infra metrics\n  \"node_filesystem_size_bytes\",\n  \"node_filesystem_avail_bytes\",\n  \"node_memory_SwapTotal_bytes\",\n  \"node_memory_SwapFree_bytes\",\n  \"node_netstat_Tcp_CurrEstab\",\n  \"process_open_fds\",\n  \"nodejs_eventloop_lag_seconds\",\n  \"nodejs_active_requests_total\",\n  \"nodejs_heap_size_used_bytes\",\n  \"nodejs_heap_size_total_bytes\",\n  \"jvm_memory_used_bytes\",\n  \"jvm_memory_max_bytes\",\n  \"python_gc_objects_collected_total\"\n];\n\n// 2️⃣ Get the metrics discovered for the target\nvar metricList = $dynamicMetricsList || [];\nvar metricsUsed = metricList.filter(m => allNfrMetrics.includes(m));\n\nif (metricsUsed.length === 0) {\n  $avgQuery = \"\";\n  $statusMessage = \"⚠️ No NFR metrics found for building query.\";\n  return;\n}\n\n// 3️⃣ Time configuration\nvar timeRange = $timeRangeLiteral || \"24h\";\nvar step = \"1h\";  // Increase step if infra load is high (e.g., \"2h\" or \"3h\")\n\n// 4️⃣ Build PromQL query\n// 👉 For multiple metrics we use OR to avoid label collision between different names.\nvar queryParts = metricsUsed.map(m => `avg_over_time(${m}[${timeRange}:${step}])`);\n\n// 5️⃣ Final query\n$avgQuery = queryParts.join(\" or \");\n$statusMessage = `🧮 Built avg_over_time(${timeRange}:${step}) for ${metricsUsed.length} NFR metrics`;\n"},{"action":"system/Prometheus/HTTP/Expression Query/Evaluates Instant Query","name":"metricAvgQuery","inputs":[{"name":"authKey","value":"$service_auth"},{"name":"query","value":"$avgQuery"}]},{"name":"collectMetricAverages","function":"// ---------- collectCombinedResults.js (for avg_over_time) ----------\n\nvar url = $ForEach_target?.item?.url || \"unknown\";\nvar promResult = $metricData || ($metricAvgQuery && $metricAvgQuery.result) || {};\nvar avgMap = $avgMetricsByUrl || {};\navgMap[url] = avgMap[url] || {};\n\nif (promResult?.data?.result?.length) {\n  for (var i = 0; i < promResult.data.result.length; i++) {\n    var r = promResult.data.result[i];\n    var name = r.metric.__name__;\n    if (!name) continue;\n\n    var value = null;\n    // 👇 avg_over_time returns a single averaged value in r.value\n    if (r.value && r.value.length > 1) {\n      value = r.value[1];\n    } else if (r.values && r.values.length > 0) {\n      value = r.values[r.values.length - 1][1];\n    }\n\n    if (value !== null) {\n      avgMap[url][name] = Number(value);\n    }\n  }\n}\n\n$avgMetricsByUrl = avgMap;\n$statusMessage = `✅ Collected ${Object.keys(avgMap[url]).length} averaged metrics for ${url}`;\n\n"},{"name":"parseMetrics","function":"// ---------- parseMetrics (Dynamic NFR-based filtering, using $avgMetricsByUrl) ----------\n\nvar target = $ForEach_target && $ForEach_target.item ? $ForEach_target.item : {};\nvar url = target.url || \"unknown\";\nvar job = (target.job || target.concert_app || \"\").toLowerCase();\nvar avgMap = $avgMetricsByUrl || {};\nvar metrics = avgMap[url] || {}; // ✅ Already averaged metrics\n\n// 1️⃣ Get NFR metrics dynamically instead of hardcoding\n//    (e.g., set $dynamicMetricsList earlier in the workflow)\nvar nfrMetrics = $dynamicMetricsList || [];\n\n// 2️⃣ If the job is infra-heavy, filter to only metrics we care about for NFR\n//    (this helps avoid timeouts and noise)\nvar isInfra = job.includes(\"node_exporter\") || job.includes(\"prometheus\");\n\nvar filteredMetrics = {};\nif (isInfra && nfrMetrics.length > 0) {\n  var nfrSet = new Set(nfrMetrics);\n  for (var key in metrics) {\n    if (nfrSet.has(key)) {\n      filteredMetrics[key] = metrics[key];\n    }\n  }\n} else {\n  // For other apps, just use all metrics available\n  filteredMetrics = metrics;\n}\n\n// 3️⃣ Save filtered results\nvar map = $metricsByUrl || {};\nmap[url] = filteredMetrics;\n$metricsByUrl = map;\n\n// 4️⃣ Save metadata\nvar meta = $metaData || {};\nmeta[url] = {\n  job: job || \"unknown\",\n  version: target.version || target.concert_app_version || \"unknown\",\n  concert_app_name: target.concert_app || job || \"unknown\",\n  concert_app_version: target.concert_app_version || target.version || \"unknown\",\n  instance: target.instance || \"unknown\"\n};\n$metaData = meta;\n\n// 5️⃣ Debug info\n$nfrDebug = $nfrDebug || {};\n$nfrDebug[url] = {\n  url: url,\n  job: job,\n  parsedMetrics: Object.keys(filteredMetrics),\n  parsedCount: Object.keys(filteredMetrics).length,\n  isInfra: isInfra\n};\n\n$statusMessage = `✅ Parsed ${Object.keys(filteredMetrics).length} NFR metrics for ${url} (infra=${isInfra})`;\n"},{"name":"computeAllNFRs","function":"// -------- computeAllNFRs (Multi-runtime Error + Extended NFRs) --------\n\n// ==== Config ====\nvar AVG_WINDOW_SEC = 300;\nvar MIN_RATE_WINDOW_SEC = 300;\n\n// ==== Helpers ====\nfunction first(arr) {\n  return (arr && arr.length) ? Number(arr[0].value) : null;\n}\n\nfunction sum(arr) {\n  if (!arr || !arr.length) return null;\n  return arr.reduce((a, v) => a + Number(v.value || 0), 0);\n}\n\nfunction hasMetric(m, n) {\n  return !!(m && m[n] && m[n].length);\n}\n\nfunction delta(prevAll, url, key, cur) {\n  var prev = prevAll && prevAll[url] && prevAll[url].counters\n    ? prevAll[url].counters[key]\n    : null;\n  if (cur == null || prev == null) return { d: null, now: cur };\n  var d = cur - prev;\n  if (d < 0) d = null; // counter reset\n  return { d: d, now: cur };\n}\n\nfunction pxx(m, base, p) {\n  var buckets = m[base + \"_bucket\"];\n  if (!buckets) return null;\n\n  var c = sum(m[base + \"_count\"]);\n  if (c == null || c <= 0) return null;\n\n  var byLe = {}, rows = [];\n  for (var i = 0; i < buckets.length; i++) {\n    var le = parseFloat(buckets[i].labels.le);\n    if (!isNaN(le)) byLe[le] = (byLe[le] || 0) + Number(buckets[i].value || 0);\n  }\n\n  for (var k in byLe) rows.push({ le: parseFloat(k), v: byLe[k] });\n  rows.sort((a, b) => a.le - b.le);\n\n  var need = c * p, acc = 0;\n  for (var j = 0; j < rows.length; j++) {\n    acc += rows[j].v;\n    if (acc >= need) return rows[j].le;\n  }\n\n  return null;\n}\n\n// === Helper: unified error metrics handler ===\nfunction computeErrorTotals(m) {\n  var candidates = [\n    \"request_duration_seconds_count\",\n    \"http_server_requests_seconds_count\",\n    \"flask_http_request_duration_seconds_count\"\n  ];\n\n  for (var i = 0; i < candidates.length; i++) {\n    var name = candidates[i];\n    if (hasMetric(m, name)) {\n      var arr = m[name];\n      var t = 0, e = 0, seen = false;\n\n      for (var j = 0; j < arr.length; j++) {\n        var v = Number(arr[j].value || 0);\n        var st = (arr[j].labels && arr[j].labels.status_code) || null;\n        t += v;\n        seen = true;\n        if (st && (st[0] === \"4\" || st[0] === \"5\")) e += v;\n      }\n\n      if (seen) return { total: t, errors: e };\n    }\n  }\n\n  return { total: null, errors: null };\n}\n\n// ==== Merge metrics ====\nvar avgMap = $avgMetricsByUrl || {};\nvar parsedMap = $metricsByUrl || {};\nvar mergedMap = {};\n\nfor (var url in parsedMap)\n  mergedMap[url] = Object.assign({}, parsedMap[url] || {}, avgMap[url] || {});\n\nfor (var url2 in avgMap)\n  mergedMap[url2] = Object.assign({}, mergedMap[url2] || {}, avgMap[url2] || {});\n\nfor (var u in mergedMap) {\n  var metrics = mergedMap[u];\n  for (var key in metrics) {\n    if (typeof metrics[key] === \"number\") {\n      metrics[key] = [{ value: metrics[key], labels: {} }];\n    } else if (Array.isArray(metrics[key]) &&\n      metrics[key].length > 0 &&\n      typeof metrics[key][0] === \"number\") {\n      metrics[key] = metrics[key].map(v => ({ value: v, labels: {} }));\n    }\n  }\n}\n\nvar byUrl = mergedMap;\nvar now = $now || Math.floor(Date.now() / 1000);\nvar prevAll = $STATE_prev || {};\nvar out = [], newPrev = {};\n\nfor (var url in byUrl) {\n  var m = byUrl[url] || {};\n  var meta = ($metaData && $metaData[url]) || {};\n  var job = meta.job || null;\n  var concert_app = meta.concert_app_name || null;\n  var concert_version = meta.concert_app_version || null;\n  var version = meta.version || null;\n  var inst = meta.instance || null;\n\n  var prev = prevAll[url] || {};\n  if (!prev.counters) prev.counters = {};\n  if (!prev.counters_hist) prev.counters_hist = {};\n  if (!prev.gauges) prev.gauges = {};\n  var holder = prev;\n\n  var nfrs = {};\n  nfrs[\"Application Availability\"] = Object.keys(m).length > 0 ? 100 : null;\n\n  // ---- Unified Requests + Errors (Node, JVM, Python)\n  var totals = computeErrorTotals(m);\n  var totalReq = totals.total;\n  var errReq = totals.errors;\n\n  var dTot = delta(prevAll, url, \"__total_requests\", totalReq);\n  var dErr = delta(prevAll, url, \"__error_requests\", errReq);\n\n  var error_rate_instant = (dTot.d != null && dTot.d > 0 && dErr.d != null)\n    ? (dErr.d / dTot.d) * 100\n    : (totalReq != null && totalReq > 0 && errReq != null)\n      ? (errReq / totalReq) * 100\n      : null;\n\n  nfrs[\"Error Rate SLO\"] = error_rate_instant;\n  nfrs[\"Highest Error Rate\"] = error_rate_instant;\n\n  // ---- 4xx Errors ----\n  var fourXAbs = null;\n  if (totals.total !== null && hasMetric(m, \"request_duration_seconds_count\")) {\n    var arr2 = m[\"request_duration_seconds_count\"];\n    var sum4xx = 0, seen4 = false;\n\n    for (var j = 0; j < arr2.length; j++) {\n      var st2 = (arr2[j].labels && arr2[j].labels.status_code) || null;\n      if (st2 && st2[0] === \"4\") {\n        sum4xx += Number(arr2[j].value || 0);\n        seen4 = true;\n      }\n    }\n\n    if (seen4) fourXAbs = sum4xx;\n  }\n  nfrs[\"4xx Errors\"] = fourXAbs;\n\n  // ---- Latency ----\n  var latency_p95 = null;\n  if (hasMetric(m, \"request_duration_seconds_bucket\"))\n    latency_p95 = pxx(m, \"request_duration_seconds\", 0.95);\n  else if (hasMetric(m, \"http_server_requests_seconds_bucket\"))\n    latency_p95 = pxx(m, \"http_server_requests_seconds\", 0.95);\n  else if (hasMetric(m, \"flask_http_request_duration_seconds_bucket\"))\n    latency_p95 = pxx(m, \"flask_http_request_duration_seconds\", 0.95);\n  nfrs[\"Latency SLO\"] = latency_p95;\n\n  // ---- Node Exporter ----\n  var isNode = hasMetric(m, \"node_memory_SwapTotal_bytes\") ||\n    hasMetric(m, \"node_filesystem_size_bytes\") ||\n    hasMetric(m, \"node_netstat_Tcp_CurrEstab\");\n\n  if (isNode) {\n    var sizes = m[\"node_filesystem_size_bytes\"] || [];\n    var avails = m[\"node_filesystem_avail_bytes\"] || [];\n\n    function fsKey(lbl) {\n      lbl = lbl || {};\n      return (lbl.device || \"\") + \"|\" + (lbl.mount || lbl.mountpoint || \"\") + \"|\" + (lbl.fstype || \"\");\n    }\n\n    var mp = {};\n    for (var ii = 0; ii < sizes.length; ii++) {\n      mp[fsKey(sizes[ii].labels)] = { size: Number(sizes[ii].value || 0) };\n    }\n\n    for (var ii2 = 0; ii2 < avails.length; ii2++) {\n      var k2 = fsKey(avails[ii2].labels);\n      mp[k2] = mp[k2] || {};\n      mp[k2].avail = Number(avails[ii2].value || 0);\n    }\n\n    var totSize = null, totUsed = null;\n    for (var kk in mp) if (mp.hasOwnProperty(kk)) {\n      var sz = mp[kk].size || 0, av = mp[kk].avail || 0;\n      if (sz > 0) {\n        totSize = (totSize || 0) + sz;\n        totUsed = (totUsed || 0) + (sz - av);\n      }\n    }\n\n    var diskPct = (totSize != null && totUsed != null && totSize > 0)\n      ? (totUsed / totSize) * 100\n      : null;\n\n    var swTot = first(m[\"node_memory_SwapTotal_bytes\"]);\n    var swFree = first(m[\"node_memory_SwapFree_bytes\"]);\n    var swapPct = (swTot != null && swTot > 0 && swFree != null)\n      ? ((swTot - swFree) / swTot) * 100\n      : null;\n    var conns = first(m[\"node_netstat_Tcp_CurrEstab\"]);\n\n    nfrs[\"Disk Space Usage\"] = diskPct;\n    nfrs[\"Swap Space Usage\"] = swapPct;\n    nfrs[\"Active Connections\"] = conns;\n    nfrs[\"Temporary Disk Space Usage\"] = null;\n    nfrs[\"Log File Disk Usage\"] = null;\n  } else {\n    nfrs[\"Disk Space Usage\"] = null;\n    nfrs[\"Swap Space Usage\"] = null;\n    nfrs[\"Active Connections\"] = null;\n    nfrs[\"Temporary Disk Space Usage\"] = null;\n    nfrs[\"Log File Disk Usage\"] = null;\n  }\n\n  // ---- Node.js Process ----\n  if (hasMetric(m, \"nodejs_heap_size_used_bytes\") && hasMetric(m, \"nodejs_heap_size_total_bytes\")) {\n    var used = first(m[\"nodejs_heap_size_used_bytes\"]);\n    var total = first(m[\"nodejs_heap_size_total_bytes\"]);\n    nfrs[\"Heap Memory Usage %\"] = (used != null && total > 0) ? (used / total) * 100 : null;\n  } else {\n    nfrs[\"Heap Memory Usage %\"] = null;\n  }\n\n  nfrs[\"Open File Descriptors\"] = hasMetric(m, \"process_open_fds\") ? first(m[\"process_open_fds\"]) : null;\n  nfrs[\"Event Loop Lag (s)\"] = hasMetric(m, \"nodejs_eventloop_lag_seconds\") ? first(m[\"nodejs_eventloop_lag_seconds\"]) : null;\n  nfrs[\"Active Requests\"] = hasMetric(m, \"nodejs_active_requests_total\") ? first(m[\"nodejs_active_requests_total\"]) : null;\n\n  // ---- Assemble ----\n  out.push({\n    url: url,\n    job: job,\n    version: version,\n    concert_app: concert_app,\n    concert_version: concert_version,\n    instance: inst,\n    at: now,\n    NFRs: nfrs,\n    extras: {\n      \"Uptime Seconds\": (function () {\n        var startSec = first(m[\"process_start_time_seconds\"]);\n        return (startSec != null) ? (now - Math.floor(startSec)) : null;\n      })()\n    }\n  });\n\n  // ---- Persist snapshot ----\n  var snap = JSON.parse(JSON.stringify(holder || {}));\n  if (!snap.counters) snap.counters = {};\n  snap.ts = now;\n  if (totalReq != null) snap.counters[\"__total_requests\"] = totalReq;\n  if (errReq != null) snap.counters[\"__error_requests\"] = errReq;\n  newPrev[url] = snap;\n}\n\n// ---- Outputs ----\n$result = out;\n$STATE_prev = newPrev;\n$statusMessage = \"Computed full NFRs for \" + out.length + \" targets.\";\n"},{"name":"urlList","function":"var urls = $urls; if (!urls || !Array.isArray(urls)) urls = [];\nurls.push($ForEach_target.item.url);\n$urls = urls;\n\nvar meta = $metaData || {};\nmeta[$ForEach_target.item.url] = { job: $ForEach_target.item.job, instance: $ForEach_target.item.instance ,version : $ForEach_target.item.version, concert_app_name: $ForEach_target.item.concert_app_name, concert_app_version: $ForEach_target.item.concert_app_version };\n$metaData = meta;\n"}]}],"else":[{"name":"Function_2","function":"throw new Error(`please check the provided job name and version in the mapping as we are unable to find that job in prometheus.`);"}]}]}, {"action":"comment","value":"Validates if at least one target is matched. Throws error if no mapping found."}, {"action":"comment","value":"Applies calculation logic for each NFR"}, {"action":"comment","value":"Structures parsed metrics into JSON format for Concert posture input."}, {"name":"concertPayload","function":"function g(nfrs, key) {\n    if (!nfrs || !nfrs.hasOwnProperty(key) || nfrs[key] == null)\n        return null;\n\n    var v = Number(nfrs[key]);\n    return isFinite(v) ? v : null;\n};\n\nfunction isNum(x) {\n    return typeof x === \"number\" && isFinite(x);\n}\n\nfunction removeNulls(obj) {\n    var out = {};\n\n    for (var k in obj) {\n        if (obj[k] !== null && obj[k] !== undefined)\n            out[k] = obj[k];\n    }\n\n    return out;\n}\n\nvar rows = Array.isArray($result) ? $result : [];\nvar targets = [];\nvar nodeHosts = [];\n\nvar fleet = {\n    pct_hosts_above_95pct_disk_usage: null,\n    pct_hosts_above_20pct_swap_space_utilization: null,\n    pct_hosts_with_filesystem_errors: null,\n    avg_availability_pct: null\n};\n\nfor (var i = 0; i < rows.length; i++) {\n    var r = rows[i] || {};\n    var n = r.NFRs || {};\n    var url = r.url || null;\n    var app = r.job || null;\n    var concert_app = r.concert_app || null;\n    var concert_version = r.concert_version || null;\n    var version = r.version || null;\n    var diskPct = g(n, \"Disk Space Usage\");\n    var swapPct = g(n, \"Swap Space Usage\");\n    var fsErrs = g(n, \"File System Errors\");\n    var conns = g(n, \"Active Connections\");\n    var heapPct = g(n, \"Heap Memory Usage %\");\n    var openFDs = g(n, \"Open File Descriptors\");\n    var lag = g(n, \"Event Loop Lag (s)\");\n    var activeReqs = g(n, \"Active Requests\");\n    var isNode = (diskPct != null) || (swapPct != null) || (conns != null) || (fsErrs != null);\n\n    if (isNode) {\n        nodeHosts.push({\n            url: url,\n            app: app,\n            version: version,\n            diskPct: diskPct,\n            swapPct: swapPct,\n            fsErrs: fsErrs,\n            conns: conns\n        });\n    }\n\n    var rpsWin = g(n, \"Throughput (avg rps, last 300s)\");\n    var rps = isNum(rpsWin) ? rpsWin : g(n, \"Scalability Throughput\");\n    var errRateWin = g(n, \"Error Rate SLO (avg last 300s)\");\n    var errRate = isNum(errRateWin) ? errRateWin : (isNum(g(n, \"Error Rate SLO\")) ? g(n, \"Error Rate SLO\") : (isNum(g(n, \"Highest Error Rate\")) ? g(n, \"Highest Error Rate\") : null));\n    var fourXXDelta = g(n, \"4xx Errors (window delta 300s)\");\n    var fourXX = isNum(fourXXDelta) ? fourXXDelta : g(n, \"4xx Errors\");\n    var p95avg = g(n, \"Latency SLO p95 (avg last 300s)\");\n    var p95 = isNum(p95avg) ? p95avg : g(n, \"Latency SLO\");\n    var msLatency = isNum(p95) ? (p95 * 1000) : null;\n    var avail = g(n, \"Application Availability\");\n    var pctAvailByErr = (errRate == null) ? null : Math.max(0, 100 - Math.min(100, errRate));\n\n    var t = {\n        url: url,\n        app: app,\n        version: version,\n        concert_app: concert_app,\n        concert_version: concert_version,\n        pct_availability_by_error_rate: isNum(avail) ? avail : (pctAvailByErr != null ? pctAvailByErr : null),\n        ms_slo_latency: isNum(msLatency) ? msLatency : null,\n        pct_slo_error_rate: isNum(errRate) ? errRate : null,\n        num_throughput_transactions: isNum(rps) ? (rps * 3600) : null,\n        pct_error_rate: isNum(errRate) ? errRate : null,\n        num_4xx_errors: isNum(fourXX) ? fourXX : null,\n        avg_num_errors_logged_last_hour: g(n, \"Error Counts for Last Hour\"),\n        heap_memory_usage_pct: isNum(heapPct) ? heapPct : null,\n        event_loop_lag_seconds: isNum(lag) ? lag : null,\n        num_active_requests: isNum(activeReqs) ? activeReqs : null,\n        num_open_file_descriptors: isNum(openFDs) ? openFDs : null,\n        num_active_connection: isNum(conns) ? conns : null,\n        pct_hosts_above_95pct_disk_usage: (isNode && isNum(diskPct) ? (diskPct > 95 ? 100 : 0) : null),\n        pct_hosts_above_20pct_swap_space_utilization: (isNode && isNum(swapPct) ? (swapPct > 20 ? 100 : 0) : null),\n        pct_hosts_with_filesystem_errors: (isNode && isNum(fsErrs) ? (fsErrs > 0 ? 100 : 0) : null)\n    };\n\n    targets.push(removeNulls(t));\n}\n\nif (nodeHosts.length > 0) {\n    var tot = nodeHosts.length;\n    var diskHi = 0, swapHi = 0, fsErrH = 0;\n\n    for (var j = 0; j < nodeHosts.length; j++) {\n        var h = nodeHosts[j];\n\n        if (isNum(h.diskPct) && h.diskPct > 95)\n            diskHi++;\n\n        if (isNum(h.swapPct) && h.swapPct > 20)\n            swapHi++;\n\n        if (isNum(h.fsErrs) && h.fsErrs > 0)\n            fsErrH++;\n    }\n\n    fleet.pct_hosts_above_95pct_disk_usage = (diskHi / tot) * 100;\n    fleet.pct_hosts_above_20pct_swap_space_utilization = (swapHi / tot) * 100;\n    fleet.pct_hosts_with_filesystem_errors = (fsErrH / tot) * 100;\n}\n\nvar total = 0, cnt = 0;\n\nfor (var k = 0; k < rows.length; k++) {\n    var av = g(rows[k].NFRs || {}, \"Application Availability\");\n\n    if (isNum(av)) {\n        total += av;\n        cnt++;\n    }\n}\n\nfleet.avg_availability_pct = (cnt ? (total / cnt) : null);\n$concertTargets = targets;\n$concertFleetInputs = removeNulls(fleet)"}, {"action":"foreach","name":"ForEach_concertTargets","list":"$concertTargets","blocks":[{"name":"Function_1","function":"function transformPrometheusMetrics(target) {\n    const safeNum = val => (val != null && !isNaN(val) ? Number(val) : null);\n\n    const data = {\n        pct_hosts_above_95pct_disk_usage: safeNum(target.pct_hosts_above_95pct_disk_usage),\n        pct_hosts_above_20pct_swap_space_utilization: safeNum(target.pct_hosts_above_20pct_swap_space_utilization),\n        pct_hosts_with_filesystem_errors: safeNum(target.pct_hosts_with_filesystem_errors),\n        num_active_connection: safeNum(target.num_active_connection),\n        pct_availability_by_error_rate: safeNum(target.pct_availability_by_error_rate),\n        ms_slo_latency: safeNum(target.ms_slo_latency),\n        pct_slo_error_rate: safeNum(target.pct_slo_error_rate),\n        num_throughput_transactions: safeNum(target.num_throughput_transactions),\n        pct_error_rate: safeNum(target.pct_error_rate),\n        num_4xx_errors: safeNum(target.num_4xx_errors),\n        avg_num_errors_logged_last_hour: safeNum(target.avg_num_errors_logged_last_hour),\n        heap_memory_usage_pct: safeNum(target.heap_memory_usage_pct),\n        event_loop_lag_seconds: safeNum(target.event_loop_lag_seconds),\n        num_active_requests: safeNum(target.num_active_requests),\n        num_open_file_descriptors: safeNum(target.num_open_file_descriptors)\n    };\n\n    Object.keys(data).forEach(k => {\n        if (data[k] === null)\n            delete data[k];\n    });\n\n    if (Object.keys(data).length === 0) {\n        data.pct_availability_by_error_rate = 0;\n    }\n\n    return data;\n};\n\nvar metrics = transformPrometheusMetrics($ForEach_concertTargets.item);\n\n$assessmentInput = {\n    app_name: $ForEach_concertTargets.item.concert_app,\n    application_version: $ForEach_concertTargets.item.concert_version,\n    profileName: $in_profile_name,\n    timestamp: Date.now(),\n    data: metrics,\n    origin_name: $ForEach_concertTargets.item.job || \"prometheus-target\",\n    origin_url: $ForEach_concertTargets.item.url || \"\",\n    origin: \"Prometheus\",\n    concert_component_key: $ForEach_concertTargets.item.url || \"\"\n}"},{"action":"comment","value":"Pushes assessment data into IBM Concert"},{"action":"./LoadAssessments","name":"loadAssessment","inputs":[{"name":"applicationName","value":"$assessmentInput.app_name"},{"name":"profileName","value":"$in_profile_name"},{"name":"data","value":"$assessmentInput.data"},{"name":"timestamp","value":"$assessmentInput.timestamp"},{"name":"origin_name","value":"$assessmentInput.origin_name"},{"name":"origin_url","value":"$ForEach_concertTargets.item.url"},{"name":"applicationVersion","value":"$assessmentInput.application_version"},{"name":"origin","value":"$assessmentInput.origin.url"}]},{"action":"assign","name":"Assign_6","variable":"$allAssessments","value":"$allAssessments.concat([$loadAssessment.result])"}]}],"variables":[{"name":"result","required":false,"isInput":false,"isOutput":true,"level":"INTERMEDIATE","type":{"type":"any"},"value":"\"\""},{"name":"service_auth","required":true,"isInput":true,"isOutput":false,"level":"INTERMEDIATE","type":{"type":"string"},"value":"\"\"","meta":{"authType":"Prometheus","subType":"authentication"}},{"name":"target_url","required":false,"isInput":false,"isOutput":false,"level":"INTERMEDIATE","type":{"type":"string"},"value":"\"\""},{"name":"targets","required":false,"isInput":false,"isOutput":false,"level":"INTERMEDIATE","type":{"type":"array"},"value":"[]"},{"name":"STATE_prev","required":false,"isInput":false,"isOutput":false,"level":"INTERMEDIATE","type":{"type":"object"},"value":"{}"},{"name":"now","required":false,"isInput":false,"isOutput":false,"level":"INTERMEDIATE","type":{"type":"number"},"value":"0"},{"name":"discovery","required":false,"isInput":false,"isOutput":false,"level":"INTERMEDIATE","type":{"type":"array"},"value":"[]"},{"name":"urls","required":false,"isInput":false,"isOutput":false,"level":"INTERMEDIATE","type":{"type":"array"},"value":"[]"},{"name":"metaData","required":false,"isInput":false,"isOutput":false,"level":"INTERMEDIATE","type":{"type":"object"},"value":"{}"},{"name":"metrics","required":false,"isInput":false,"isOutput":false,"level":"INTERMEDIATE","type":{"type":"object"},"value":"{}"},{"name":"metricsByUrl","required":false,"isInput":false,"isOutput":false,"level":"INTERMEDIATE","type":{"type":"object"},"value":"{}"},{"name":"nfrDebug","required":false,"isInput":false,"isOutput":false,"level":"INTERMEDIATE","type":{"type":"object"},"value":"{}"},{"name":"currentUrl","required":false,"isInput":false,"isOutput":false,"level":"INTERMEDIATE","type":{"type":"string"},"value":"\"\""},{"name":"concertFleetInputs","required":false,"isInput":false,"isOutput":false,"level":"INTERMEDIATE","type":{"type":"object"},"value":"{}"},{"name":"concertTargets","required":false,"isInput":false,"isOutput":true,"level":"INTERMEDIATE","type":{"type":"array"},"value":"[]"},{"name":"in_profile_name","required":true,"isInput":true,"isOutput":false,"level":"INTERMEDIATE","type":{"type":"string"},"value":"\"\""},{"name":"assessmentInput","required":false,"isInput":false,"isOutput":true,"level":"INTERMEDIATE","type":{"type":"object"},"value":"{}"},{"name":"allAssessments","required":false,"isInput":false,"isOutput":true,"level":"INTERMEDIATE","type":{"type":"array"},"value":"[]"},{"name":"application_name_version","required":true,"isInput":true,"isOutput":false,"level":"INTERMEDIATE","type":{"type":"array","properties":{"concert_app_name":{"type":"string","examples":"prometheus"},"concert_app_version":{"type":"string","examples":"1.0.0","mapping":{"type":"array","properties":{"tool":{"type":"string","example":"prometheus"},"job_name":{"type":"string","example":"prometheus"},"job_version":{"type":"string","example":"2.46.0"}}}}}},"value":"[{\n    \"concert_app_name\": \"\",\n    \"concert_app_version\": \"\",\n\n    \"mapping\": [{\n        \"tool\": \"\",\n        \"job_name\": \"\",\n        \"job_version\": \"\"\n    }]\n}]"},{"name":"statusMesssage","required":false,"isInput":false,"isOutput":false,"level":"INTERMEDIATE","type":{"type":"string"},"value":"\"\""},{"name":"unReachableTargets","required":false,"isInput":false,"isOutput":true,"level":"INTERMEDIATE","type":{"type":"array"},"value":"[]"},{"name":"promQuery","required":false,"isInput":false,"isOutput":false,"level":"INTERMEDIATE","type":{"type":"array"},"value":"[]"},{"name":"metricData","required":false,"isInput":false,"isOutput":false,"level":"INTERMEDIATE","type":{"type":"array"},"value":"[]"},{"name":"startTimestamp","required":false,"isInput":false,"isOutput":false,"level":"INTERMEDIATE","type":{"type":"string"},"value":"\"\""},{"name":"endTimestamp","required":false,"isInput":false,"isOutput":false,"level":"INTERMEDIATE","type":{"type":"string"},"value":"\"\""},{"name":"endTime","required":false,"isInput":false,"isOutput":false,"level":"INTERMEDIATE","type":{"type":"number"},"value":"0"},{"name":"dynamicMetricsList","required":false,"isInput":false,"isOutput":false,"level":"INTERMEDIATE","type":{"type":"array"},"value":"[]"},{"name":"statusMessage","required":false,"isInput":false,"isOutput":false,"level":"INTERMEDIATE","type":{"type":"string"},"value":"\"\""},{"name":"avgQuery","required":false,"isInput":false,"isOutput":false,"level":"INTERMEDIATE","type":{"type":"array"},"value":"[]"},{"name":"timeRangeLiteral","required":false,"isInput":false,"isOutput":false,"level":"INTERMEDIATE","type":{"type":"string"},"value":"\"\""},{"name":"avgMetricsByUrl","required":false,"isInput":false,"isOutput":false,"level":"INTERMEDIATE","type":{"type":"object"},"value":"{}"},{"name":"avgDebug","required":false,"isInput":false,"isOutput":false,"level":"INTERMEDIATE","type":{"type":"array"},"value":"[]"}],"meta":{"workerGroup":"default","created":1762346535748,"lastUpdated":1762348873025,"description":"This workflow collects metrics from Prometheus and generates resilience assessments","layout":"flow","updatedByUsername":"ibmconcert","numberOfBlocks":34,"version":5},"finally":null}