{"name":"2 - OS_tomcat_application_properties","platform":"node","hash":"p/3D7RpTkIq1PXo2ZZUuDTSBobFtNSWpNWT539IJw30=","blocks":[{"action":"try","name":"Try_1","try":[{"action":"foreach","name":"for_processInInTomcatProcess","list":"$in_tomcat_process","blocks":[{"action":"system/Common/Array/Array Push","name":"ArrayPush_1","inputs":[{"name":"array","value":"$t_catalina_homes"},{"name":"item","value":"$for_processInInTomcatProcess.item.catalina_home"}]}]},{"action":"foreach","name":"for_catalinaHomeInCatalinaHomes","list":"$t_catalina_homes","blocks":[{"action":"system/Common/SSH/SSH","name":"ssh_getApplicationPropertiesFiles","inputs":[{"name":"authKey","value":"$in_server_authKey"},{"name":"command","value":"\"ls -1 \" + $for_catalinaHomeInCatalinaHomes.item + \"/webapps/*/WEB-INF/classes/application.properties\""},{"name":"host","value":"$in_server_host"},{"name":"port","value":"$in_ssh_port"}]},{"action":"if","name":"If_1","condition":"$ssh_getApplicationPropertiesFiles.success","then":[],"else":[{"action":"throw","error":"\"Failed to get files.\""}]},{"action":"system/Common/String/String Split","name":"stsp_splitGetApplicationPropertieFiles","inputs":[{"name":"str","value":"$ssh_getApplicationPropertiesFiles.result"},{"name":"separator","value":"\"\\n\""}]},{"action":"foreach","name":"for_fileInFiles","list":"$stsp_splitGetApplicationPropertieFiles.result","blocks":[{"action":"if","name":"If_fileIsNotBlank","condition":"($for_fileInFiles.item != \"\")","then":[],"else":[{"action":"continue"}]},{"action":"system/Common/SSH/SSH","name":"ssh_catApplicationProperties","inputs":[{"name":"authKey","value":"$in_server_authKey"},{"name":"command","value":"\"cat \" + $for_fileInFiles.item"},{"name":"host","value":"$in_server_host"},{"name":"port","value":"$in_ssh_port"}]},{"action":"if","name":"If_catApplicationPropertiesSuccess","condition":"$ssh_catApplicationProperties.success","then":[],"else":[{"action":"throw","error":"\"Failed to get application properties from \" + $in_server_host + \".\""}]},{"name":"Function_1_1","function":"const raw = $ssh_catApplicationProperties.result;\nconst filename = $for_fileInFiles.item;\nconst lines = raw.split(\"\\n\");\nvar apps = {};\nconst pattern_app_name = /.*webapps\\/([^/]*)\\/.*/;\nconst pattern = /app\\.([^.]+)\\.([^=]+)=(.*)/;\nconst pattern_spring = /spring\\.datasource\\.url=(.+):(\\d+)\\/.*useSSL=(true|false)/;\nconst pattern_spring_noUseSSL = /spring\\.datasource\\.url=(.+)/;\nvar local_secure = [];\nvar local_insecure = [];\nvar external_secure = [];\nvar external_insecure = [];\nvar db_secure = [];\nvar db_insecure = [];\nvar application_name = \"\";\nmatch = filename.match(pattern_app_name);\n\nif (match != null) {\n    application_name = match[1];\n}\n\nfor (const line of lines) {\n    match = line.match(pattern);\n\n    if (match != null) {\n        if (match[1] === \"core\") {\n            continue;\n        }\n\n        if (match[1] in apps === false) {\n            apps[match[1]] = {};\n        }\n\n        if (match[2] != \"endpoint\") {\n            apps[match[1]][match[2]] = match[3];\n        }\n    } else {\n        match = line.match(pattern_spring);\n\n        if (match != null) {\n            apps[\"spring.datasource\"] = {};\n            apps[\"spring.datasource\"][\"url\"] = match[1];\n            apps[\"spring.datasource\"][\"port\"] = match[2];\n\n            if (match[3] === \"true\") {\n                apps[\"spring.datasource\"][\"useSSL\"] = true;\n            } else {\n                apps[\"spring.datasource\"][\"useSSL\"] = false;\n            }\n        } else {\n            var match = line.match(pattern_spring_noUseSSL);\n\n            if (match != null) {\n                apps[\"spring.datasource\"] = {};\n                apps[\"spring.datasource\"][\"url\"] = match[1];\n                apps[\"spring.datasource\"][\"useSSL\"] = false;\n            }\n        }\n    }\n}\n\nfor (var app_name in apps) {\n    var app = apps[app_name];\n    app[\"app\"] = app_name;\n\n    if (app.url.includes(\"https://localhost\")) {\n        local_secure.push(app);\n    } else if (app.url.includes(\"http://localhost\")) {\n        local_insecure.push(app);\n    } else if (app.url.includes(\"https://\")) {\n        external_secure.push(app);\n    } else if (app.url.includes(\"http://\")) {\n        external_insecure.push(app);\n    } else if (\"useSSL\" in app && app.useSSL) {\n        db_secure.push(app);\n    } else if (\"useSSL\" in app) {\n        db_insecure.push(app);\n    }\n}\n\nvar output = {\n    \"name\": application_name,\n    \"filename\": filename,\n    \"local_secure\": local_secure,\n    \"local_insecure\": local_insecure,\n    \"external_secure\": external_secure,\n    \"external_insecure\": external_insecure,\n    \"db_secure\": db_secure,\n    \"db_insecure\": db_insecure\n};\n\n$result.push(output)"}]}]}],"catch":[{"action":"system/Common/Array/Array Push","name":"push_errorMessage","inputs":[{"name":"array","value":"$result"},{"name":"item","value":"$Try_1.message"}]},{"action":"assign","name":"asgn_failure","variable":"$success","value":"false"}]}],"variables":[{"name":"in_server_authKey","required":true,"isInput":true,"isOutput":false,"level":"INTERMEDIATE","type":{"type":"string"},"value":"\"\""},{"name":"in_server_host","required":true,"isInput":true,"isOutput":false,"level":"INTERMEDIATE","type":{"type":"string"},"value":"\"\""},{"name":"in_tomcat_process","required":true,"isInput":true,"isOutput":false,"level":"INTERMEDIATE","type":{"type":"array"},"value":"[]"},{"name":"in_ssh_port","required":true,"isInput":true,"isOutput":false,"level":"INTERMEDIATE","type":{"type":"number"},"value":"22"},{"name":"result","required":false,"isInput":false,"isOutput":true,"level":"INTERMEDIATE","type":{"type":"object"},"value":"[]"},{"name":"debug","required":false,"isInput":false,"isOutput":true,"level":"INTERMEDIATE","type":{"type":"array"},"value":"[]"},{"name":"success","required":false,"isInput":false,"isOutput":true,"level":"INTERMEDIATE","type":{"type":"boolean"},"value":"true"},{"name":"error","required":false,"isInput":false,"isOutput":true,"level":"INTERMEDIATE","type":{"type":"array"},"value":"[]"},{"name":"t_catalina_homes","required":false,"isInput":false,"isOutput":false,"level":"INTERMEDIATE","type":{"type":"array"},"value":"[]"}],"meta":{"workerGroup":"default","layout":"flow","version":5,"lastUpdated":1762456413207,"updatedByUsername":"ibmconcert","numberOfBlocks":17},"finally":null}