{"name":"2 - dis_jar_software_package","platform":"node","hash":"3BWMOKUeBc9OXSvvnkrazlAkN729cfn8SbuWsZadtJ4=","blocks":[{"action":"foreach","name":"ForEach_1","list":"$in_tomcat_apps","blocks":[{"action":"assign","name":"Assign_1","variable":"$t_app_full_info","value":"$ForEach_1.item"},{"action":"./dis_tomcat_composition","name":"dis_tomcat_comp","inputs":[{"name":"in_tomcat_user","value":"$in_tomcat_user"},{"name":"in_tomcat_pass","value":"$in_tomcat_pass"},{"name":"in_server_authkey","value":"$in_server_authkey"},{"name":"in_server_host","value":"$in_server_host"},{"name":"in_path","value":"$ForEach_1.item.App.path"},{"name":"in_tomcat_host","value":"$in_tomcat_host"},{"name":"in_tomcat_port","value":"$in_tomcat_port"},{"name":"in_ssh_port","value":"$in_ssh_port"}]},{"action":"./dis_composition_unzip","name":"dis_comp","inputs":[{"name":"in_server_authkey","value":"$in_server_authkey"},{"name":"in_server_host","value":"$in_server_host"},{"name":"in_comp","value":"$dis_tomcat_comp.result"},{"name":"in_ssh_port","value":"$in_ssh_port"},{"name":"in_unzip_path","value":"$in_unzip_path"}]},{"name":"Function_1","function":"$t_app_full_info.Lib = JSON.parse(JSON.stringify($dis_comp.result))"},{"action":"system/Common/Array/Array Push","name":"ArrayPush_1","inputs":[{"name":"array","value":"$result"},{"name":"item","value":"Object.assign({}, $t_app_full_info)"}]}]}, {"action":"assign","name":"Assign_success","variable":"$success","value":"$dis_comp.success"}],"variables":[{"name":"in_server_authkey","required":true,"isInput":true,"isOutput":false,"level":"INTERMEDIATE","type":{"type":"string"},"value":"\"\""},{"name":"in_server_host","required":true,"isInput":true,"isOutput":false,"level":"INTERMEDIATE","type":{"type":"string"},"value":"\"\""},{"name":"in_tomcat_pass","required":true,"isInput":true,"isOutput":false,"level":"INTERMEDIATE","type":{"type":"string"},"value":"\"\""},{"name":"in_tomcat_user","required":true,"isInput":true,"isOutput":false,"level":"INTERMEDIATE","type":{"type":"string"},"value":"\"\""},{"name":"in_tomcat_host","required":true,"isInput":true,"isOutput":false,"level":"INTERMEDIATE","type":{"type":"string"},"value":"\"\""},{"name":"in_tomcat_port","required":true,"isInput":true,"isOutput":false,"level":"INTERMEDIATE","type":{"type":"string"},"value":"\"\""},{"name":"in_ssh_port","required":true,"isInput":true,"isOutput":false,"level":"INTERMEDIATE","type":{"type":"any"},"value":"22"},{"name":"in_tomcat_apps","required":true,"isInput":true,"isOutput":false,"level":"INTERMEDIATE","type":{"type":"array"},"value":"[]"},{"name":"in_unzip_path","required":false,"isInput":true,"isOutput":false,"level":"INTERMEDIATE","type":{"type":"string"},"value":"\"unzip\""},{"name":"result","required":false,"isInput":false,"isOutput":true,"level":"INTERMEDIATE","type":{"type":"array"},"value":"[]"},{"name":"success","required":false,"isInput":false,"isOutput":true,"level":"INTERMEDIATE","type":{"type":"boolean"},"value":"false"},{"name":"debug","required":false,"isInput":false,"isOutput":true,"level":"INTERMEDIATE","type":{"type":"any"},"value":"\"\""},{"name":"error","required":false,"isInput":false,"isOutput":true,"level":"INTERMEDIATE","type":{"type":"array"},"value":"[]"},{"name":"t_app_full_info","required":false,"isInput":false,"isOutput":false,"level":"INTERMEDIATE","type":{"type":"any"},"value":"\"\""}],"meta":{"workerGroup":"default","layout":"flow","version":5,"lastUpdated":1762456413252,"updatedByUsername":"ibmconcert","numberOfBlocks":7},"finally":null}