{"name":"dis_tomcat_composition","platform":"node","hash":"v7yl37BlFyTCqXZY8nsq7DOVuch5Bs54Y2nNMlJD7ig=","blocks":[{"action":"system/Common/Status Message Update","name":"StatusMessageUpdate_1","inputs":[{"name":"message","value":"\"Getting \" + $in_server_host + \" library information\""}]}, {"action":"assign","name":"Assign_2","variable":"$t_cmd","value":"\"curl -u \" + $in_tomcat_user + \":\" + $in_tomcat_pass + \" --request GET --url 'http://\" + $in_tomcat_host + \":\" + $in_tomcat_port + \"/manager/jmxproxy/?qry=Catalina:type=ParallelWebappClassLoader,host=*,context=\" + $in_path + \"'\""}, {"action":"system/Common/SSH/SSH","name":"SSH_curlJMXProxy","inputs":[{"name":"authKey","value":"$in_server_authkey"},{"name":"command","value":"$t_cmd"},{"name":"host","value":"$in_server_host"},{"name":"port","value":"$in_ssh_port"}]}, {"action":"if","name":"If_sucessful","condition":"$SSH_curlJMXProxy.result != null","then":[{"action":"assign","name":"Assign_success","variable":"$success","value":"true"}],"else":[]}, {"action":"assign","name":"Assign_splitApps","variable":"$debug","value":"$SSH_curlJMXProxy.result.split(/\\nName:/)"}, {"action":"if","name":"If_1","condition":"$debug.length > 1 && $debug != null","then":[{"action":"assign","name":"Assign_splitLines","variable":"$t_split_list","value":"$debug[1].split(\"\\n\")"}],"else":[]}, {"action":"foreach","name":"ForEach_splitLine","list":"$t_split_list","blocks":[{"action":"assign","name":"Assign_keyValSplit","value":"String($ForEach_splitLine.item).trim().match(/^([^:]+):\\s*(.*)$/)","variable":"$t_match"},{"action":"if","name":"If_keyValSplit","condition":"$t_match != null","then":[{"action":"assign","name":"Assign_keyValPair","variable":"$t_key_value_match","value":"[$t_match[1], $t_match[2]]"},{"action":"if","name":"If_metricInKey","condition":"$t_target_metrics.includes($t_key_value_match[0])","then":[{"action":"assign","name":"Assign_t_match_2","variable":"$t_match_2","value":"$t_key_value_match[1].match(/\\/([^/]+\\.jar)$/)"},{"action":"if","name":"If_t_match_2_not_null","condition":"$t_match_2 != null","then":[{"action":"assign","name":"Assign_t_match_3","value":"$t_match_2[1].match(/^(.+?)-(\\d[\\w.-]*)\\.jar$/)","variable":"$t_match_3"},{"name":"Function_t_comp_item","function":"$t_comp_item = {\n    \"name\": $t_match_3[1],\n    \"version\": $t_match_3[2],\n    \"fullName\": $t_match_3[0],\n    \"filepath\": $t_key_value_match[1]\n}"},{"action":"system/Common/Array/Array Push","name":"ArrayPush_comp_list","inputs":[{"name":"array","value":"$result"},{"name":"item","value":"$t_comp_item"}]}],"else":[]}],"else":[]}],"else":[]}]}, {"action":"assign","name":"Assign_1","variable":"$success","value":"true"}],"variables":[{"name":"in_tomcat_user","required":true,"isInput":true,"isOutput":false,"level":"INTERMEDIATE","type":{"type":"string"},"value":"\"\""},{"name":"in_tomcat_pass","required":true,"isInput":true,"isOutput":false,"level":"INTERMEDIATE","type":{"type":"string"},"value":"\"\""},{"name":"in_server_authkey","required":true,"isInput":true,"isOutput":false,"level":"INTERMEDIATE","type":{"type":"string"},"value":"\"\""},{"name":"in_server_host","required":true,"isInput":true,"isOutput":false,"level":"INTERMEDIATE","type":{"type":"string"},"value":"\"\""},{"name":"in_path","required":true,"isInput":true,"isOutput":false,"level":"INTERMEDIATE","type":{"type":"string"},"value":"\"\""},{"name":"in_tomcat_host","required":true,"isInput":true,"isOutput":false,"level":"INTERMEDIATE","type":{"type":"string"},"value":"\"\""},{"name":"in_tomcat_port","required":true,"isInput":true,"isOutput":false,"level":"INTERMEDIATE","type":{"type":"string"},"value":"\"\""},{"name":"in_ssh_port","required":true,"isInput":true,"isOutput":false,"level":"INTERMEDIATE","type":{"type":"number"},"value":"22"},{"name":"result","required":false,"isInput":false,"isOutput":true,"level":"INTERMEDIATE","type":{"type":"array"},"value":"[]"},{"name":"success","required":false,"isInput":false,"isOutput":true,"level":"INTERMEDIATE","type":{"type":"boolean"},"value":"false"},{"name":"debug","required":false,"isInput":false,"isOutput":true,"level":"INTERMEDIATE","type":{"type":"object"},"value":"{}"},{"name":"t_target_metrics","required":false,"isInput":false,"isOutput":false,"level":"INTERMEDIATE","type":{"type":"array"},"value":"[\"file\"]"},{"name":"t_match","required":false,"isInput":false,"isOutput":false,"level":"INTERMEDIATE","type":{"type":"any"},"value":"\"\""},{"name":"t_key_value_match","required":false,"isInput":false,"isOutput":false,"level":"INTERMEDIATE","type":{"type":"any"},"value":"\"\""},{"name":"t_split_list","required":false,"isInput":false,"isOutput":false,"level":"INTERMEDIATE","type":{"type":"any"},"value":"\"\""},{"name":"t_match_2","required":false,"isInput":false,"isOutput":false,"level":"INTERMEDIATE","type":{"type":"any"},"value":"\"\""},{"name":"t_match_3","required":false,"isInput":false,"isOutput":false,"level":"INTERMEDIATE","type":{"type":"any"},"value":"\"\""},{"name":"t_cmd","required":false,"isInput":false,"isOutput":false,"level":"INTERMEDIATE","type":{"type":"any"},"value":"\"\""},{"name":"t_comp_list","required":false,"isInput":false,"isOutput":false,"level":"INTERMEDIATE","type":{"type":"array"},"value":"[]"},{"name":"t_comp_item","required":false,"isInput":false,"isOutput":false,"level":"INTERMEDIATE","type":{"type":"object"},"value":"{}"}],"meta":{"workerGroup":"default","layout":"flow","version":5,"lastUpdated":1762456413365,"updatedByUsername":"ibmconcert","numberOfBlocks":19},"finally":null}