{"name":"dis_composition_unzip","platform":"node","hash":"4mZl2h8Z5INVaBwaNDI+B1EFUPs4d+LUW45sZhV9bwY=","blocks":[{"name":"Function_2","function":"if ($in_unzip_path === undefined || $in_unzip_path === null || $in_unzip_path === \"\") {\n    $in_unzip_path = \"unzip\"\n}"}, {"action":"system/Common/Status Message Update","name":"StatusMessageUpdate_1","inputs":[{"name":"message","value":"\"Getting \" + $in_server_host + \" software composition\""}]}, {"action":"foreach","name":"ForEach_lib","list":"$in_comp","blocks":[{"action":"switch","name":"SwitchCase_1","expression":"true","cases":[{"value":"$ForEach_lib.item.name.includes(\"tomcat-embed\")","blocks":[{"action":"comment","value":"tomcat-embed"},{"action":"assign","name":"Assign_purl_1_1_1","variable":"$ForEach_lib.item.purl","value":"`pkg:maven/org.apache.tomcat.embed/${$ForEach_lib.item.name}@${$ForEach_lib.item.version}`"}]},{"value":"$ForEach_lib.item.name.includes(\"spring\")","blocks":[{"action":"comment","value":"spring"},{"action":"if","name":"If_3","condition":"$ForEach_lib.item.name.includes(\"spring-data\")","then":[{"action":"assign","name":"Assign_purl_1_1","variable":"$ForEach_lib.item.purl","value":"`pkg:maven/org.springframework.data/${$ForEach_lib.item.name}@${$ForEach_lib.item.version}`"}],"else":[{"action":"assign","name":"Assign_purl_1","variable":"$ForEach_lib.item.purl","value":"`pkg:maven/org.springframework/${$ForEach_lib.item.name}@${$ForEach_lib.item.version}`"}]}]}],"default":[{"action":"assign","name":"Assign_cmd","variable":"$t_cmd","value":"`${$in_unzip_path} -Z1 ${$ForEach_lib.item.filepath} | grep pom.xml`"},{"action":"system/Common/SSH/SSH","name":"SSH_curlJMXProxy","inputs":[{"name":"authKey","value":"$in_server_authkey"},{"name":"command","value":"$t_cmd"},{"name":"host","value":"$in_server_host"},{"name":"port","value":"$in_ssh_port"}]},{"action":"assign","name":"Assign_match","variable":"$t_match","value":"$SSH_curlJMXProxy.result.match(/^META-INF\\/maven\\/([^\\/]+\\/[^\\/]+)\\/pom\\.xml/)"},{"action":"if","name":"If_math_not_null","condition":"$t_match != null","then":[{"action":"assign","name":"Assign_groupID","variable":"$ForEach_lib.item.groupID","value":"$t_match[1]"},{"action":"assign","name":"Assign_purl","variable":"$ForEach_lib.item.purl","value":"`pkg:maven/${$ForEach_lib.item.groupID}@${$ForEach_lib.item.version}`"}],"else":[{"action":"assign","name":"Assign_cmd_1","variable":"$t_cmd","value":"`${$in_unzip_path} -Z1 ${$ForEach_lib.item.filepath} | grep ${$ForEach_lib.item.name}`"},{"action":"system/Common/SSH/SSH","name":"SSH_curlJMXProxy_1","inputs":[{"name":"authKey","value":"$in_server_authkey"},{"name":"command","value":"$t_cmd"},{"name":"host","value":"$in_server_host"},{"name":"port","value":"$in_ssh_port"}]},{"action":"assign","name":"Assign_match_2","variable":"$t_match_2","value":"$SSH_curlJMXProxy_1.result.match(/^META-INF\\/maven\\/([^\\/]+)\\/[^\\/]+\\/?$/)"},{"action":"if","name":"If_2","condition":"$t_match_2 != null","then":[{"action":"assign","name":"Assign_purl_2","variable":"$ForEach_lib.item.purl","value":"`pkg:maven/${$t_match_2[1]}@${$ForEach_lib.item.version}`"}],"else":[{"action":"comment","value":"Check MANIFEST.MF"},{"action":"assign","name":"Assign_cmd_2","variable":"$t_cmd","value":"`${$in_unzip_path} -p ${$ForEach_lib.item.filepath} META-INF/MANIFEST.MF`"},{"action":"system/Common/SSH/SSH","name":"SSH_curlJMXProxy_2","inputs":[{"name":"authKey","value":"$in_server_authkey"},{"name":"command","value":"$t_cmd"},{"name":"host","value":"$in_server_host"},{"name":"port","value":"$in_ssh_port"}]},{"name":"Function_1","function":"var raw = $SSH_curlJMXProxy_2.result;\nvar lines = raw.split(\"\\n\");\nconst pattern = /(^.*):\\s+(.*)/;\nvar manifest = {};\nvar purl = \"\";\n\nfor (var line of lines) {\n    var m = line.match(pattern);\n\n    if (m != null && !(m[0] in manifest)) {\n        manifest[m[1]] = m[2];\n    }\n}\n\nconst imp_title_pattern = /(.*)#(.*);(.*)/;\n\nif (\"Implementation-Vendor-Id\" in manifest) {\n    purl = `pkg:maven/${manifest[\"Implementation-Vendor-Id\"]}/${$ForEach_lib.item.name}@${$ForEach_lib.item.version}`;\n} else if (\"Implementation-Title\" in manifest) {\n    var m = manifest[\"Implementation-Title\"].match(imp_title_pattern);\n\n    if (m != null) {\n        purl = `pkg:maven/${m[1]}/${m[2]}@${m[3]}`;\n    }\n} else {\n    purl = \"\";\n}\n\n$ForEach_lib.item.purl = purl"}]}]}]},{"action":"system/Common/Array/Array Push","name":"ArrayPush_res","inputs":[{"name":"array","value":"$result"},{"name":"item","value":"$ForEach_lib.item"}]},{"action":"assign","name":"Assign_t_match","variable":"$t_match","value":"null"}]}, {"action":"assign","name":"Assign_sucess","variable":"$success","value":"true"}],"variables":[{"name":"in_server_authkey","required":true,"isInput":true,"isOutput":false,"level":"INTERMEDIATE","type":{"type":"string"},"value":"\"ibmconcert/9-30-219-91\""},{"name":"in_server_host","required":true,"isInput":true,"isOutput":false,"level":"INTERMEDIATE","type":{"type":"string"},"value":"\"c58009v1.fyre.ibm.com\""},{"name":"in_comp","required":true,"isInput":true,"isOutput":false,"level":"INTERMEDIATE","type":{"type":"array"},"value":"[{\n    \"name\": \"spring-webmvc\",\n    \"version\": \"6.2.10\",\n    \"fullName\": \"spring-webmvc-6.2.10\",\n    \"filepath\": \"/tomp/unzip/9b32559a-7ca1-4cc5-8552-b270c965ee4a/WEB-INF/lib/spring-webmvc-6.2.10.jar\"\n}, {\n    \"name\": \"snakeyaml\",\n    \"version\": \"2.4\",\n    \"fullName\": \"snakeyaml-2.4\",\n    \"filepath\": \"/tomp/unzip/9b32559a-7ca1-4cc5-8552-b270c965ee4a/WEB-INF/lib/snakeyaml-2.4.jar\"\n}, {\n    \"name\": \"jul-to-slf4j\",\n    \"version\": \"2.0.17\",\n    \"fullName\": \"jul-to-slf4j-2.0.17\",\n    \"filepath\": \"/tomp/unzip/9b32559a-7ca1-4cc5-8552-b270c965ee4a/WEB-INF/lib/jul-to-slf4j-2.0.17.jar\"\n}, {\n    \"name\": \"spring-expression\",\n    \"version\": \"6.2.10\",\n    \"fullName\": \"spring-expression-6.2.10\",\n    \"filepath\": \"/tomp/unzip/9b32559a-7ca1-4cc5-8552-b270c965ee4a/WEB-INF/lib/spring-expression-6.2.10.jar\"\n}, {\n    \"name\": \"jackson-module-parameter-names\",\n    \"version\": \"2.19.2\",\n    \"fullName\": \"jackson-module-parameter-names-2.19.2\",\n    \"filepath\": \"/tomp/unzip/9b32559a-7ca1-4cc5-8552-b270c965ee4a/WEB-INF/lib/jackson-module-parameter-names-2.19.2.jar\"\n}, {\n    \"name\": \"spring-boot-actuator\",\n    \"version\": \"3.5.5\",\n    \"fullName\": \"spring-boot-actuator-3.5.5\",\n    \"filepath\": \"/tomp/unzip/9b32559a-7ca1-4cc5-8552-b270c965ee4a/WEB-INF/lib/spring-boot-actuator-3.5.5.jar\"\n}, {\n    \"name\": \"jackson-datatype-jdk8\",\n    \"version\": \"2.19.2\",\n    \"fullName\": \"jackson-datatype-jdk8-2.19.2\",\n    \"filepath\": \"/tomp/unzip/9b32559a-7ca1-4cc5-8552-b270c965ee4a/WEB-INF/lib/jackson-datatype-jdk8-2.19.2.jar\"\n}, {\n    \"name\": \"micrometer-core\",\n    \"version\": \"1.15.3\",\n    \"fullName\": \"micrometer-core-1.15.3\",\n    \"filepath\": \"/tomp/unzip/9b32559a-7ca1-4cc5-8552-b270c965ee4a/WEB-INF/lib/micrometer-core-1.15.3.jar\"\n}, {\n    \"name\": \"HdrHistogram\",\n    \"version\": \"2.2.2\",\n    \"fullName\": \"HdrHistogram-2.2.2\",\n    \"filepath\": \"/tomp/unzip/9b32559a-7ca1-4cc5-8552-b270c965ee4a/WEB-INF/lib/HdrHistogram-2.2.2.jar\"\n}, {\n    \"name\": \"jackson-datatype-jsr310\",\n    \"version\": \"2.19.2\",\n    \"fullName\": \"jackson-datatype-jsr310-2.19.2\",\n    \"filepath\": \"/tomp/unzip/9b32559a-7ca1-4cc5-8552-b270c965ee4a/WEB-INF/lib/jackson-datatype-jsr310-2.19.2.jar\"\n}, {\n    \"name\": \"logback-core\",\n    \"version\": \"1.5.18\",\n    \"fullName\": \"logback-core-1.5.18\",\n    \"filepath\": \"/tomp/unzip/9b32559a-7ca1-4cc5-8552-b270c965ee4a/WEB-INF/lib/logback-core-1.5.18.jar\"\n}, {\n    \"name\": \"micrometer-observation\",\n    \"version\": \"1.15.3\",\n    \"fullName\": \"micrometer-observation-1.15.3\",\n    \"filepath\": \"/tomp/unzip/9b32559a-7ca1-4cc5-8552-b270c965ee4a/WEB-INF/lib/micrometer-observation-1.15.3.jar\"\n}, {\n    \"name\": \"micrometer-jakarta9\",\n    \"version\": \"1.15.3\",\n    \"fullName\": \"micrometer-jakarta9-1.15.3\",\n    \"filepath\": \"/tomp/unzip/9b32559a-7ca1-4cc5-8552-b270c965ee4a/WEB-INF/lib/micrometer-jakarta9-1.15.3.jar\"\n}, {\n    \"name\": \"jackson-databind\",\n    \"version\": \"2.19.2\",\n    \"fullName\": \"jackson-databind-2.19.2\",\n    \"filepath\": \"/tomp/unzip/9b32559a-7ca1-4cc5-8552-b270c965ee4a/WEB-INF/lib/jackson-databind-2.19.2.jar\"\n}, {\n    \"name\": \"spring-boot-actuator-autoconfigure\",\n    \"version\": \"3.5.5\",\n    \"fullName\": \"spring-boot-actuator-autoconfigure-3.5.5\",\n    \"filepath\": \"/tomp/unzip/9b32559a-7ca1-4cc5-8552-b270c965ee4a/WEB-INF/lib/spring-boot-actuator-autoconfigure-3.5.5.jar\"\n}, {\n    \"name\": \"jackson-annotations\",\n    \"version\": \"2.19.2\",\n    \"fullName\": \"jackson-annotations-2.19.2\",\n    \"filepath\": \"/tomp/unzip/9b32559a-7ca1-4cc5-8552-b270c965ee4a/WEB-INF/lib/jackson-annotations-2.19.2.jar\"\n}, {\n    \"name\": \"LatencyUtils\",\n    \"version\": \"2.0.3\",\n    \"fullName\": \"LatencyUtils-2.0.3\",\n    \"filepath\": \"/tomp/unzip/9b32559a-7ca1-4cc5-8552-b270c965ee4a/WEB-INF/lib/LatencyUtils-2.0.3.jar\"\n}, {\n    \"name\": \"spring-jcl\",\n    \"version\": \"6.2.10\",\n    \"fullName\": \"spring-jcl-6.2.10\",\n    \"filepath\": \"/tomp/unzip/9b32559a-7ca1-4cc5-8552-b270c965ee4a/WEB-INF/lib/spring-jcl-6.2.10.jar\"\n}, {\n    \"name\": \"spring-beans\",\n    \"version\": \"6.2.10\",\n    \"fullName\": \"spring-beans-6.2.10\",\n    \"filepath\": \"/tomp/unzip/9b32559a-7ca1-4cc5-8552-b270c965ee4a/WEB-INF/lib/spring-beans-6.2.10.jar\"\n}, {\n    \"name\": \"spring-aop\",\n    \"version\": \"6.2.10\",\n    \"fullName\": \"spring-aop-6.2.10\",\n    \"filepath\": \"/tomp/unzip/9b32559a-7ca1-4cc5-8552-b270c965ee4a/WEB-INF/lib/spring-aop-6.2.10.jar\"\n}, {\n    \"name\": \"slf4j-api\",\n    \"version\": \"2.0.17\",\n    \"fullName\": \"slf4j-api-2.0.17\",\n    \"filepath\": \"/tomp/unzip/9b32559a-7ca1-4cc5-8552-b270c965ee4a/WEB-INF/lib/slf4j-api-2.0.17.jar\"\n}, {\n    \"name\": \"micrometer-commons\",\n    \"version\": \"1.15.3\",\n    \"fullName\": \"micrometer-commons-1.15.3\",\n    \"filepath\": \"/tomp/unzip/9b32559a-7ca1-4cc5-8552-b270c965ee4a/WEB-INF/lib/micrometer-commons-1.15.3.jar\"\n}, {\n    \"name\": \"log4j-to-slf4j\",\n    \"version\": \"2.24.3\",\n    \"fullName\": \"log4j-to-slf4j-2.24.3\",\n    \"filepath\": \"/tomp/unzip/9b32559a-7ca1-4cc5-8552-b270c965ee4a/WEB-INF/lib/log4j-to-slf4j-2.24.3.jar\"\n}, {\n    \"name\": \"jackson-core\",\n    \"version\": \"2.19.2\",\n    \"fullName\": \"jackson-core-2.19.2\",\n    \"filepath\": \"/tomp/unzip/9b32559a-7ca1-4cc5-8552-b270c965ee4a/WEB-INF/lib/jackson-core-2.19.2.jar\"\n}, {\n    \"name\": \"jakarta.annotation-api\",\n    \"version\": \"2.1.1\",\n    \"fullName\": \"jakarta.annotation-api-2.1.1\",\n    \"filepath\": \"/tomp/unzip/9b32559a-7ca1-4cc5-8552-b270c965ee4a/WEB-INF/lib/jakarta.annotation-api-2.1.1.jar\"\n}, {\n    \"name\": \"spring-core\",\n    \"version\": \"6.2.10\",\n    \"fullName\": \"spring-core-6.2.10\",\n    \"filepath\": \"/tomp/unzip/9b32559a-7ca1-4cc5-8552-b270c965ee4a/WEB-INF/lib/spring-core-6.2.10.jar\"\n}, {\n    \"name\": \"logback-classic\",\n    \"version\": \"1.5.18\",\n    \"fullName\": \"logback-classic-1.5.18\",\n    \"filepath\": \"/tomp/unzip/9b32559a-7ca1-4cc5-8552-b270c965ee4a/WEB-INF/lib/logback-classic-1.5.18.jar\"\n}, {\n    \"name\": \"spring-web\",\n    \"version\": \"6.2.10\",\n    \"fullName\": \"spring-web-6.2.10\",\n    \"filepath\": \"/tomp/unzip/9b32559a-7ca1-4cc5-8552-b270c965ee4a/WEB-INF/lib/spring-web-6.2.10.jar\"\n}, {\n    \"name\": \"log4j-api\",\n    \"version\": \"2.24.3\",\n    \"fullName\": \"log4j-api-2.24.3\",\n    \"filepath\": \"/tomp/unzip/9b32559a-7ca1-4cc5-8552-b270c965ee4a/WEB-INF/lib/log4j-api-2.24.3.jar\"\n}, {\n    \"name\": \"spring-boot-autoconfigure\",\n    \"version\": \"3.5.5\",\n    \"fullName\": \"spring-boot-autoconfigure-3.5.5\",\n    \"filepath\": \"/tomp/unzip/9b32559a-7ca1-4cc5-8552-b270c965ee4a/WEB-INF/lib/spring-boot-autoconfigure-3.5.5.jar\"\n}, {\n    \"name\": \"spring-context\",\n    \"version\": \"6.2.10\",\n    \"fullName\": \"spring-context-6.2.10\",\n    \"filepath\": \"/tomp/unzip/9b32559a-7ca1-4cc5-8552-b270c965ee4a/WEB-INF/lib/spring-context-6.2.10.jar\"\n}, {\n    \"name\": \"spring-boot\",\n    \"version\": \"3.5.5\",\n    \"fullName\": \"spring-boot-3.5.5\",\n    \"filepath\": \"/tomp/unzip/9b32559a-7ca1-4cc5-8552-b270c965ee4a/WEB-INF/lib/spring-boot-3.5.5.jar\"\n}, {\n    \"name\": \"tomcat-embed-core\",\n    \"version\": \"10.1.44\",\n    \"fullName\": \"tomcat-embed-core-10.1.44\",\n    \"filepath\": \"/tomp/unzip/9b32559a-7ca1-4cc5-8552-b270c965ee4a/WEB-INF/lib-provided/tomcat-embed-core-10.1.44.jar\"\n}, {\n    \"name\": \"tomcat-embed-el\",\n    \"version\": \"10.1.44\",\n    \"fullName\": \"tomcat-embed-el-10.1.44\",\n    \"filepath\": \"/tomp/unzip/9b32559a-7ca1-4cc5-8552-b270c965ee4a/WEB-INF/lib-provided/tomcat-embed-el-10.1.44.jar\"\n}, {\n    \"name\": \"tomcat-embed-websocket\",\n    \"version\": \"10.1.44\",\n    \"fullName\": \"tomcat-embed-websocket-10.1.44\",\n    \"filepath\": \"/tomp/unzip/9b32559a-7ca1-4cc5-8552-b270c965ee4a/WEB-INF/lib-provided/tomcat-embed-websocket-10.1.44.jar\"\n}, {\n    \"name\": \"spring-boot-jarmode-tools\",\n    \"version\": \"3.5.5\",\n    \"fullName\": \"spring-boot-jarmode-tools-3.5.5\",\n    \"filepath\": \"/tomp/unzip/9b32559a-7ca1-4cc5-8552-b270c965ee4a/WEB-INF/lib/spring-boot-jarmode-tools-3.5.5.jar\"\n}]"},{"name":"in_ssh_port","required":true,"isInput":true,"isOutput":false,"level":"INTERMEDIATE","type":{"type":"number"},"value":"22"},{"name":"in_unzip_path","required":false,"isInput":true,"isOutput":false,"level":"INTERMEDIATE","type":{"type":"string"},"value":"\"\""},{"name":"result","required":false,"isInput":false,"isOutput":true,"level":"INTERMEDIATE","type":{"type":"array"},"value":"[]"},{"name":"success","required":false,"isInput":false,"isOutput":true,"level":"INTERMEDIATE","type":{"type":"boolean"},"value":"false"},{"name":"debug","required":false,"isInput":false,"isOutput":true,"level":"INTERMEDIATE","type":{"type":"object"},"value":"{}"},{"name":"error","required":false,"isInput":false,"isOutput":true,"level":"INTERMEDIATE","type":{"type":"array"},"value":"[]"},{"name":"t_target_metrics","required":false,"isInput":false,"isOutput":false,"level":"INTERMEDIATE","type":{"type":"array"},"value":"[\"file\"]"},{"name":"t_match","required":false,"isInput":false,"isOutput":false,"level":"INTERMEDIATE","type":{"type":"any"},"value":"\"\""},{"name":"t_cmd","required":false,"isInput":false,"isOutput":false,"level":"INTERMEDIATE","type":{"type":"any"},"value":"\"\""},{"name":"t_comp_list","required":false,"isInput":false,"isOutput":false,"level":"INTERMEDIATE","type":{"type":"array"},"value":"[]"},{"name":"t_comp_item","required":false,"isInput":false,"isOutput":false,"level":"INTERMEDIATE","type":{"type":"object"},"value":"{}"},{"name":"t_match_2","required":false,"isInput":false,"isOutput":false,"level":"INTERMEDIATE","type":{"type":"any"},"value":"\"\""},{"name":"t_match_3","required":false,"isInput":false,"isOutput":false,"level":"INTERMEDIATE","type":{"type":"any"},"value":"\"\""}],"meta":{"workerGroup":"default","layout":"flow","version":5,"lastUpdated":1762456413339,"updatedByUsername":"ibmconcert","numberOfBlocks":30},"finally":null}