{"name":"dis_tomcat_jmx_memory","platform":"node","hash":"yrYSLAQR/6U63HixegOVTOW6/8StlHnWrqErFlpCLp8=","blocks":[{"action":"foreach","name":"ForEach_1","list":"$t_mem_heap_names","blocks":[{"action":"assign","name":"Assign_1","variable":"$t_cmd","value":"\"curl -u \" + $in_tomcat_user + \":\" + $in_tomcat_pass + \" --request GET   --url 'http://\" + $in_tomcat_host + \":\" + $in_tomcat_port + \"/manager/jmxproxy?qry=java.lang:type=MemoryPool,name=\" + $ForEach_1.item + \"'\""},{"action":"system/Common/SSH/SSH","name":"SSH_curlJMXProxy","inputs":[{"name":"authKey","value":"$in_server_authkey"},{"name":"command","value":"$t_cmd"},{"name":"host","value":"$in_server_host"},{"name":"port","value":"$in_ssh_port"}]},{"action":"system/Common/Array/Array Push","name":"ArrayPush_1","inputs":[{"name":"array","value":"$debug"},{"name":"item","value":"$SSH_curlJMXProxy.result"}]}]}, {"action":"if","name":"If_sucessful","condition":"$SSH_curlJMXProxy.result != null","then":[{"action":"assign","name":"Assign_success","variable":"$success","value":"true"}],"else":[]}, {"action":"foreach","name":"ForEach_App","list":"$debug","blocks":[{"name":"Function_2_1","function":"if ($ForEach_App.item.includes(\"Name\")){\n    const name = $ForEach_App.item.match(/Name:\\s*(.*)/)?.[1]\n    const usage = $ForEach_App.item.match(/Usage:\\s*\\{([^}]*)\\}/)?.[1]\n    const usageStats = {}\n\n    usage.split(',').forEach(pair=>{\n        const [key, value] =pair.trim().split('=')\n        usageStats[key] = parseInt(value)\n    })\n\n    const mName = (name.match(/name=([^,\"]+)/)?.[1]).substring(3)\n\n    $result[mName] = {max: usageStats[\"max\"], used: usageStats[\"used\"], committed: usageStats[\"committed\"], init: usageStats[\"init\"]}\n}"}]}],"variables":[{"name":"in_tomcat_user","required":true,"isInput":true,"isOutput":false,"level":"INTERMEDIATE","type":{"type":"string"},"value":"\"\""},{"name":"in_tomcat_pass","required":true,"isInput":true,"isOutput":false,"level":"INTERMEDIATE","type":{"type":"string"},"value":"\"\""},{"name":"in_server_authkey","required":true,"isInput":true,"isOutput":false,"level":"INTERMEDIATE","type":{"type":"string"},"value":"\"\""},{"name":"in_server_host","required":true,"isInput":true,"isOutput":false,"level":"INTERMEDIATE","type":{"type":"string"},"value":"\"\""},{"name":"in_tomcat_host","required":true,"isInput":true,"isOutput":false,"level":"INTERMEDIATE","type":{"type":"string"},"value":"\"\""},{"name":"in_tomcat_port","required":true,"isInput":true,"isOutput":false,"level":"INTERMEDIATE","type":{"type":"string"},"value":"\"\""},{"name":"in_ssh_port","required":true,"isInput":true,"isOutput":false,"level":"INTERMEDIATE","type":{"type":"number"},"value":"22"},{"name":"result","required":false,"isInput":false,"isOutput":true,"level":"INTERMEDIATE","type":{"type":"object"},"value":"{}"},{"name":"success","required":false,"isInput":false,"isOutput":true,"level":"INTERMEDIATE","type":{"type":"boolean"},"value":"false"},{"name":"debug","required":false,"isInput":false,"isOutput":true,"level":"INTERMEDIATE","type":{"type":"array"},"value":"[]"},{"name":"t_mem_info","required":false,"isInput":false,"isOutput":true,"level":"INTERMEDIATE","type":{"type":"object"},"value":"{}"},{"name":"t_mem_heap_names","required":false,"isInput":false,"isOutput":false,"level":"INTERMEDIATE","type":{"type":"array"},"value":"[\"*%20Eden%20Space\",\"*%20Survivor%20Space\",\"*%20Old%20Gen\"]"},{"name":"t_cmd","required":false,"isInput":false,"isOutput":false,"level":"INTERMEDIATE","type":{"type":"any"},"value":"\"\""}],"meta":{"workerGroup":"default","layout":"flow","version":5,"lastUpdated":1771279655793,"updatedByUsername":"admin","numberOfBlocks":8,"created":1771279655793},"finally":null}