{"name":"dis_tomcat_jmx_sessions","platform":"node","hash":"SFfS3QEm3ZsKYM4BZQkiWsiDcc1BI5DG05rr3yBQYLw=","blocks":[{"action":"assign","name":"Assign_2","variable":"$t_cmd","value":"\"curl -u \" + $in_tomcat_user + \":\" + $in_tomcat_pass + \" --request GET --url 'http://\" + $in_tomcat_host + \":\" + $in_tomcat_port + \"/manager/jmxproxy?qry=Catalina:type=Manager,host=localhost,context=*'\""}, {"action":"system/Common/SSH/SSH","name":"SSH_curlJMXProxy","inputs":[{"name":"authKey","value":"$in_server_authkey"},{"name":"command","value":"$t_cmd"},{"name":"host","value":"$in_server_host"},{"name":"port","value":"$in_ssh_port"}]}, {"action":"if","name":"If_sucessful","condition":"$SSH_curlJMXProxy.result != null","then":[{"action":"assign","name":"Assign_success","variable":"$success","value":"true"}],"else":[]}, {"action":"assign","name":"Assign_splitApps","variable":"$debug","value":"$SSH_curlJMXProxy.result.split(/\\nName:/)"}, {"action":"foreach","name":"ForEach_App","list":"$debug","blocks":[{"action":"if","name":"If_not_ignored","condition":"!$t_ignored_contexts.some(str => $ForEach_App.item.includes(str))","then":[{"action":"assign","name":"Assign_splitLines","variable":"$t_split_list","value":"$ForEach_App.item.split(\"\\n\")"},{"action":"foreach","name":"ForEach_splitLine","list":"$t_split_list","blocks":[{"action":"assign","name":"Assign_keyValSplit","value":"String($ForEach_splitLine.item).trim().match(/^([^:]+):\\s*(.*)$/)","variable":"$t_match"},{"action":"if","name":"If_keyValSplit","condition":"$t_match != null","then":[{"action":"assign","name":"Assign_keyValPair","variable":"$t_key_value_match","value":"[$t_match[1], $t_match[2]]"},{"action":"if","name":"If_metricInKey","condition":"$t_target_metrics.includes($t_key_value_match[0])","then":[{"action":"if","name":"If_1","condition":"$t_key_value_match[0] == \"name\"","then":[{"action":"assign","name":"Assign_1","variable":"$t_match_2","value":"$t_key_value_match[1].split(\"-\")"},{"action":"if","name":"If_2","condition":"$t_match_2[1] != null","then":[{"name":"Function_4","function":"$t_app_info[\"name\"] = $t_match_2[0].substring(1);\n$t_app_info.version = $t_match_2[1]"}],"else":[{"name":"Function_5","function":"$t_app_info[\"name\"] = $t_key_value_match[1].trim().substring(1);\n$t_app_info[\"version\"] = \"\""}]}],"else":[{"name":"Function_1","function":"let value = $t_key_value_match[1].trim()\n\nif (value === \"true\") value = true\nelse if (value === \"false\") value = false\nelse if (!isNaN(value)) value = Number(value)\n\n$t_app_info[$t_key_value_match[0]] = value"}]}],"else":[]}],"else":[]}]},{"name":"Function_2","function":"$t_app_info = Object.fromEntries(\n    $t_target_metrics.map(key => [key, key in $t_app_info ? $t_app_info[key] : \"\"])\n)"},{"action":"if","name":"If_user","condition":"$t_app_info[\"originalDocBase\"] != \"\"","then":[{"name":"Function_3","function":"$t_app_info[\"isUser\"] = true"}],"else":[{"name":"Function_3_1","function":"$t_app_info[\"isUser\"] = false"}]},{"action":"system/Common/Array/Array Push","name":"ArrayPush_result","inputs":[{"name":"array","value":"$result"},{"name":"item","value":"Object.assign({}, $t_app_info)"}]},{"action":"assign","name":"Assign_resetAppInfo","variable":"$t_app_info","value":"{}"}],"else":[]}]}],"variables":[{"name":"in_tomcat_user","required":true,"isInput":true,"isOutput":false,"level":"INTERMEDIATE","type":{"type":"string"},"value":"\"\""},{"name":"in_tomcat_pass","required":true,"isInput":true,"isOutput":false,"level":"INTERMEDIATE","type":{"type":"string"},"value":"\"\""},{"name":"in_server_authkey","required":true,"isInput":true,"isOutput":false,"level":"INTERMEDIATE","type":{"type":"string"},"value":"\"\""},{"name":"in_server_host","required":true,"isInput":true,"isOutput":false,"level":"INTERMEDIATE","type":{"type":"string"},"value":"\"\""},{"name":"in_tomcat_host","required":true,"isInput":true,"isOutput":false,"level":"INTERMEDIATE","type":{"type":"string"},"value":"\"\""},{"name":"in_tomcat_port","required":true,"isInput":true,"isOutput":false,"level":"INTERMEDIATE","type":{"type":"string"},"value":"\"\""},{"name":"in_ssh_port","required":true,"isInput":true,"isOutput":false,"level":"INTERMEDIATE","type":{"type":"number"},"value":"22"},{"name":"result","required":false,"isInput":false,"isOutput":true,"level":"INTERMEDIATE","type":{"type":"array"},"value":"[]"},{"name":"success","required":false,"isInput":false,"isOutput":true,"level":"INTERMEDIATE","type":{"type":"boolean"},"value":"false"},{"name":"debug","required":false,"isInput":false,"isOutput":true,"level":"INTERMEDIATE","type":{"type":"object"},"value":"{}"},{"name":"t_app_list","required":false,"isInput":false,"isOutput":false,"level":"INTERMEDIATE","type":{"type":"any"},"value":"\"\""},{"name":"t_app_info","required":false,"isInput":false,"isOutput":false,"level":"INTERMEDIATE","type":{"type":"object"},"value":"{}"},{"name":"t_target_metrics","required":false,"isInput":false,"isOutput":false,"level":"INTERMEDIATE","type":{"type":"array"},"value":"[\n    \"rejectedSessions\",\n    \"persistAuthentication\",\n    \"maxActiveSessions\",\n    \"expiredSessions\",\n    \"activeSessions\",\n    \"sessionMaxAliveTime\",\n    \"maxActive\"\n]"},{"name":"t_match","required":false,"isInput":false,"isOutput":false,"level":"INTERMEDIATE","type":{"type":"any"},"value":"\"\""},{"name":"t_key_value_match","required":false,"isInput":false,"isOutput":false,"level":"INTERMEDIATE","type":{"type":"any"},"value":"\"\""},{"name":"t_split_list","required":false,"isInput":false,"isOutput":false,"level":"INTERMEDIATE","type":{"type":"any"},"value":"\"\""},{"name":"t_match_2","required":false,"isInput":false,"isOutput":false,"level":"INTERMEDIATE","type":{"type":"any"},"value":"\"\""},{"name":"t_cmd","required":false,"isInput":false,"isOutput":false,"level":"INTERMEDIATE","type":{"type":"any"},"value":"\"\""},{"name":"t_ignored_contexts","required":false,"isInput":false,"isOutput":false,"level":"INTERMEDIATE","type":{"type":"array"},"value":"[\n    \"context=/examples\\r\",\n    \"context=/manager\\r\",\n    \"context=/docs\\r\",\n    \"context=/\\r\",\n    \"context=/host-manager\\r\",\n    \"Number of results\"\n]"}],"meta":{"workerGroup":"default","layout":"flow","version":5,"lastUpdated":1771279654939,"updatedByUsername":"admin","numberOfBlocks":25,"created":1771279654939},"finally":null}