{"name":"dis_tomcat_jmx_Threads","platform":"node","hash":"GSvgQmUdUHqIlXvnDAjbECDVOoa+LDpa/iODKd0QuDw=","blocks":[{"action":"assign","name":"Assign_2","variable":"$t_cmd","value":"\"curl -u\" + $in_tomcat_user + \":\" + $in_tomcat_pass + \" --request GET --url 'http://\" + $in_tomcat_host + \":\" + $in_tomcat_port + \"/manager/jmxproxy?qry=Catalina:type=ThreadPool,name=%22http-nio-\" + $in_tomcat_port + \"%22'\""}, {"action":"system/Common/SSH/SSH","name":"SSH_curlJMXProxyThread","inputs":[{"name":"authKey","value":"$in_server_authkey"},{"name":"command","value":"$t_cmd"},{"name":"host","value":"$in_server_host"},{"name":"port","value":"$in_ssh_port"}]}, {"action":"if","name":"If_sucessful","condition":"$SSH_curlJMXProxyThread.result != null","then":[{"action":"assign","name":"Assign_success","variable":"$success","value":"true"}],"else":[]}, {"action":"assign","name":"Assign_splitApps","variable":"$debug","value":"$SSH_curlJMXProxyThread.result.split(\"\\n\")"}, {"action":"foreach","name":"ForEach_splitLine","list":"$debug","blocks":[{"action":"assign","name":"Assign_keyValSplit","value":"String($ForEach_splitLine.item).trim().match(/^([^:]+):\\s*(.*)$/)","variable":"$t_match"},{"action":"if","name":"If_keyValSplit","condition":"$t_match != null","then":[{"action":"assign","name":"Assign_keyValPair","variable":"$t_key_value_match","value":"[$t_match[1], $t_match[2]]"},{"action":"if","name":"If_metricInKey","condition":"$t_target_metrics.includes($t_key_value_match[0])","then":[{"name":"Function_1","function":"let value = $t_key_value_match[1].trim()\n\nif (value === \"true\") value = true\nelse if (value === \"false\") value = false\nelse if (!isNaN(value)) value = Number(value)\n\n$t_app_info[$t_key_value_match[0]] = value"}],"else":[]}],"else":[]}]}, {"name":"Function_2","function":"$t_app_info = Object.fromEntries(\n    $t_target_metrics.map(key => [key, key in $t_app_info ? $t_app_info[key] : \"\"])\n)"}, {"action":"assign","name":"Assign_resetAppInfo","variable":"$result","value":"$t_app_info"}],"variables":[{"name":"in_tomcat_user","required":true,"isInput":true,"isOutput":false,"level":"INTERMEDIATE","type":{"type":"string"},"value":"\"\""},{"name":"in_tomcat_pass","required":true,"isInput":true,"isOutput":false,"level":"INTERMEDIATE","type":{"type":"string"},"value":"\"\""},{"name":"in_server_authkey","required":true,"isInput":true,"isOutput":false,"level":"INTERMEDIATE","type":{"type":"string"},"value":"\"\""},{"name":"in_server_host","required":true,"isInput":true,"isOutput":false,"level":"INTERMEDIATE","type":{"type":"string"},"value":"\"\""},{"name":"in_tomcat_host","required":true,"isInput":true,"isOutput":false,"level":"INTERMEDIATE","type":{"type":"string"},"value":"\"\""},{"name":"in_tomcat_port","required":true,"isInput":true,"isOutput":false,"level":"INTERMEDIATE","type":{"type":"string"},"value":"\"\""},{"name":"in_ssh_port","required":true,"isInput":true,"isOutput":false,"level":"INTERMEDIATE","type":{"type":"number"},"value":"22"},{"name":"t_app_info","required":false,"isInput":false,"isOutput":false,"level":"INTERMEDIATE","type":{"type":"object"},"value":"{}"},{"name":"t_target_metrics","required":false,"isInput":false,"isOutput":false,"level":"INTERMEDIATE","type":{"type":"array"},"value":"[\"currentThreadsBusy\",\"paused\",\"selectorTimeout\",\"connectionCount\",\"acceptCount\",\"threadPriority\",\"executorTerminationTimeoutMillis\",\"running\",\"portWithOffset\",\"currentThreadCount\",\"sSLEnabled\",\"sniParseLimit\",\"maxThreads\",\"connectionTimeout\",\"tcpNoDelay\",\"maxConnections\",\"connectionLinger\",\"keepAliveCount\",\"keepAliveTimeout\",\"maxKeepAliveRequests\",\"localPort\",\"useSendfile\",\"daemon\",\"minSpareThreads\",\"useInheritedChannel\",\"acceptorThreadPriority\",\"bindOnInit\",\"pollerThreadPriority\"]"},{"name":"t_match","required":false,"isInput":false,"isOutput":false,"level":"INTERMEDIATE","type":{"type":"any"},"value":"\"\""},{"name":"t_key_value_match","required":false,"isInput":false,"isOutput":false,"level":"INTERMEDIATE","type":{"type":"any"},"value":"\"\""},{"name":"t_cmd","required":false,"isInput":false,"isOutput":false,"level":"INTERMEDIATE","type":{"type":"any"},"value":"\"\""},{"name":"debug","required":false,"isInput":false,"isOutput":true,"level":"INTERMEDIATE","type":{"type":"object"},"value":"{}"},{"name":"success","required":false,"isInput":false,"isOutput":true,"level":"INTERMEDIATE","type":{"type":"boolean"},"value":"false"},{"name":"result","required":false,"isInput":false,"isOutput":true,"level":"INTERMEDIATE","type":{"type":"array"},"value":"[]"}],"meta":{"workerGroup":"default","layout":"flow","version":5,"lastUpdated":1771279656480,"updatedByUsername":"admin","numberOfBlocks":13,"created":1771279656480},"finally":null}