{"name":"dis_tomcat_jmx_GC","platform":"node","hash":"mzQrKZaM4ROnjZtonTJbXAV+ndCt4F36+oqmkK7Ul4U=","blocks":[{"action":"assign","name":"Assign_2","variable":"$t_cmd","value":"\"curl -u \" + $in_tomcat_user + \":\" + $in_tomcat_pass + \" --request GET --url 'http://\" + $in_tomcat_host + \":\" + $in_tomcat_port + \"/manager/jmxproxy?qry=java.lang:type=GarbageCollector,name=*'\""}, {"action":"system/Common/SSH/SSH","name":"SSH_curlJMXProxy","inputs":[{"name":"authKey","value":"$in_server_authkey"},{"name":"command","value":"$t_cmd"},{"name":"host","value":"$in_server_host"},{"name":"port","value":"$in_ssh_port"}]}, {"action":"if","name":"If_sucessful","condition":"$SSH_curlJMXProxy.result != null","then":[{"action":"assign","name":"Assign_success","variable":"$success","value":"true"}],"else":[]}, {"action":"assign","name":"Assign_splitApps","variable":"$debug","value":"$SSH_curlJMXProxy.result.split(/\\nName:/)"}, {"action":"foreach","name":"ForEach_App","list":"$debug","blocks":[{"action":"if","name":"If_not_ignored","condition":"!$t_ignored_contexts.some(str => $ForEach_App.item.includes(str))","then":[{"action":"assign","name":"Assign_splitLines","variable":"$t_split_list","value":"$ForEach_App.item.split(\"\\n\")"},{"action":"foreach","name":"ForEach_splitLine","list":"$t_split_list","blocks":[{"action":"assign","name":"Assign_keyValSplit","value":"String($ForEach_splitLine.item).trim().match(/^([^:]+):\\s*(.*)$/)","variable":"$t_match"},{"action":"if","name":"If_keyValSplit","condition":"$t_match != null","then":[{"action":"assign","name":"Assign_keyValPair","variable":"$t_key_value_match","value":"[$t_match[1], $t_match[2]]"},{"action":"if","name":"If_metricInKey","condition":"$t_target_metrics.includes($t_key_value_match[0])","then":[{"action":"if","name":"If_valid_GC","condition":"$t_key_value_match[0] == \"java.lang\"","then":[{"action":"assign","name":"Assign_t_match_2","variable":"$t_match_2","value":"$t_key_value_match[1].match(/name=([^,]+)/)[1]"},{"action":"if","name":"If_Old","condition":"[\n    \"MarkSweepCompact\",\n    \"PS MarkSweep\",\n    \"ConcurrentMarkSweep\",\n    \"G1 Old Generation\"\n].includes($t_match_2)","then":[{"name":"Function_4_1","function":"$t_app_info[\"name\"] = \"Old\""}],"else":[{"action":"if","name":"If_Young","condition":"[\"PS Scavenge\", \"ParNew\", \"G1 Young Generation\"].includes($t_match_2)","then":[{"name":"Function_4","function":"$t_app_info[\"name\"] = \"Young\""}],"else":[{"name":"Function_4_1_1","function":"$t_app_info[\"name\"] = $t_match_2[1]"}]}]}],"else":[{"name":"Function_1","function":"let value = $t_key_value_match[1].trim()\n\nif (value === \"true\") value = true\nelse if (value === \"false\") value = false\nelse if (!isNaN(value)) value = Number(value)\n\n$t_app_info[$t_key_value_match[0]] = value"}]}],"else":[]}],"else":[]}]},{"action":"if","name":"If_t_app_info_not_empty","condition":"Object.keys($t_app_info).length != 0","then":[{"action":"assign","name":"Assign_t_pause_time_calc","variable":"$t_pause_time_calc","value":"$t_app_info[\"CollectionCount\"] ? $t_app_info[\"CollectionTime\"] / $t_app_info[\"CollectionCount\"] : 1"},{"name":"Function_3","function":"if($t_pause_time_calc == 0){\n  $t_pause_sev = 0\n}\nelse if ($t_pause_time_calc <= 50) {\n  $t_pause_sev = 1\n} else if ($t_pause_time_calc <= 200) {\n  $t_pause_sev = 2\n} else if ($t_pause_time_calc <= 500) {\n  $t_pause_sev = 3\n} else if ($t_pause_time_calc <= 1000) {\n  $t_pause_sev = 4\n} else {\n  $t_pause_sev = 5\n}"},{"action":"system/Common/Array/Array Push","name":"ArrayPush_result","inputs":[{"name":"array","value":"$result"},{"name":"item","value":"Object.assign({}, {\n    name: $t_app_info[\"name\"],\n    pause_time_sev: $t_pause_sev\n})"}]}],"else":[]},{"action":"assign","name":"Assign_resetAppInfo","variable":"$t_app_info","value":"{}"}],"else":[]}]}],"variables":[{"name":"in_tomcat_user","required":true,"isInput":true,"isOutput":false,"level":"INTERMEDIATE","type":{"type":"string"},"value":"\"\""},{"name":"in_tomcat_pass","required":true,"isInput":true,"isOutput":false,"level":"INTERMEDIATE","type":{"type":"string"},"value":"\"\""},{"name":"in_server_authkey","required":true,"isInput":true,"isOutput":false,"level":"INTERMEDIATE","type":{"type":"string"},"value":"\"\""},{"name":"in_server_host","required":true,"isInput":true,"isOutput":false,"level":"INTERMEDIATE","type":{"type":"string"},"value":"\"\""},{"name":"in_tomcat_host","required":true,"isInput":true,"isOutput":false,"level":"INTERMEDIATE","type":{"type":"string"},"value":"\"\""},{"name":"in_tomcat_port","required":true,"isInput":true,"isOutput":false,"level":"INTERMEDIATE","type":{"type":"string"},"value":"\"\""},{"name":"in_ssh_port","required":true,"isInput":true,"isOutput":false,"level":"INTERMEDIATE","type":{"type":"number"},"value":"22"},{"name":"result","required":false,"isInput":false,"isOutput":true,"level":"INTERMEDIATE","type":{"type":"array"},"value":"[]"},{"name":"success","required":false,"isInput":false,"isOutput":true,"level":"INTERMEDIATE","type":{"type":"boolean"},"value":"false"},{"name":"debug","required":false,"isInput":false,"isOutput":true,"level":"INTERMEDIATE","type":{"type":"object"},"value":"{}"},{"name":"t_app_list","required":false,"isInput":false,"isOutput":false,"level":"INTERMEDIATE","type":{"type":"any"},"value":"\"\""},{"name":"t_app_info","required":false,"isInput":false,"isOutput":false,"level":"INTERMEDIATE","type":{"type":"object"},"value":"{}"},{"name":"t_target_metrics","required":false,"isInput":false,"isOutput":false,"level":"INTERMEDIATE","type":{"type":"array"},"value":"[\n    \"java.lang\",\n    \"CollectionCount\",\n    \"CollectionTime\"\n]"},{"name":"t_match","required":false,"isInput":false,"isOutput":false,"level":"INTERMEDIATE","type":{"type":"any"},"value":"\"\""},{"name":"t_key_value_match","required":false,"isInput":false,"isOutput":false,"level":"INTERMEDIATE","type":{"type":"any"},"value":"\"\""},{"name":"t_split_list","required":false,"isInput":false,"isOutput":false,"level":"INTERMEDIATE","type":{"type":"any"},"value":"\"\""},{"name":"t_match_2","required":false,"isInput":false,"isOutput":false,"level":"INTERMEDIATE","type":{"type":"any"},"value":"\"\""},{"name":"t_cmd","required":false,"isInput":false,"isOutput":false,"level":"INTERMEDIATE","type":{"type":"any"},"value":"\"\""},{"name":"t_ignored_contexts","required":false,"isInput":false,"isOutput":false,"level":"INTERMEDIATE","type":{"type":"array"},"value":"[\n    \"context=/examples\\r\",\n    \"context=/manager\\r\",\n    \"context=/docs\\r\",\n    \"context=/\\r\",\n    \"context=/host-manager\\r\",\n    \"Number of results\"\n]"},{"name":"t_pause_time_calc","required":false,"isInput":false,"isOutput":false,"level":"INTERMEDIATE","type":{"type":"any"},"value":"\"\""},{"name":"t_pause_sev","required":false,"isInput":false,"isOutput":false,"level":"INTERMEDIATE","type":{"type":"any"},"value":"\"\""}],"meta":{"workerGroup":"default","layout":"flow","version":5,"lastUpdated":1771279657080,"updatedByUsername":"admin","numberOfBlocks":26,"created":1771279657080},"finally":null}