{"name":"FetchAssessmentTime","platform":"node","hash":"2JWlJUegpo4nhsQAO87dDnI+6xrhCBl/QtJ3PDPKaL0=","blocks":[{"action":"comment","value":"Fetch time window for a given application and source system"}, {"action":"system/IBM/Concert/Concert HTTP Request","name":"IBM_1","inputs":[{"name":"method","value":"\"GET\""},{"name":"path","value":"$apiPath"},{"name":"query","value":"{\n    \"origin\": $origin,\n    \"origin_name\" : $origin_name,\n    \"profile_name\": $profileName,\n    \"target_type\": \"app\",\n    \"target \": $applicationName\n}"}]}, {"name":"Function_1","function":"function isEmpty(value) {\n    return value === null || value === undefined || value === \"\" || (typeof value === \"object\" && Object.keys(value).length === 0);\n};\nlet assessment_result = typeof $IBM_1.result === \"string\"\n    ? JSON.parse($IBM_1.result)\n    : $IBM_1.result;\n\nlet startTime = assessment_result.last_received_ts;\nlet endTime = assessment_result.current_ts;\n\nif (!isEmpty(endTime)) {\n    if (isEmpty(startTime)) {\n        startTime = new Date(endTime).getTime() - $defaultWindowSize;\n    }\n}\n\n$result = {\n    \"startTimestamp\": new Date(startTime).getTime(),\n    \"endTimestamp\": new Date(endTime).getTime()\n}"}],"variables":[{"name":"applicationName","required":true,"isInput":true,"isOutput":false,"level":"INTERMEDIATE","type":{"type":"string"},"value":"\"\""},{"name":"profileName","required":true,"isInput":true,"isOutput":false,"level":"INTERMEDIATE","type":{"type":"string"},"value":"\"\""},{"name":"origin","required":true,"isInput":true,"isOutput":false,"level":"INTERMEDIATE","type":{"type":"string"},"value":"\"\""},{"name":"result","required":false,"isInput":false,"isOutput":true,"level":"INTERMEDIATE","type":{"type":"object"},"value":"{}"},{"name":"origin_name","required":true,"isInput":true,"isOutput":false,"level":"INTERMEDIATE","type":{"type":"string"},"value":"\"\""},{"name":"defaultWindowSize","required":true,"isInput":true,"isOutput":false,"level":"INTERMEDIATE","type":{"type":"number"},"value":"0"},{"name":"apiPath","required":false,"isInput":false,"isOutput":false,"level":"INTERMEDIATE","type":{"type":"string"},"value":"\"/resilience/grader/api/v1/last_received_timestamps\""}],"meta":{"workerGroup":"default","created":1771279797299,"lastUpdated":1771279812879,"description":"This flow will query Resilience API to fetch last assessment time and current time for a given profile,application and source system","layout":"flow","updatedByUsername":"admin","numberOfBlocks":3,"version":5},"finally":null}