{"name":"AWS ECS APP DISCOVERY","platform":"node","hash":"VoxAyh/HyhVsDB+f8BpaKXzzVhLNNyNQSQyj3kzrO+E=","blocks":[{"action":"comment","value":"1 - Prerequisites"}, {"action":"./1 - prerequisites/1-prerequisites","name":"pre_requisites","inputs":[{"name":"in_aws_authkey","value":"$in_aws_auth_key"},{"name":"in_aws_region","value":"$in_aws_region"},{"name":"in_profile_name","value":"$in_profile_name"},{"name":"in_concert_authkey","value":"$in_concert_key"},{"name":"in_application_grouping","value":"$in_application_discovery"}]}, {"action":"if","name":"If_precheck_ok","condition":"$pre_requisites.success","then":[{"action":"comment","value":"list services in the cluster "},{"action":"system/Common/Status Message Update","name":"status_get_services","inputs":[{"name":"message","value":"\"Get ECS Services\""}]},{"action":"comment","value":"2 - Discovery"},{"action":"./2 - Discovery ECS Block/ECS Discovery","name":"ECS_Dis","inputs":[{"name":"in_aws_region","value":"$in_aws_region"},{"name":"in_aws_auth_key","value":"$in_aws_auth_key"}]},{"action":"if","name":"If_1","condition":"!$ECS_Dis.success","then":[{"action":"system/Common/Array/Array Push","name":"ArrayPush_1","inputs":[{"name":"array","value":"$error"},{"name":"item","value":"$ECS_Dis.error"}]}],"else":[]},{"action":"comment","value":"TODO 3 - selection / grouping by in_application_discovery"},{"action":"if","name":"are_application_grp","condition":"Object.keys($in_application_discovery).length === 0","then":[{"action":"system/Common/Array/Array Push","name":"debug_no_grouping","inputs":[{"name":"array","value":"$debug"},{"name":"item","value":"\"Default grouping: Application = Service\""}]},{"action":"./3 - Selection - Grouping/3-sel-service-grouping","name":"sel_serv_grp","inputs":[{"name":"in_discovery_result","value":"$ECS_Dis.result"}]},{"action":"assign","name":"Assign_apps","variable":"$t_grouped_app","value":"$sel_serv_grp.result"}],"else":[{"action":"system/Common/Array/Array Push","name":"debug_app_grouping","inputs":[{"name":"array","value":"$debug"},{"name":"item","value":"\"Application Grouping detected!\""}]},{"action":"./3 - Selection - Grouping/3-sel-app-grouping","name":"sel_app_grp","inputs":[{"name":"in_application_discovery","value":"$in_application_discovery"},{"name":"in_discovery_result","value":"$ECS_Dis.result"}]},{"action":"assign","name":"Assign_grouped","variable":"$t_grouped_app","value":"$sel_app_grp.result"}]},{"action":"comment","value":" 4 - Processing"},{"action":"foreach","name":"For_applications","list":"$t_grouped_app","blocks":[{"action":"assign","name":"Assign_1","value":"$For_applications.item","variable":"$debug"},{"action":"./4 - Processing/4 - Processing","name":"Pro_app","inputs":[{"name":"in_app_data","value":"$For_applications.item"},{"name":"t_compatible_launch_type","value":"$For_applications.item.data.rawData.taskDefinition.taskDefinition.compatibilities"},{"name":"t_workloads_with_hostpath_volumes_mounted_count","value":"$t_workloads_with_hostpath_volumes_mounted_count"}]},{"action":"assign","name":"Assign__1","variable":"$test","value":"$Pro_app.result"},{"action":"assign","name":"Assign_","variable":"$For_applications.item","value":"$Pro_app.result"},{"action":"comment","value":"5 - Concert"},{"action":"./utils/Concert_utils/concert_gen_sbom","name":"Upload_sbom","inputs":[{"name":"in_env","value":"$application_env"},{"name":"in_AppName","value":"$For_applications.item.concert.applicationName"},{"name":"in_ibmConcertKey","value":"$in_concert_key"},{"name":"in_version","value":"$in_version"},{"name":"in_servicesData","value":"$For_applications.item.data"},{"name":"in_ApplicationCriticality","value":"$For_applications.item.concert.applicationCriticality"},{"name":"in_ApplicationDataAssessmentImpactRisk","value":"$For_applications.item.concert.applicationDataAssessmentImpactRisk"}]},{"action":"./utils/Concert_utils/concert_create_assessment","name":"create_assessment","inputs":[{"name":"in_auth_key","value":"$in_concert_key"},{"name":"in_app_name","value":"$For_applications.item.concert.applicationName"},{"name":"in_profile_name","value":"$in_profile_name"},{"name":"in_app_version","value":"$in_version"},{"name":"in_metrics","value":"$For_applications.item.metrics"},{"name":"in_component_data","value":"$For_applications.item.component_data"}]},{"action":"system/Common/Array/Array Push","name":"ArrayPush_result","inputs":[{"name":"array","value":"$result"},{"name":"item","value":"\"Assessment created for app:\" + $For_applications.item.concert.applicationName + \" with ID:\" + $create_assessment.result.assessment_id"}]}]},{"action":"system/Common/Status Message Update","name":"status_completed","inputs":[{"name":"message","value":"\"Assessment completed\""}]}],"else":[{"action":"assign","name":"Assign_sucess","variable":"$success","value":"$pre_requisites.success"},{"action":"assign","name":"Assign_error","variable":"$error","value":"$pre_requisites.error"}]}, {"action":"system/Common/Status Message Update","name":"status_completed_1","inputs":[{"name":"message","value":"\"Flow completed\""}]}],"variables":[{"name":"in_profile_name","required":true,"isInput":true,"isOutput":false,"level":"INTERMEDIATE","type":{"type":"string"},"value":"\"\"\n"},{"name":"in_version","required":true,"isInput":true,"isOutput":false,"level":"INTERMEDIATE","type":{"type":"string"},"value":"\"1.0.0\""},{"name":"in_aws_region","required":true,"isInput":true,"isOutput":false,"level":"INTERMEDIATE","type":{"type":"string"},"value":"\"\""},{"name":"in_aws_auth_key","required":true,"isInput":true,"isOutput":false,"level":"INTERMEDIATE","type":{"type":"string"},"value":"\"\""},{"name":"in_concert_key","required":false,"isInput":true,"isOutput":false,"level":"INTERMEDIATE","type":{"type":"string"},"value":"\"\""},{"name":"application_env","required":false,"isInput":true,"isOutput":false,"level":"INTERMEDIATE","type":{"type":"string"},"value":"\"\""},{"name":"in_application_discovery","required":false,"isInput":true,"isOutput":false,"level":"INTERMEDIATE","type":{"type":"object"},"value":"{\n    \"applications\": [{\n        \"ecs\": {\n            \"cluster\": [],\n            \"services\": [],\n            \"tags\": [],\n            \"namespaces\": []\n        },\n        \"concert\": {\n            \"applicationName\": \"\",\n            \"applicationCriticality\": 5,\n            \"applicationDataAssessmentImpactRisk\": 3\n        }\n    }]\n}"},{"name":"in_ignored_clusters_names","required":false,"isInput":true,"isOutput":false,"level":"INTERMEDIATE","type":{"type":"array"},"value":"[]"},{"name":"t_tag_name","required":false,"isInput":false,"isOutput":false,"level":"INTERMEDIATE","type":{"type":"string"},"value":"\"\""},{"name":"t_app_sbom","required":false,"isInput":false,"isOutput":false,"level":"INTERMEDIATE","type":{"type":"any"},"value":"\"\""},{"name":"t_service_data","required":false,"isInput":false,"isOutput":false,"level":"INTERMEDIATE","type":{"type":"any"},"value":"\"\""},{"name":"t_serviceList","required":false,"isInput":false,"isOutput":false,"level":"INTERMEDIATE","type":{"type":"any"},"value":"\"\""},{"name":"t_taskdef","required":false,"isInput":false,"isOutput":false,"level":"INTERMEDIATE","type":{"type":"any"},"value":"\"\""},{"name":"t_taskId","required":false,"isInput":false,"isOutput":false,"level":"INTERMEDIATE","type":{"type":"string"},"value":"\"\""},{"name":"t_data","required":false,"isInput":false,"isOutput":false,"level":"INTERMEDIATE","type":{"type":"array"},"value":"[]"},{"name":"t_raw_data","required":false,"isInput":false,"isOutput":false,"level":"INTERMEDIATE","type":{"type":"array"},"value":"[]"},{"name":"t_uploas_status","required":false,"isInput":false,"isOutput":false,"level":"INTERMEDIATE","type":{"type":"string"},"value":"\"\""},{"name":"t_processed_data","required":false,"isInput":false,"isOutput":false,"level":"INTERMEDIATE","type":{"type":"object"},"value":"{}"},{"name":"t_posture_status","required":false,"isInput":false,"isOutput":false,"level":"INTERMEDIATE","type":{"type":"string"},"value":"\"\""},{"name":"t_assessment_status","required":false,"isInput":false,"isOutput":false,"level":"INTERMEDIATE","type":{"type":"string"},"value":"\"\""},{"name":"t_tags","required":false,"isInput":false,"isOutput":false,"level":"INTERMEDIATE","type":{"type":"any"},"value":"\"\""},{"name":"t_metrics","required":false,"isInput":false,"isOutput":false,"level":"INTERMEDIATE","type":{"type":"array"},"value":"[]"},{"name":"t_sbom_data","required":false,"isInput":false,"isOutput":false,"level":"INTERMEDIATE","type":{"type":"object"},"value":"{}"},{"name":"t_nfr_assignment","required":false,"isInput":false,"isOutput":false,"level":"INTERMEDIATE","type":{"type":"object"},"value":"{}"},{"name":"t_grouped_app","required":false,"isInput":false,"isOutput":false,"level":"INTERMEDIATE","type":{"type":"array"},"value":"[]"},{"name":"result","required":false,"isInput":false,"isOutput":true,"level":"INTERMEDIATE","type":{"type":"array"},"value":"[]"},{"name":"success","required":false,"isInput":false,"isOutput":false,"level":"INTERMEDIATE","type":{"type":"boolean"},"value":"false"},{"name":"error","required":false,"isInput":false,"isOutput":false,"level":"INTERMEDIATE","type":{"type":"array"},"value":"[]"},{"name":"debug","required":false,"isInput":false,"isOutput":true,"level":"INTERMEDIATE","type":{"type":"array"},"value":"[]"},{"name":"t_pct_images_latest_tag_identification","required":false,"isInput":false,"isOutput":false,"level":"INTERMEDIATE","type":{"type":"string"},"value":"\"\""},{"name":"t_pct_workloads_missing_cpu_limits","required":false,"isInput":false,"isOutput":false,"level":"INTERMEDIATE","type":{"type":"string"},"value":"\"\""},{"name":"t_pct_workloads_missing_memory_limits","required":false,"isInput":false,"isOutput":false,"level":"INTERMEDIATE","type":{"type":"string"},"value":"\"\""},{"name":"t_pct_workloads_within_90pct_cpu_limits","required":false,"isInput":false,"isOutput":false,"level":"INTERMEDIATE","type":{"type":"string"},"value":"\"\""},{"name":"t_pct_workloads_within_90pct_memory_limits","required":false,"isInput":false,"isOutput":false,"level":"INTERMEDIATE","type":{"type":"string"},"value":"\"\""},{"name":"t_pct_privileged_mode_containers","required":false,"isInput":false,"isOutput":false,"level":"INTERMEDIATE","type":{"type":"string"},"value":"\"\""},{"name":"t_pct_workloads_with_rootfs_not_read_only","required":false,"isInput":false,"isOutput":false,"level":"INTERMEDIATE","type":{"type":"string"},"value":"\"\""},{"name":"t_pct_workloads_with_access_to_host_ports","required":false,"isInput":false,"isOutput":false,"level":"INTERMEDIATE","type":{"type":"string"},"value":"\"\""},{"name":"t_pct_workloads_with_binding_to_privileged_ports","required":false,"isInput":false,"isOutput":false,"level":"INTERMEDIATE","type":{"type":"string"},"value":"\"\""},{"name":"t_pct_workload_liveness_initial_delay_defined","required":false,"isInput":false,"isOutput":false,"level":"INTERMEDIATE","type":{"type":"string"},"value":"\"\""},{"name":"t_pct_workload_run_as_root","required":false,"isInput":false,"isOutput":false,"level":"INTERMEDIATE","type":{"type":"string"},"value":"\"\""},{"name":"test","required":false,"isInput":false,"isOutput":false,"level":"INTERMEDIATE","type":{"type":"any"},"value":"\"\""},{"name":"t_workloads_with_hostpath_volumes_mounted_count","required":false,"isInput":false,"isOutput":false,"level":"INTERMEDIATE","type":{"type":"number"},"value":"0"}],"meta":{"workerGroup":"default","lastUpdated":1762481746283,"layout":"flow","updatedByUsername":"ibmconcert","numberOfBlocks":31,"version":5},"finally":null}