{"name":"Discover certificates using AWS Certificate Manager and ingest into IBM Concert","platform":"node","hash":"aNtBnXs8D89/BFG3+LZsqCYEnf9jk2hW5hXNXrLHF9g=","blocks":[{"action":"system/Common/Status Message Update","name":"StatusMessageUpdate_Connecting","inputs":[{"name":"message","value":"\"Obtaining a list of certificates by AWS Certificate Manager...\""}]}, {"name":"Function_1","function":"if (!$environment || !$region) {\n  throw new Error('403: failed, env_name or region is missing');\n}"}, {"action":"system/AWS/acm/List Certificates","name":"listCertificates","inputs":[{"name":"authKey","value":"$service_auth"},{"name":"region","value":"$region"},{"name":"Body","value":"{\n    \"MaxItems\": 100\n}"}]}, {"action":"foreach","name":"foreachCertificates","list":"$listCertificates.result.CertificateSummaryList","blocks":[{"action":"system/AWS/acm/Get Certificate","name":"getCertificate","inputs":[{"name":"authKey","value":"$service_auth"},{"name":"region","value":"$region"},{"name":"Body","value":"{\n    \"CertificateArn\": $foreachCertificates.item.CertificateArn\n}"}]},{"action":"comment","value":"construct an object with service info and parsed certificates, and push it to the result array."},{"name":"checkNormalize","function":"\n    if ( Object.keys($getCertificate.result).length != 0) {\n    const contents = $getCertificate.result.CertificateChain;\n    if (contents.includes(\"--BEGIN CERTIFICATE--\")) {\n        const dataObject = {\n            \"service\": \"aws_cm\",\n            \"key\": $foreachCertificates.item.CertificateArn,\n            \"certificates\": []\n        };\n        const certs = contents.split(\"\\n-----END CERTIFICATE-----\\n\")\n            .filter(Boolean)\n            .map(crt => crt + \"\\n-----END CERTIFICATE-----\\n\");\n\n        certs.forEach(certContent => {\n            dataObject.certificates.push(certContent)\n        });\n        $discovery_result.push(dataObject)\n    }\n    }\n"}]}, {"action":"system/Common/Status Message Update","name":"StatusMessageUpdate_Connecting_1","inputs":[{"name":"message","value":"\"Creating a list of certificates fetched in JSON format...\""}]}, {"action":"foreach","name":"foreachDiscovered","list":"$discovery_result","blocks":[{"action":"foreach","name":"foreachCertificate","list":"$foreachDiscovered.item.certificates","blocks":[{"action":"./helpers/Decode an X.509 Certificate","name":"decode","inputs":[{"name":"certificate","value":"$foreachCertificate.item"}]},{"action":"system/Common/Array/Array Push","name":"ArrayPush_1","inputs":[{"name":"array","value":"$dataForFile"},{"name":"item","value":"$decode.result"}]}]}]}, {"action":"./helpers/Create a JSON of Kubernetes kubeadm Certificate","name":"createJSON","inputs":[{"name":"certificates","value":"$dataForFile"},{"name":"service_auth","value":"$service_auth"},{"name":"environment","value":"$environment"}]}, {"action":"./helpers/Ingest JSON Certificates Data into IBM Concert","name":"ingest","inputs":[{"name":"json","value":"JSON.stringify($createJSON.result)"},{"name":"data_type","value":"\"certificate\""}]}, {"action":"assign","name":"ingestResult","variable":"$result","value":"$ingest.result"}],"variables":[{"name":"service_auth","required":true,"isInput":true,"isOutput":false,"level":"INTERMEDIATE","type":{"type":"string"},"value":"\"\"","meta":{"description":"RNA Authentication for SSH","authType":"Common/SSH","subType":"authentication"}},{"name":"environment","required":true,"isInput":true,"isOutput":false,"level":"INTERMEDIATE","type":{"type":"string"},"value":"\"\""},{"name":"region","required":true,"isInput":true,"isOutput":false,"level":"INTERMEDIATE","type":{"type":"string"},"value":"\"\""},{"name":"dataForFile","required":false,"isInput":false,"isOutput":false,"level":"INTERMEDIATE","type":{"type":"array"},"value":"[]"},{"name":"result","required":false,"isInput":false,"isOutput":true,"level":"INTERMEDIATE","type":{"type":"any"},"value":"\"\"","meta":{"description":"The result of the ingestion flow is currently ignored and used only for debug purposes"}},{"name":"discovery_result","required":false,"isInput":false,"isOutput":false,"level":"INTERMEDIATE","type":{"type":"array"},"value":"[]"}],"meta":{"workerGroup":"default","created":1771275501770,"lastUpdated":1771275553485,"description":"This flow obtains a list of certificates in AWS Certificate Manager that is decoded, and then formed in JSON format and returned, ready to be ingested by IBM Concert","layout":"flow","updatedByUsername":"admin","numberOfBlocks":15,"version":5,"tags":[{"name":"Consumer","value":"Concert"},{"name":"Concert version","value":"2.3.0"},{"name":"Category","value":"Certificates"}]},"finally":null}