{"name":"3-sel-service-grouping","platform":"node","hash":"oHMQjx0eSNh02ycLeQOEj/MQp6LAmx+j6sxk1kssXJE=","blocks":[{"action":"foreach","name":"for_cluster","list":"$in_discovery_result","blocks":[{"action":"foreach","name":"for_service","list":"$for_cluster.item.services","blocks":[{"action":"assign","name":"Assign_1","variable":"$t_service","value":"$for_service.item"},{"action":"assign","name":"assign_cluster","variable":"$t_service.clusterArn","value":"$for_cluster.item.clusterArn"},{"action":"assign","name":"assign_cluster_name","variable":"$t_service.clusterName","value":"$for_cluster.item.clusterName"},{"action":"system/Common/Array/Array Push","name":"add_service","inputs":[{"name":"array","value":"$result"},{"name":"item","value":"{\n    \"concert\": {\n        \"applicationName\": $t_service.serviceName,\n        \"applicationCriticality\": 5,\n        \"applicationDataAssessmentImpactRisk\": 5\n    },\n    \"data\": $t_service\n}"}]}]}]}],"variables":[{"name":"in_discovery_result","required":true,"isInput":true,"isOutput":false,"level":"INTERMEDIATE","type":{"type":"array"},"value":"[]"},{"name":"result","required":false,"isInput":false,"isOutput":true,"level":"INTERMEDIATE","type":{"type":"array"},"value":"[]"},{"name":"debug","required":false,"isInput":false,"isOutput":true,"level":"INTERMEDIATE","type":{"type":"array"},"value":"[]"},{"name":"success","required":false,"isInput":false,"isOutput":true,"level":"INTERMEDIATE","type":{"type":"boolean"},"value":"false"},{"name":"error","required":false,"isInput":false,"isOutput":true,"level":"INTERMEDIATE","type":{"type":"array"},"value":"[]"},{"name":"t_service","required":false,"isInput":false,"isOutput":false,"level":"INTERMEDIATE","type":{"type":"object"},"value":"{}"}],"meta":{"workerGroup":"default","layout":"flow","version":5,"created":1771278474047,"lastUpdated":1771278474047,"updatedByUsername":"admin","numberOfBlocks":6},"finally":null}