{"name":"Discover Container Image Metrics","platform":"node","hash":"QolAxzr9C0H+5GTa6hc/LDGvnC9CkcckPpdZ49ZBWi4=","blocks":[{"name":"Function_4","function":"const missingFields = [];\n\nif (!$hub_auth_pliant) missingFields.push(\"hub_auth_pliant\");\nif (!$env_name) missingFields.push(\"env\");\nif (!$vmAuth) missingFields.push(\"SSH/SSM authentication\");\n\nif (missingFields.length > 0) {\n  throw new Error(\n    `400 Bad Request: Missing required input field(s): ${missingFields.join(\", \")}`\n  );\n}\n"}, {"action":"./utils/discoverAppSbomsVm","name":"DiscoverAppUpload","inputs":[{"name":"env","value":"$env_name"},{"name":"data_type","value":"$input_json.datatype"},{"name":"vmAuth","value":"$vmAuth"},{"name":"docker_command","value":"$input_json.docker_command"},{"name":"InstanceID","value":"$InstanceID"},{"name":"ssmEnabled","value":"$ssmEnabled"},{"name":"region","value":"$region"},{"name":"documentName","value":"$documentName"}]}, {"action":"if","name":"If_2","condition":"$DiscoverAppUpload.result.length > 0 && $DiscoverAppUpload.result.every(item => item.result.job_data.message === \"202 Accepted\")","then":[{"action":"foreach","name":"ForEachSbom","list":"$DiscoverAppUpload.result","blocks":[{"action":"./utils/searchUploadedSbomStatus","name":"sbomStatus","inputs":[{"name":"event_id","value":"$ForEachSbom.item.result[\"event_ids\"][0]"}]},{"action":"assign","name":"Assign_2","variable":"$search_result","value":"$search_result.concat([{\n    \"result\": $sbomStatus.result.toc_records[0].status\n}])"}]},{"action":"if","name":"If_1","condition":"$search_result.every(item => item.result === \"processing_completed\")","then":[{"action":"if","name":"CheckSSM","condition":"$ssmEnabled === true","then":[{"name":"Split_1","action":"split","branches":[{"blocks":[{"action":"system/AWS/ssm/Send Command","name":"SSM_evaulateMetricsfromVm","inputs":[{"name":"authKey","value":"$vmAuth"},{"name":"region","value":"$region"},{"name":"body","value":"{\n    \"InstanceIds\": $InstanceID,\n    \"DocumentName\": $documentName,\n\n    \"Parameters\": {\n        \"commands\": [\n            $input_json.docker_command + ` images --format \"{{.Repository}}:{{.Tag}}\\t{{.ID}}\\t{{.Size}}\" | while IFS=$'\\t' read -r repo id size; do layers=$(` + $input_json.docker_command + ` history --no-trunc --format '{{.ID}}' $id | wc -l); echo -e \"$repo\\t$size\\t$layers\"; done`\n        ]\n    }\n}"}]},{"action":"system/Common/Sleep","name":"Sleep_1","inputs":[{"name":"seconds","value":"10"}]},{"action":"system/AWS/ssm/List Command Invocations","name":"AWS_1","inputs":[{"name":"authKey","value":"$vmAuth"},{"name":"region","value":"$region"},{"name":"body","value":"{\n    \"Details\": true,\n    \"CommandId\": $SSM_evaulateMetricsfromVm.result.Command.CommandId\n}"}]},{"action":"if","name":"CheckMetrics","condition":"$AWS_1.result.CommandInvocations[0].CommandPlugins[0].Status == \"Success\"","then":[{"action":"assign","name":"Assign_5","variable":"$ssmResult.SSM_evaulateMetricsfromVm","value":"$AWS_1.result.CommandInvocations[0].CommandPlugins[0].Output.trim()"}],"else":[{"name":"Function_1_2","function":"\nthrow new Error(\n  `SSM command did not succeed. Status: ${$SSM_evaulateMetricsfromVm.result.Command.Status}`\n);\n\n"}]}]},{"blocks":[{"action":"system/AWS/ssm/Send Command","name":"SSM_evaluateCpuLimitMetrics","inputs":[{"name":"authKey","value":"$vmAuth"},{"name":"region","value":"$region"},{"name":"body","value":"{\n    \"InstanceIds\": $InstanceID,\n    \"DocumentName\": $documentName,\n\n    \"Parameters\": {\n        \"commands\": [\n            $input_json.docker_command + ` ps --format \"{{.ID}}\\t{{.Image}}\" | while IFS=$'\\t' read -r id image; do\n          inspect=$(` + $input_json.docker_command + ` inspect --format '{{.HostConfig.NanoCpus}} {{.HostConfig.Memory}}' \"$id\")\n          echo -e \"$image\\t$inspect\"\n          done`\n        ]\n    }\n}"}]},{"action":"system/Common/Sleep","name":"Sleep_2","inputs":[{"name":"seconds","value":"10"}]},{"action":"system/AWS/ssm/List Command Invocations","name":"AWS_3","inputs":[{"name":"authKey","value":"$vmAuth"},{"name":"region","value":"$region"},{"name":"body","value":"{\n    \"Details\": true,\n    \"CommandId\": $SSM_evaluateCpuLimitMetrics.result.Command.CommandId\n}"}]},{"action":"if","name":"CheckCpu","condition":"$AWS_3.result.CommandInvocations[0].CommandPlugins[0].Status == \"Success\"","then":[{"action":"assign","name":"Assign_8","variable":"$ssmResult.SSM_evaluateCpuLimitMetrics","value":"$AWS_3.result.CommandInvocations[0].CommandPlugins[0].Output.trim()"}],"else":[{"name":"Function_1","function":"\nthrow new Error(\n  `SSM command did not succeed. Status: ${$SSM_evaluateCpuLimitMetrics.result.Command.Status}`\n);\n\n"}]}]},{"blocks":[{"action":"system/AWS/ssm/Send Command","name":"SSM_evaluateContainerMetadataMetrics","inputs":[{"name":"authKey","value":"$vmAuth"},{"name":"region","value":"$region"},{"name":"body","value":"{\n    \"InstanceIds\": $InstanceID,\n    \"DocumentName\": $documentName,\n\n    \"Parameters\": {\n        \"commands\": [$input_json.docker_command + ` ps -q | while read cid; do\n    image=$(` + $input_json.docker_command + ` inspect --format '{{.Config.Image}}' \"$cid\")\n    user=$(` + $input_json.docker_command + ` inspect --format '{{.Config.User}}' \"$cid\")\n    [[ -z \"$user\" || \"$user\" == \"0\" || \"$user\" == \"root\" ]] && echo \"$image ROOT_USER\" >> /tmp/container_metrics\n\n    ` + $input_json.docker_command + ` inspect --format '{{range .Config.Env}}{{println .}}{{end}}' \"$cid\" | grep -Ei 'SECRET|TOKEN|KEY' &>/dev/null\n    [[ $? -eq 0 ]] && echo \"$image ENV_SECRET\" >> /tmp/container_metrics\n\n    net_mode=$(` + $input_json.docker_command + ` inspect --format '{{.HostConfig.NetworkMode}}' \"$cid\")\n    [[ \"$net_mode\" != \"bridge\" && \"$net_mode\" != \"host\" && \"$net_mode\" != \"none\" ]] && echo \"$image CUSTOM_NET\" >> /tmp/container_metrics\n\n    policy=$(` + $input_json.docker_command + ` inspect --format '{{.HostConfig.RestartPolicy.Name}}' \"$cid\")\n    [[ -z \"$policy\" ]] && echo \"$image NO_RESTART_POLICY\" >> /tmp/container_metrics\n\n    echo \"$image TOTAL_CONTAINER\" >> /tmp/container_metrics\ndone\n\ncat /tmp/container_metrics\n`]\n    }\n}"}]},{"action":"system/Common/Sleep","name":"Sleep_3","inputs":[{"name":"seconds","value":"10"}]},{"action":"system/AWS/ssm/List Command Invocations","name":"AWS_2","inputs":[{"name":"authKey","value":"$vmAuth"},{"name":"region","value":"$region"},{"name":"body","value":"{\n    \"Details\": true,\n    \"CommandId\": $SSM_evaluateContainerMetadataMetrics.result.Command.CommandId\n}"}]},{"action":"if","name":"CheckContainerMetrics","condition":"$AWS_2.result.CommandInvocations[0].CommandPlugins[0].Status == \"Success\"","then":[{"action":"assign","name":"Assign_9","variable":"$ssmResult.SSM_evaluateContainerMetadataMetrics","value":"$AWS_2.result.CommandInvocations[0].CommandPlugins[0].Output.trim()"}],"else":[{"name":"Function_1_1","function":"\nthrow new Error(\n  `SSM command did not succeed. Status: ${$SSM_evaluateContainerMetadataMetrics.result.Command.Status}`\n);\n\n"}]}]},{"blocks":[{"action":"system/AWS/ssm/Send Command","name":"SSM_runningImages","inputs":[{"name":"authKey","value":"$vmAuth"},{"name":"region","value":"$region"},{"name":"body","value":"{\n    \"InstanceIds\": $InstanceID,\n    \"DocumentName\": $documentName,\n\n    \"Parameters\": {\n        \"commands\": [$input_json.docker_command + ` ps --format \"{{.Image}}\"`]\n    }\n}"}]},{"action":"system/Common/Sleep","name":"Sleep_4","inputs":[{"name":"seconds","value":"10"}]},{"action":"system/AWS/ssm/List Command Invocations","name":"AWS_4","inputs":[{"name":"authKey","value":"$vmAuth"},{"name":"region","value":"$region"},{"name":"body","value":"{\n    \"Details\": true,\n    \"CommandId\": $SSM_runningImages.result.Command.CommandId\n}"}]},{"action":"if","name":"CheckRunningImages","condition":"$AWS_4.result.CommandInvocations[0].CommandPlugins[0].Status == \"Success\"","then":[{"action":"assign","name":"Assign_10","variable":"$ssmResult.SSM_runningImages","value":"$AWS_4.result.CommandInvocations[0].CommandPlugins[0].Output.trim()"}],"else":[{"name":"Function_1_1_1","function":"\nthrow new Error(\n  `SSM command did not succeed. Status: ${$SSM_runningImages.result.Command.Status}`\n);\n\n"}]}]}]}],"else":[{"name":"Split_2","action":"split","branches":[{"blocks":[{"action":"system/Common/SSH/SSH","name":"evaulateMetricsfromVm","inputs":[{"name":"authKey","value":"$vmAuth"},{"name":"command","value":"$input_json.docker_command + ` images --format \"{{.Repository}}:{{.Tag}}\\t{{.ID}}\\t{{.Size}}\" | while IFS=$'\\t' read -r repo id size; do layers=$(` + $input_json.docker_command + ` history --no-trunc --format '{{.ID}}' $id | wc -l); echo -e \"$repo\\t$size\\t$layers\"; done`"},{"name":"connectionPool","value":"true"}]}]},{"blocks":[{"action":"system/Common/SSH/SSH","name":"evaluateCpuLimitMetrics","inputs":[{"name":"authKey","value":"$vmAuth"},{"name":"command","value":"$input_json.docker_command + ` ps --format \"{{.ID}}\\t{{.Image}}\" | while IFS=$'\\t' read -r id image; do\n          inspect=$(` + $input_json.docker_command + ` inspect --format '{{.HostConfig.NanoCpus}} {{.HostConfig.Memory}}' \"$id\")\n          echo -e \"$image\\t$inspect\"\n        done`"}]}]},{"blocks":[{"action":"system/Common/SSH/SSH","name":"evaluateContainerMetadataMetrics","inputs":[{"name":"authKey","value":"$vmAuth"},{"name":"command","value":"$input_json.docker_command + ` ps -q | while read cid; do\n    image=$(` + $input_json.docker_command + ` inspect --format '{{.Config.Image}}' \"$cid\")\n    user=$(` + $input_json.docker_command + ` inspect --format '{{.Config.User}}' \"$cid\")\n    [[ -z \"$user\" || \"$user\" == \"0\" || \"$user\" == \"root\" ]] && echo \"$image ROOT_USER\" >> /tmp/container_metrics\n\n    ` + $input_json.docker_command + ` inspect --format '{{range .Config.Env}}{{println .}}{{end}}' \"$cid\" | grep -Ei 'SECRET|TOKEN|KEY' &>/dev/null\n    [[ $? -eq 0 ]] && echo \"$image ENV_SECRET\" >> /tmp/container_metrics\n\n    net_mode=$(` + $input_json.docker_command + ` inspect --format '{{.HostConfig.NetworkMode}}' \"$cid\")\n    [[ \"$net_mode\" != \"bridge\" && \"$net_mode\" != \"host\" && \"$net_mode\" != \"none\" ]] && echo \"$image CUSTOM_NET\" >> /tmp/container_metrics\n\n    policy=$(` + $input_json.docker_command + ` inspect --format '{{.HostConfig.RestartPolicy.Name}}' \"$cid\")\n    [[ -z \"$policy\" ]] && echo \"$image NO_RESTART_POLICY\" >> /tmp/container_metrics\n\n    echo \"$image TOTAL_CONTAINER\" >> /tmp/container_metrics\ndone\n\ncat /tmp/container_metrics\n`"}]}]},{"blocks":[{"action":"system/Common/SSH/SSH","name":"runningImages","inputs":[{"name":"authKey","value":"$vmAuth"},{"name":"command","value":"$input_json.docker_command + ` ps --format \"{{.Image}}\"`"}]}]}]}]},{"name":"transformMetric","function":"function transformMetric({ imageData, containerCpuLimitData, containerMetadata, runningImages = \"\" }) {\n    const lines = imageData.trim().split(\"\\n\");\n    const cpuLines = containerCpuLimitData.trim().split(\"\\n\");\n    const containerMetaLines = containerMetadata.trim().split(\"\\n\");\n\n    const normalizeImageName = (image) => image.split(\":\")[0];\n\n    const runningSet = new Set(\n        runningImages\n            .trim()\n            .split(\"\\n\")\n            .map(img => normalizeImageName(img.trim()))\n    );\n\n    const appMetrics = {};\n    const containerDetails = {};\n    const perAppMeta = {};\n\n    for (const line of containerMetaLines) {\n        const [image, metric] = line.trim().split(/\\s+/);\n        if (!runningSet.has(normalizeImageName(image))) continue;\n\n        const app = extractAppName(image);\n        if (!app) continue;\n\n        perAppMeta[app] ??= {\n            total: 0,\n            root: 0,\n            env_secret: 0,\n            custom_net: 0,\n            no_restart: 0\n        };\n\n        switch (metric) {\n            case \"TOTAL_CONTAINER\":\n                perAppMeta[app].total++;\n                break;\n            case \"ROOT_USER\":\n                perAppMeta[app].root++;\n                break;\n            case \"ENV_SECRET\":\n                perAppMeta[app].env_secret++;\n                break;\n            case \"CUSTOM_NET\":\n                perAppMeta[app].custom_net++;\n                break;\n            case \"NO_RESTART_POLICY\":\n                perAppMeta[app].no_restart++;\n                break;\n        }\n    }\n\n    for (const line of lines) {\n        const [repo, sizeStr, layerStr] = line.trim().split(/\\t+/);\n        if (!repo || !sizeStr || !layerStr) continue;\n        if (!runningSet.has(normalizeImageName(repo))) continue;\n\n        let sizeMB = sizeStr.endsWith(\"GB\") ? parseFloat(sizeStr) * 1024 : parseFloat(sizeStr);\n        if (isNaN(sizeMB)) continue;\n\n        const layers = parseInt(layerStr, 10);\n        const app = extractAppName(repo);\n        if (!app) continue;\n\n        appMetrics[app] ??= {\n            totalImages: 0,\n            totalSize: 0,\n            maxSize: 0,\n            totalLayers: 0,\n            maxLayers: 0,\n\n            totalContainers: 0,\n            containersMissingLimit: 0,\n            containersMissingMemoryLimit: 0\n        };\n        containerDetails[app] ??= [];\n\n        appMetrics[app].totalImages++;\n        appMetrics[app].totalSize += sizeMB;\n        appMetrics[app].maxSize = Math.max(appMetrics[app].maxSize, sizeMB);\n        appMetrics[app].totalLayers += layers;\n        appMetrics[app].maxLayers = Math.max(appMetrics[app].maxLayers, layers);\n    }\n\n    for (const line of cpuLines) {\n        const [imageName, nanoCpus, memoryLimit] = line.trim().split(/\\t+/);\n        if (!runningSet.has(normalizeImageName(imageName))) continue;\n\n        const app = extractAppName(imageName);\n        if (!app) continue;\n\n        appMetrics[app] ??= {\n            totalImages: 0,\n            totalSize: 0,\n            maxSize: 0,\n            totalLayers: 0,\n            maxLayers: 0,\n\n            totalContainers: 0,\n            containersMissingLimit: 0,\n            containersMissingMemoryLimit: 0\n        };\n        containerDetails[app] ??= [];\n\n        appMetrics[app].totalContainers++;\n        if (parseInt(nanoCpus) === 0) {\n            appMetrics[app].containersMissingLimit++;\n        }\n        if (parseInt(memoryLimit) === 0) {\n            appMetrics[app].containersMissingMemoryLimit++;\n        }\n\n        const cpuInt = parseInt(nanoCpus);\n        const memInt = parseInt(memoryLimit);\n\n        const cpu = cpuInt ? `${cpuInt / 1_000_000}m` : \"0m\";\n        const memory = memInt ? `${Math.round(memInt / (1024 * 1024))}Mi` : \"0Mi\";\n\n        containerDetails[app].push({\n            component_name: app,\n            component_type: \"deployment\",\n            container_name: imageName,\n            values: [\n                { name: \"resources.limits.cpu\", value: cpu },\n                { name: \"resources.requests.cpu\", value: cpu },\n                { name: \"resources.limits.memory\", value: memory },\n                { name: \"resources.requests.memory\", value: memory }\n            ]\n        });\n    }\n\n    let result = {};\n    for (const app in appMetrics) {\n        const {\n            totalImages,\n            totalSize,\n            maxSize,\n            totalLayers,\n            maxLayers,\n            totalContainers,\n            containersMissingLimit,\n            containersMissingMemoryLimit\n        } = appMetrics[app];\n\n        const meta = perAppMeta[app] || {\n            total: 0,\n            root: 0,\n            env_secret: 0,\n            custom_net: 0,\n            no_restart: 0\n        };\n\n        result[app] = {\n            summary: {\n                average_number_image_layers: totalImages ? parseFloat((totalLayers / totalImages).toFixed(2)) : 0,\n                max_number_image_layers: maxLayers,\n                avg_image_size_mb: totalImages ? parseFloat((totalSize / totalImages).toFixed(2)) : 0,\n                max_image_size_mb: parseFloat(maxSize.toFixed(2)),\n\n                pct_containers_missing_cpu_limit: totalContainers ? parseFloat(((containersMissingLimit / totalContainers) * 100).toFixed(2)) : 0,\n                pct_containers_missing_memory_limit: totalContainers ? parseFloat(((containersMissingMemoryLimit / totalContainers) * 100).toFixed(2)) : 0,\n\n                pct_containers_running_as_root: meta.total ? parseFloat(((meta.root / meta.total) * 100).toFixed(2)) : 0,\n                num_env_specific_configs: meta.env_secret,\n                pct_containers_using_custom_network: meta.total ? parseFloat(((meta.custom_net / meta.total) * 100).toFixed(2)) : 0,\n                pct_containers_missing_restart_policy: meta.total ? parseFloat(((meta.no_restart / meta.total) * 100).toFixed(2)) : 0\n            },\n            data: containerDetails[app] || []\n        };\n    }\n\n    return result;\n}\n\nfunction extractAppName(imagePath) {\n    if (!imagePath || typeof imagePath !== \"string\") return null;\n\n    const pattern = /^(?:(?<registry>[\\w.-]+(?::\\d+)?)\\/)?(?:(?<repository>[\\w/-]+)\\/)?(?<image_name>[\\w.-]+)(?::(?<tag>[\\w.-]+))?(?:@(?<digest>[\\w.-:]+))?$/;\n    const match = imagePath.match(pattern);\n\n    if (!match || !match.groups) return null;\n\n    const { repository, image_name } = match.groups;\n\n    // Case 1: registry/org/app or org/app\n    if (repository) {\n        const parts = repository.split(\"/\");\n        return parts.length >= 2 ? parts[1] : parts[0];\n    }\n\n    // Case 2: bare image like \"abc\", \"nginx\", \"redis\"\n    if (image_name) {\n        return image_name;\n    }\n\n    return null;\n}\n\n\n$total = transformMetric($ssmEnabled ? {\n    imageData: $ssmResult.SSM_evaulateMetricsfromVm,\n    containerCpuLimitData: $ssmResult.SSM_evaluateCpuLimitMetrics,\n    containerMetadata: $ssmResult.SSM_evaluateContainerMetadataMetrics,\n    runningImages: $ssmResult.SSM_runningImages\n} : {\n    imageData: $evaulateMetricsfromVm.result,\n    containerCpuLimitData: $evaluateCpuLimitMetrics.result,\n    containerMetadata: $evaluateContainerMetadataMetrics.result,\n    runningImages: $runningImages.result\n});\n"},{"action":"foreach","name":"ForEachApplication","list":"Object.keys($total)","blocks":[{"action":"./utils/GetApplicationByAppName","name":"getAppId","inputs":[{"name":"app_name","value":"$ForEachApplication.item"}]},{"action":"./utils/profileLookup","name":"lookupProfile","inputs":[{"name":"profile_name","value":"$ForEachApplication.item + \"_profile\""}]},{"action":"if","name":"If_profile_exist","condition":"!$lookupProfile.result","then":[{"action":"./utils/cloneByProfileName","name":"CloneByName","inputs":[{"name":"default_profile_name","value":"$input_json.profile"},{"name":"custom_profile_name","value":"$ForEachApplication.item + \"_profile\""}]},{"action":"if","name":"If_3","condition":"$CloneByName.result.profile_name","then":[{"action":"assign","name":"Assign_1","variable":"$profile_name","value":"$CloneByName.result.profile_name"}],"else":[{"action":"throw","error":"\"Aborting: Unable to create profile\""}]}],"else":[{"action":"assign","name":"Assign_3","variable":"$profile_name","value":"$lookupProfile.result.name"}]},{"action":"./utils/CreatePosture","name":"posture","inputs":[{"name":"application_name","value":"$ForEachApplication.item"},{"name":"profile_name","value":"$profile_name"},{"name":"version","value":"\"1.0.0\""}]},{"action":"assign","name":"time","value":"Math.floor(Date.now())","variable":"$input_json.current_time"},{"action":"if","name":"If_8","condition":"$ssmEnabled === true","then":[{"action":"system/AWS/ssm/Send Command","name":"SSM_GetHostname","inputs":[{"name":"authKey","value":"$vmAuth"},{"name":"region","value":"$region"},{"name":"body","value":"{\n    \"InstanceIds\": $InstanceID,\n    \"DocumentName\": $documentName,\n\n    \"Parameters\": {\n        \"commands\": [`hostname`]\n    }\n}"}]},{"action":"system/Common/Sleep","name":"Sleep_5","inputs":[{"name":"seconds","value":"10"}]},{"action":"system/AWS/ssm/List Command Invocations","name":"AWS_6","inputs":[{"name":"authKey","value":"$vmAuth"},{"name":"region","value":"$region"},{"name":"body","value":"{\n    \"Details\": true,\n    \"CommandId\": $SSM_GetHostname.result.Command.CommandId\n}"}]},{"action":"if","name":"CheckHostname","condition":"$AWS_6.result.CommandInvocations[0].CommandPlugins[0].Status == \"Success\"","then":[{"action":"assign","name":"Assign_15","variable":"$ssmResult.SSM_GetHostnam","value":"$AWS_6.result.CommandInvocations[0].CommandPlugins[0].Output.trim()"}],"else":[{"name":"Function_1_2_1","function":"\nthrow new Error(\n  `SSM command did not succeed. Status: ${$SSM_GetHostname.result.Command.Status}`\n);\n\n"}]}],"else":[{"action":"system/Common/SSH/SSH","name":"GetHostname","inputs":[{"name":"authKey","value":"$vmAuth"},{"name":"command","value":"`hostname`"}]}]},{"action":"./utils/loadAssesment","name":"LoadAssesment","inputs":[{"name":"applicationName","value":"$ForEachApplication.item"},{"name":"profileName","value":"$profile_name"},{"name":"data","value":"$total[$ForEachApplication.item].summary"},{"name":"timestamp","value":"$input_json.current_time"},{"name":"origin_name","value":"$input_json.origin_name"},{"name":"origin_url","value":"\"\""},{"name":"applicationVersion","value":"\"1.0.0\""},{"name":"origin","value":"$input_json.origin"}]},{"name":"PrepareJsonForEL","function":"function prepareJsonForEL(app, profile, output) {\n    return {\n        \"data\": output.summary,\n        \"summary\": output.data,\n\n        \"context\": {\n            \"application_name\": app,\n            \"application_version\": \"1.0.0\",\n            \"profile_name\": profile,\n            \"lz_file_path\": \"\"\n        }\n    };\n};\n\n$el_json = JSON.stringify(\n    prepareJsonForEL($ForEachApplication.item, $profile_name, $total[$ForEachApplication.item])\n)"},{"action":"system/IBM/Concert/Evidence Store/Import Data to the Evidence Store","name":"load_data_to_evidence_store","inputs":[{"name":"file","value":"{\n    \"file_path\": $input_json.instance_id + \"/\" + $ForEachApplication.item + \"/\" + $input_json.current_time + \".json\",\n    \"file\": [$el_json]\n}"}]},{"action":"if","name":"If_9","condition":"$ssmEnabled === true","then":[{"action":"system/AWS/ssm/Send Command","name":"SSM_AppImageList","inputs":[{"name":"authKey","value":"$vmAuth"},{"name":"region","value":"$region"},{"name":"body","value":"{\n    \"InstanceIds\": $InstanceID,\n    \"DocumentName\": $documentName,\n\n    \"Parameters\": {\n        \"commands\": [\n            $input_json.docker_command + ` ps --format \"{{.Image}}\" | grep ` + $ForEachApplication.item\n        ]\n    }\n}"}]},{"action":"system/Common/Sleep","name":"Sleep_6","inputs":[{"name":"seconds","value":"10"}]},{"action":"system/AWS/ssm/List Command Invocations","name":"AWS_7","inputs":[{"name":"authKey","value":"$vmAuth"},{"name":"region","value":"$region"},{"name":"body","value":"{\n    \"Details\": true,\n    \"CommandId\": $SSM_AppImageList.result.Command.CommandId\n}"}]},{"action":"if","name":"CheckAppImageList","condition":"$AWS_7.result.CommandInvocations[0].CommandPlugins[0].Status == \"Success\"","then":[{"action":"assign","name":"Assign_16","variable":"$ssmResult.SSM_AppImageList","value":"$AWS_7.result.CommandInvocations[0].CommandPlugins[0].Output.trim()"}],"else":[{"name":"Function_1_2_1_1","function":"\nthrow new Error(\n  `SSM command did not succeed. Status: ${$SSM_AppImageList.result.Command.Status}`\n);\n\n"}]}],"else":[{"action":"system/Common/SSH/SSH","name":"AppImageList","inputs":[{"name":"authKey","value":"$vmAuth"},{"name":"command","value":"$input_json.docker_command + ` ps --format \"{{.Image}}\" | grep ` + $ForEachApplication.item"}]}]},{"action":"assign","name":"Assign_17","variable":"$appImageListStr","value":"$ssmEnabled ? $ssmResult.SSM_AppImageList : $AppImageList.result"},{"action":"assign","name":"Assign_4","variable":"$application","value":"{\n    \"app_name\": $ForEachApplication.item,\n    \"image_list\": $appImageListStr.trim().split(\"\\n\").filter(x => x.trim() !== \"\"),\n    \"profile_name\": $profile_name,\n    \"version\": \"1.0.0\"\n}"},{"action":"assign","name":"Assign_7","value":"$apps.concat([$application])","variable":"$apps"},{"action":"assign","name":"finalOutput","variable":"$output","value":"$output.concat([{\n    \"application\": $ForEachApplication.item,\n    \"application_id\": $getAppId.result,\n    \"assessment\": $LoadAssesment.result,\n    \"summary\": $total[$ForEachApplication.item].summary,\n    \"el_file_path\": \"0000-0000-0000-0000/\" + $ForEachApplication.item + \"/\" + $input_json.current_time + \".json\"\n}])"}]},{"action":"system/Pliant/exposure-controller/triggerExposure","name":"Pliant_1","inputs":[{"name":"authKey","value":"$hub_auth_pliant"},{"name":"path","value":"\"/scan_images\""},{"name":"jsonNode","value":"{\n    \"ssh_auth\": $vmAuth,\n    \"applicationsImagesList\": $apps,\n    \"ssmEnabled\": $ssmEnabled,\n    \"region\": $region,\n    \"documentName\": $documentName,\n    \"instanceID\": $InstanceID\n}"}]}],"else":[{"action":"throw","error":"\"Aborting : Application sbom is not having status processing completed\""}]},{"action":"assign","name":"Assign_6","variable":"$result","value":"{\n    \"status\": \"success\",\n    \"output\": $output,\n    \"scan_output\": $Pliant_1.result,\n    \"statusCode\": $DiscoverAppUpload.result[0].result.statusCode\n}"}],"else":[{"action":"assign","name":"error1","variable":"$result","value":"{\n    \"statusCode\": $DiscoverAppUpload.result.length > 0 && $DiscoverAppUpload.result[0].result.statusCode || \"404\",\n    \"message\": $DiscoverAppUpload.result.length > 0 && $DiscoverAppUpload.result[0].result.result || \"No container images were found.\",\n    \"status\": \"error\"\n}"}]}],"variables":[{"name":"total","required":false,"isInput":false,"isOutput":false,"level":"INTERMEDIATE","type":{"type":"object"},"value":"{}"},{"name":"hub_auth_pliant","required":true,"isInput":true,"isOutput":false,"level":"INTERMEDIATE","type":{"type":"string"},"value":"\"\"","meta":{"authType":"Pliant/HubSelf","subType":"authentication"}},{"name":"env_name","required":true,"isInput":true,"isOutput":false,"level":"INTERMEDIATE","type":{"type":"string"},"value":"\"\"","meta":{"description":"For which the app sbom will be created"}},{"name":"input_json","required":false,"isInput":false,"isOutput":false,"level":"INTERMEDIATE","type":{"type":"object"},"value":"{\n    \"origin_name\": \"container_scanner\",\n    \"datatype\": \"application_sbom\",\n    \"origin\": \"APM\",\n    \"profile\": \"docker_containers_profile\",\n    \"current_time\": 0,\n    \"docker_command\": \"docker\",\n    \"instance_id\": \"0000-0000-0000-0000\"\n}","meta":{"description":"some predefined variables"}},{"name":"output","required":false,"isInput":false,"isOutput":false,"level":"INTERMEDIATE","type":{"type":"array"},"value":"[]"},{"name":"search_result","required":false,"isInput":false,"isOutput":true,"level":"INTERMEDIATE","type":{"type":"array"},"value":"[]"},{"name":"el_json","required":false,"isInput":false,"isOutput":false,"level":"INTERMEDIATE","type":{"type":"string"},"value":"\"\""},{"name":"profile_name","required":false,"isInput":false,"isOutput":true,"level":"INTERMEDIATE","type":{"type":"string"},"value":"\"\""},{"name":"application","required":false,"isInput":false,"isOutput":false,"level":"INTERMEDIATE","type":{"type":"object"},"value":"{}"},{"name":"apps","required":false,"isInput":false,"isOutput":false,"level":"INTERMEDIATE","type":{"type":"array"},"value":"[]"},{"name":"result","required":false,"isInput":false,"isOutput":true,"level":"INTERMEDIATE","type":{"type":"object"},"value":"{}"},{"name":"InstanceID","required":false,"isInput":true,"isOutput":false,"level":"INTERMEDIATE","type":{"type":"array"},"value":"[]"},{"name":"region","required":false,"isInput":true,"isOutput":false,"level":"INTERMEDIATE","type":{"type":"string"},"value":"\"\""},{"name":"ssmEnabled","required":true,"isInput":true,"isOutput":false,"level":"INTERMEDIATE","type":{"type":"boolean"},"value":"false"},{"name":"documentName","required":false,"isInput":true,"isOutput":false,"level":"INTERMEDIATE","type":{"type":"string"},"value":"\"\""},{"name":"ssmResult","required":false,"isInput":false,"isOutput":false,"level":"INTERMEDIATE","type":{"type":"object"},"value":"{\n  \"SSM_evaulateMetricsfromVm\": \"\",\n  \"SSM_evaluateCpuLimitMetrics\": \"\",\n  \"SSM_evaluateContainerMetadataMetrics\": \"\",\n  \"SSM_runningImages\": \"\",\n  \"SSM_GetHostname\": \"\",\n  \"SSM_AppImageList\": \"\"\n}\n"},{"name":"appImageListStr","required":false,"isInput":false,"isOutput":false,"level":"INTERMEDIATE","type":{"type":"string"},"value":"\"\""},{"name":"vmAuth","required":true,"isInput":true,"isOutput":false,"level":"INTERMEDIATE","type":{"type":"string"},"value":"\"\"","meta":{"authType":["AWS","Common/SSH"],"subType":"authentication"}}],"meta":{"workerGroup":"default","created":1771278555896,"lastUpdated":1771278600080,"layout":"flow","updatedByUsername":"admin","numberOfBlocks":85,"version":5,"tags":[{"name":"Consumer","value":"Concert"},{"name":"Concert version","value":"2.3.0"},{"name":"Category","value":"Resilience"}]},"finally":null}