{"name":"2 - os_tomcat_get_jmx_port","platform":"node","hash":"vT7vS9hjqZ/D1nih9EsnPwTDP6YbREyL2X+/QLrswdE=","blocks":[{"action":"try","name":"Try_1","try":[{"action":"foreach","name":"for_processInTomcatProcesses","list":"$in_tomcat_process","blocks":[{"action":"foreach","name":"for_notsudosudo","list":"[\"\", \"sudo \"]","blocks":[{"action":"system/Common/SSH/SSH","name":"ssh_getApplicationPropertiesFiles","inputs":[{"name":"authKey","value":"$in_server_authKey"},{"name":"command","value":"`${$for_notsudosudo.item}ls -1 ${$for_processInTomcatProcesses.item.catalina_home}/conf/server.xml`"},{"name":"host","value":"$in_server_host"},{"name":"port","value":"$in_ssh_port"}]},{"action":"if","name":"If_2","condition":"$ssh_getApplicationPropertiesFiles.exitcode == 0","then":[{"action":"break"}],"else":[]}]},{"action":"if","name":"If_1","condition":"$ssh_getApplicationPropertiesFiles.exitcode == 0","then":[],"else":[{"action":"system/Common/Array/Array Push","name":"ArrayPush_2","inputs":[{"name":"array","value":"$error"},{"name":"item","value":"$ssh_getApplicationPropertiesFiles.error"}]},{"action":"throw","error":"\"Failed to get files.\""}]},{"action":"system/Common/String/String Split","name":"stsp_splitGetApplicationPropertieFiles","inputs":[{"name":"str","value":"$ssh_getApplicationPropertiesFiles.result"},{"name":"separator","value":"\"\\n\""}]},{"action":"foreach","name":"for_fileInFiles","list":"$stsp_splitGetApplicationPropertieFiles.result","blocks":[{"action":"if","name":"If_fileIsNotBlank","condition":"($for_fileInFiles.item != \"\")","then":[],"else":[{"action":"continue"}]},{"action":"foreach","name":"for_notsudosudo_0","list":"[\"\", \"sudo \"]","blocks":[{"action":"system/Common/SSH/SSH","name":"ssh_cat_server_conf","inputs":[{"name":"authKey","value":"$in_server_authKey"},{"name":"command","value":"`${$for_notsudosudo.item}cat ${$for_processInTomcatProcesses.item.catalina_home}/conf/server.xml`"},{"name":"host","value":"$in_server_host"},{"name":"port","value":"$in_ssh_port"}]},{"action":"if","name":"If_3","condition":"$ssh_cat_server_conf.exitcode == 0","then":[{"action":"break"}],"else":[]}]},{"action":"if","name":"If_cat_server_conf_success","condition":"$ssh_cat_server_conf.exitcode == 0","then":[],"else":[{"action":"system/Common/Array/Array Push","name":"ArrayPush_3","inputs":[{"name":"array","value":"$error"},{"name":"item","value":"$ssh_cat_server_conf.error"}]},{"action":"throw","error":"\"Failed to get server configuration from \" + $in_server_host + \".\""}]},{"action":"system/Common/XML/XML to JSON","name":"XMLtoJSON_1","inputs":[{"name":"xml","value":"$ssh_cat_server_conf.result"}]},{"name":"Function_1_1","function":"const server_conf = $XMLtoJSON_1.result;\nvar service = server_conf.Server[\"Service\"].find((element) => element[\"$\"].name == \"Catalina\")\nvar connectors = []\nfor (var connector of service[\"Connector\"]) {\n    var conn = {\n        \"port\": connector[\"$\"].port,\n        \"protocol\": connector[\"$\"].protocol,\n        \"SSLEnabled\": false,\n    }\n    if (\"connectionTimeout\" in connector[\"$\"]) {\n        conn[\"connectionTimeout\"] = connector[\"$\"].connectionTimeout\n    }\n    if (\"redirectPort\" in connector[\"$\"]) {\n        conn[\"redirectPort\"] = connector[\"$\"].redirectPort\n    } \n    if (\"maxThreads\" in connector[\"$\"]) {\n        conn[\"maxThreads\"] = connector[\"$\"].maxThreads\n    } \n    if (\"SSLEnabled\" in connector[\"$\"] && connector[\"$\"][\"SSLEnabled\"] === \"true\") {\n        conn[\"SSLEnabled\"] = true\n    }\n    connectors.push(conn);\n}\nvar process = $for_processInTomcatProcesses.item\nprocess[\"catalina_connectors\"] = connectors\n$result.push(process)\n\n"}]}]}],"catch":[{"action":"system/Common/Array/Array Push","name":"push_errorMessage","inputs":[{"name":"array","value":"$error"},{"name":"item","value":"$Try_1.message"}]},{"action":"assign","name":"asgn_failure","variable":"$success","value":"false"}]}],"variables":[{"name":"in_server_authKey","required":true,"isInput":true,"isOutput":false,"level":"INTERMEDIATE","type":{"type":"string"},"value":"\"\""},{"name":"in_server_host","required":true,"isInput":true,"isOutput":false,"level":"INTERMEDIATE","type":{"type":"string"},"value":"\"\""},{"name":"in_tomcat_process","required":true,"isInput":true,"isOutput":false,"level":"INTERMEDIATE","type":{"type":"array"},"value":"[]"},{"name":"in_ssh_port","required":true,"isInput":true,"isOutput":false,"level":"INTERMEDIATE","type":{"type":"number"},"value":"22"},{"name":"result","required":false,"isInput":false,"isOutput":true,"level":"INTERMEDIATE","type":{"type":"array"},"value":"[]"},{"name":"debug","required":false,"isInput":false,"isOutput":true,"level":"INTERMEDIATE","type":{"type":"array"},"value":"[]"},{"name":"success","required":false,"isInput":false,"isOutput":true,"level":"INTERMEDIATE","type":{"type":"boolean"},"value":"true"},{"name":"error","required":false,"isInput":false,"isOutput":true,"level":"INTERMEDIATE","type":{"type":"array"},"value":"[]"},{"name":"t_catalina_homes","required":false,"isInput":false,"isOutput":false,"level":"INTERMEDIATE","type":{"type":"array"},"value":"[]"}],"meta":{"workerGroup":"default","layout":"flow","version":5,"lastUpdated":1772006125105,"updatedByUsername":"anton.cholakov","numberOfBlocks":24,"created":1772006125105},"finally":null}