{"name":"2 - dis_process_discovery","platform":"node","hash":"BRwMrNjYBsSosuyTC4tvI0uzsxN93ncLzoVWHw5v8aY=","blocks":[{"action":"try","name":"Try_1","try":[{"action":"if","name":"If_auth","condition":"$in_is_concert_vault","then":[],"else":[{"action":"system/Common/Array/Array Push","name":"push_not_implemented","inputs":[{"name":"array","value":"$debug"},{"name":"item","value":"\"hardcodded cred not implemented\""}]},{"action":"throw","error":""}]},{"action":"system/Common/SSH/SSH","name":"ssh_ps","inputs":[{"name":"authKey","value":"$in_server_authkey"},{"name":"command","value":"$t_cmd"},{"name":"host","value":"$in_server_host"},{"name":"port","value":"$in_ssh_port"}]},{"action":"if","name":"If_1","condition":"$ssh_ps.success","then":[],"else":[{"action":"system/Common/Array/Array Push","name":"ArrayPush_1","inputs":[{"name":"array","value":"$error"},{"name":"item","value":"$ssh_ps.error"}]},{"action":"throw","error":"\"Failed to run ps on \" + $in_server_host + \".\""}]},{"action":"assign","name":"asgn_ssh_result","variable":"$result","value":"$ssh_ps.result"},{"name":"prse_toJSON","function":"const lines = $result.split('\\n')\nconst lns = []\nconst obs = []\nconst regex = /\\s+/g\nfor (const line of lines)\n\tlns.push(line.replaceAll(regex, ',').split(','));\nfor (const ln of lns) {\n\tif (ln[0] == \"\" || ln[0] == \"UID\") {\n\t\tcontinue;\n  }\n\tconst ob = {\n  \t\"user\": ln[0],\n    \"pid\": ln[1],\n    \"priviledged\": false,\n    \"isService\": false,\n    \"layer\": \"proc\",\n    \"cmd\": ln.slice(7)\n  };\n  obs.push(ob);\n}\n$result = obs\n"},{"name":"fltr_byLayer","function":"const obs = $result\nconst jvms = []\nconst tomcats = []\nconst procs = []\nfor (const ob of obs) {\n    if (ob.cmd.join(\" \").includes(\"tomcat\") && ob.cmd[0].includes(\"java\")) {\n        ob.layer = \"tomcat\"\n        ob['catalina_base'] = \"\"\n        ob['catalina_home'] = \"\"\n        const base = ob.cmd.find((e) => e.slice(0,16) === \"-Dcatalina.base=\")\n        if (base === undefined) {\n            $t_tomcat_arg_parse_success = false;\n            $error.push(\"tomcat process was not found to have -Dcatalina.base=\")\n        } else {\n            ob['catalina_base'] = base.slice(16)\n        }\n        const home = ob.cmd.find((e) => e.slice(0,16) === \"-Dcatalina.home=\")\n        if (home === undefined) {\n            $t_tomcat_arg_parse_success = false;\n            $error.push(\"tomcat process was not found to have -Dcatalina.home=\")\n        } else {\n            ob['catalina_home'] = home.slice(16)\n        }\n        tomcats.push(ob)\n    } else if (ob.cmd[0].includes(\"jvm\")) {\n        ob.layer = \"jvm\"\n        jvms.push(ob)\n    } else {\n        procs.push(ob)\n    }\n}\n$result = {\"procs\": procs, \"jvms\": jvms, \"tomcats\": tomcats}\n"},{"action":"if","name":"if_tomcatArgParseSuccess","condition":"$t_tomcat_arg_parse_success","then":[],"else":[{"action":"throw","error":"\"\""}]}],"catch":[{"action":"system/Common/Array/Array Push","name":"push_errorMessage","inputs":[{"name":"array","value":"$error"},{"name":"item","value":"$Try_1.message"}]},{"action":"assign","name":"asgn_failure_catch","variable":"$success","value":"false"}]}],"variables":[{"name":"in_is_concert_vault","required":true,"isInput":true,"isOutput":false,"level":"INTERMEDIATE","type":{"type":"boolean"},"value":"true"},{"name":"in_server_authkey","required":true,"isInput":true,"isOutput":false,"level":"INTERMEDIATE","type":{"type":"string"},"value":"\"ibmconcert/ubuntu_service_account\""},{"name":"in_server_host","required":true,"isInput":true,"isOutput":false,"level":"INTERMEDIATE","type":{"type":"string"},"value":"\"\""},{"name":"in_ssh_port","required":true,"isInput":true,"isOutput":false,"level":"INTERMEDIATE","type":{"type":"number"},"value":"22"},{"name":"result","required":false,"isInput":false,"isOutput":true,"level":"INTERMEDIATE","type":{"type":"array"},"value":"[]"},{"name":"success","required":false,"isInput":false,"isOutput":true,"level":"INTERMEDIATE","type":{"type":"boolean"},"value":"true"},{"name":"error","required":false,"isInput":false,"isOutput":true,"level":"INTERMEDIATE","type":{"type":"array"},"value":"[]"},{"name":"debug","required":false,"isInput":false,"isOutput":true,"level":"INTERMEDIATE","type":{"type":"array"},"value":"[]"},{"name":"t_cmd","required":false,"isInput":false,"isOutput":false,"level":"INTERMEDIATE","type":{"type":"string"},"value":"\"ps -ef | grep java\""},{"name":"t_tomcat_arg_parse_success","required":false,"isInput":false,"isOutput":false,"level":"INTERMEDIATE","type":{"type":"boolean"},"value":"true"}],"meta":{"workerGroup":"default","layout":"flow","version":5,"lastUpdated":1772006125115,"updatedByUsername":"anton.cholakov","numberOfBlocks":15,"created":1772006125115},"finally":null}