{"name":"3-sel-app-grouping","platform":"node","hash":"4s+F33hBgB/zLCydtnvw/Fv60Y+G2+VXTnRqwfjUzec=","blocks":[{"action":"foreach","name":"For_clusters","list":"$in_discovery_result","blocks":[{"action":"foreach","name":"For_services","list":"$For_clusters.item.services","blocks":[{"action":"assign","name":"Assign_1","variable":"$t_service","value":"$For_services"},{"action":"foreach","name":"For_applications","list":"$in_application_discovery.applications","blocks":[{"action":"if","name":"If_multi_service_in_disc","condition":"typeof $For_applications.item.ecs.services == \"object\" && $For_applications.item.ecs.services.length != 0","then":[{"action":"system/Common/Array/Array IndexOf","name":"Array_index_of_service_name","inputs":[{"name":"haystack","value":"$For_applications.item.ecs.services"},{"name":"needle","value":"$t_service.item.serviceName"}]},{"action":"if","name":"If_1","condition":"$Array_index_of_service_name.result != -1","then":[{"action":"./3-create-selection-grouping","name":"create_grouping_multi_service","inputs":[{"name":"in_service","value":"$t_service.item"},{"name":"in_cluster_details","value":"$For_clusters.item"},{"name":"in_application_discovery","value":"$For_applications.item"}]},{"action":"system/Common/Array/Array Push","name":"ArrayPush_3","inputs":[{"name":"array","value":"$result"},{"name":"item","value":"$create_grouping_multi_service.result[0]"}]}],"else":[]}],"else":[{"action":"if","name":"If_tags_given_in_disc","condition":"$t_service.item.rawData.taskDefinition.tags.length != 0 && $t_service.item.rawData.taskDefinition.tags.length === $For_applications.item.ecs.tags.length && [...$t_service.item.rawData.taskDefinition.tags].sort().every((val, i) => val === [...$For_applications.item.ecs.tags].sort()[i])","then":[{"action":"./3-create-selection-grouping","name":"create_grouping_tags","inputs":[{"name":"in_service","value":"$t_service.item"},{"name":"in_cluster_details","value":"$For_clusters.item"}]},{"action":"system/Common/Array/Array Push","name":"ArrayPush_1","inputs":[{"name":"array","value":"$result"},{"name":"item","value":"$create_grouping_tags.result[0]"}]}],"else":[]}]}]}]}]}],"variables":[{"name":"in_application_discovery","required":true,"isInput":true,"isOutput":false,"level":"INTERMEDIATE","type":{"type":"object"},"value":"{}"},{"name":"in_discovery_result","required":true,"isInput":true,"isOutput":false,"level":"INTERMEDIATE","type":{"type":"array"},"value":"[]"},{"name":"result","required":false,"isInput":false,"isOutput":true,"level":"INTERMEDIATE","type":{"type":"array"},"value":"[]"},{"name":"debug","required":false,"isInput":false,"isOutput":true,"level":"INTERMEDIATE","type":{"type":"array"},"value":"[]"},{"name":"success","required":false,"isInput":false,"isOutput":true,"level":"INTERMEDIATE","type":{"type":"boolean"},"value":"false"},{"name":"error","required":false,"isInput":false,"isOutput":true,"level":"INTERMEDIATE","type":{"type":"array"},"value":"[]"},{"name":"t_service","required":false,"isInput":false,"isOutput":false,"level":"INTERMEDIATE","type":{"type":"object"},"value":"{}"}],"meta":{"workerGroup":"default","layout":"flow","version":5,"lastUpdated":1763475817982,"updatedByUsername":"ibmconcert","numberOfBlocks":12,"created":1763475817982},"finally":null}