{"name":"Discover IBM Data power certificates  with services","platform":"node","hash":"ZucfTuTzHKmfUuhSBFZ77ddXe+1gcAy6Qyh8TLpC3zQ=","blocks":[{"action":"if","name":"EnvNameCheck","condition":"!$env_name","then":[{"action":"throw","error":"' \"400 Bad Request\" \\n {\"error\": \"Missing required field: env_name\"}'"}],"else":[{"action":"comment","value":"Looping through each power services to get the certificate data "},{"action":"foreach","name":"ForEachPowerService","list":"$powerservices","blocks":[{"action":"assign","name":"powerservice","variable":"$eachpowerservice","value":"$ForEachPowerService.item"},{"action":"comment","value":"Fetching default configuration of service "},{"action":"system/Common/HTTP/HTTP Request","name":"GetPowerserviceItem","inputs":[{"name":"method","value":"\"GET\""},{"name":"host","value":"$host_name"},{"name":"protocol","value":"\"https\""},{"name":"port","value":"5554"},{"name":"path","value":"\"/mgmt/config/default/\" + $ForEachPowerService.item"},{"name":"authKey","value":"$service_auth"}]},{"action":"assign","name":"PowerServiceName","variable":"$name","value":"$GetPowerserviceItem.result[$ForEachPowerService.item].name"},{"action":"system/Common/Array/Array Push","name":"PushToService","inputs":[{"name":"array","value":"$service"},{"name":"item","value":"\"/mgmt/config/default/\" + $ForEachPowerService.item"}]},{"action":"comment","value":"fetching all the properties of service including certificate details"},{"action":"system/Common/HTTP/HTTP Request","name":"GetAllproperties","inputs":[{"name":"method","value":"\"GET\""},{"name":"host","value":"$host_name"},{"name":"protocol","value":"\"https\""},{"name":"port","value":"5554"},{"name":"path","value":"\"/mgmt/config/default/\"+ $ForEachPowerService.item +\"/\" + $name"},{"name":"query","value":"\"view=recursive\""},{"name":"authKey","value":"$service_auth"}]},{"action":"comment","value":"Parsing the SSL profile details from the response"},{"name":"ProfileDetails","function":"let descendants = $GetAllproperties.result._embedded.descendants;\n $server_profile = \"\";\n\nfor (let i = 0; i < descendants.length; i++) {\n  const profile = descendants[i];\n  const href = profile?.SSLClientProfile?.Idcred?.href || profile?.SSLServerProfile?.Idcred?.href;\n\n  if (href) {\n    $server_profile = href;\n    break; // Stop after finding the first matching profile\n  }\n}"},{"action":"if","name":"ServiceProfileCheck","condition":"$server_profile != \"\"","then":[{"action":"comment","value":"Getting the certificate name for the corresponding SSL profile"},{"action":"system/Common/HTTP/HTTP Request","name":"getCertificateName","inputs":[{"name":"method","value":"\"GET\""},{"name":"host","value":"$host_name"},{"name":"protocol","value":"\"https\""},{"name":"port","value":"5554"},{"name":"path","value":"$server_profile"},{"name":"authKey","value":"$service_auth"}]},{"action":"assign","name":"AllCertificates","variable":"$allcertificates","value":"$getCertificateName.result.CryptoIdentCred"},{"action":"system/Common/Array/Array Push","name":"CertNames","inputs":[{"name":"array","value":"$cert_name"},{"name":"item","value":"$allcertificates.Certificate.value"}]},{"action":"system/Common/Array/Array Push","name":"CertKeyName","inputs":[{"name":"array","value":"$cert_key_name"},{"name":"item","value":"$allcertificates.Key.value"}]},{"action":"assign","name":"CertficatePayload","variable":"$certificatepayload","value":"{\"ViewCertificateDetails\":{\"CertificateObject\": $allcertificates.Certificate.value}}"},{"action":"comment","value":"Getting the properties of that certificate like subject ..etc"},{"action":"system/Common/HTTP/HTTP Request","name":"GetCertProperties","inputs":[{"name":"method","value":"\"POST\""},{"name":"host","value":"$host_name"},{"name":"protocol","value":"\"https\""},{"name":"port","value":"5554"},{"name":"path","value":"\"/mgmt/actionqueue/default\""},{"name":"body","value":"$certificatepayload"},{"name":"authKey","value":"$service_auth"}]},{"action":"if","name":"IfHttpRequestSuccess","condition":"!$GetCertProperties.result.error","then":[{"action":"system/Common/Array/Array Push","name":"CertificateMetaData","inputs":[{"name":"array","value":"$certificatemetadatalist"},{"name":"item","value":"$GetCertProperties.result.CryptoCertificate.CertificateDetails"}]}],"else":[]}],"else":[]}]},{"action":"system/Common/Status Message Update","name":"ConvertToJSON","inputs":[{"name":"message","value":"\"Converting to Json\""}]},{"action":"comment","value":"Converting certificate properties to a concert def format and ingesting to concert"},{"action":"./helper/Create a JSON of Certificate- IBM data power","name":"CreateJSONCertificate","inputs":[{"name":"certificates","value":"$certificatemetadatalist"},{"name":"concert_auth","value":"$concert_auth"},{"name":"env_name","value":"$env_name"},{"name":"services","value":"$service"},{"name":"cert_obj_name","value":"$cert_name"},{"name":"cert_key_name","value":"$cert_key_name"}]},{"action":"assign","name":"Result","variable":"$result","value":"$CreateJSONCertificate.result"}]}],"variables":[{"name":"result","required":false,"isInput":false,"isOutput":true,"level":"INTERMEDIATE","type":{"type":"any"},"value":"\"\""},{"name":"allcertificates","required":false,"isInput":false,"isOutput":false,"level":"INTERMEDIATE","type":{"type":"array"},"value":"[]"},{"name":"certificatepayload","required":false,"isInput":false,"isOutput":false,"level":"INTERMEDIATE","type":{"type":"object"},"value":"{}"},{"name":"certificatemetadatalist","required":false,"isInput":false,"isOutput":false,"level":"INTERMEDIATE","type":{"type":"array"},"value":"[]"},{"name":"concert_auth","required":false,"isInput":true,"isOutput":false,"level":"INTERMEDIATE","type":{"type":"string"},"value":"\"\"","meta":{"authType":"Common/SSH","subType":"authentication"}},{"name":"service_auth","required":false,"isInput":true,"isOutput":false,"level":"INTERMEDIATE","type":{"type":"string"},"value":"\"\"","meta":{"authType":"Common/SSH","subType":"authentication"}},{"name":"env_name","required":false,"isInput":true,"isOutput":false,"level":"INTERMEDIATE","type":{"type":"string"},"value":"\"\""},{"name":"name","required":false,"isInput":false,"isOutput":false,"level":"INTERMEDIATE","type":{"type":"string"},"value":"\"\""},{"name":"allservices","required":false,"isInput":false,"isOutput":false,"level":"INTERMEDIATE","type":{"type":"array"},"value":"[]"},{"name":"service","required":false,"isInput":false,"isOutput":false,"level":"INTERMEDIATE","type":{"type":"array"},"value":"[]"},{"name":"server_profile","required":false,"isInput":false,"isOutput":false,"level":"INTERMEDIATE","type":{"type":"string"},"value":"\"\""},{"name":"cert_name","required":false,"isInput":false,"isOutput":false,"level":"INTERMEDIATE","type":{"type":"array"},"value":"[]"},{"name":"cert_key_name","required":false,"isInput":false,"isOutput":false,"level":"INTERMEDIATE","type":{"type":"array"},"value":"[]"},{"name":"host_name","required":false,"isInput":true,"isOutput":false,"level":"INTERMEDIATE","type":{"type":"string"},"value":"\"\""},{"name":"powerservices","required":false,"isInput":false,"isOutput":false,"level":"INTERMEDIATE","type":{"type":"array"},"value":"[\n    \"XMLFirewallService\",\n    \"MultiProtocolGateway\",\n    \"APIConnectGatewayService\",\n    \"SSLProxyService\"\n]"},{"name":"eachpowerservice","required":false,"isInput":false,"isOutput":false,"level":"INTERMEDIATE","type":{"type":"string"},"value":"\"\""}],"meta":{"workerGroup":"default","created":1771276901216,"lastUpdated":1771277001782,"layout":"flow","updatedByUsername":"admin","numberOfBlocks":28,"version":5,"tags":[{"name":"Consumer","value":"Concert"},{"name":"Concert version","value":"2.3.0"},{"name":"Category","value":"Certificates"}]},"finally":null}