{"name":"Renewal workflow IBM data power","platform":"node","hash":"r0SLnX3nAXF8qw2TQ/Wl8N7AFX3eIjuAdk2W9Q0bI7w=","blocks":[{"action":"foreach","name":"ForEachCertificates","list":"$certificates","blocks":[{"action":"comment","value":"Commands for creating a new certificate"},{"name":"CreateCommand","function":"const subject = \"/\"+ $ForEachCertificates.item.subject\nconst randomSuffix = Math.floor(1000 + Math.random() * 9000)\nconst certificate_key = randomSuffix + $certificate_key\nconst certificate_name = randomSuffix + $certificate_name\n$command = `\n  openssl genpkey -algorithm RSA -out \"${certificate_key}\" &&\n  openssl req -new -key \"${certificate_key}\" -out request.csr -subj \"${subject}\" &&\n  openssl x509 -req -days 200 -in request.csr -signkey \"${certificate_key}\" -out \"${certificate_name}\" &&\n  $(cat echo \"${certificate_key}\" | base64 -w 0) 2>&1\n  $(cat echo \"${certificate_name}\" | base64 -w 0) 2>&1\n`\n$certificate_key =certificate_key\n$certificate_name= certificate_name"},{"action":"system/Common/SSH/SSH","name":"SSHAndExecute","inputs":[{"name":"authKey","value":"$power_auth"},{"name":"command","value":"$command"}]},{"action":"assign","name":"SSHResult","variable":"$logString","value":"$SSHAndExecute.result"},{"action":"comment","value":"fetching newly created certificate key and certificate name"},{"name":"GetCertDetails","function":"const matches = $logString.match(/line (\\d+): ([A-Za-z0-9+/=]+)/g);\n\nif (matches) {\n    matches.forEach(match => {\n        const matchResult = match.match(/line (\\d+): ([A-Za-z0-9+/=]+)/);\n        \n        if (matchResult) { // Check if matchResult is not null\n            const line = matchResult[1];\n            const value = matchResult[2];\n            if (line === \"5\") {\n                $PRIVATE_KEY_BASE64 = value; // Assign to variable\n            } else if (line === \"6\") {\n                $CERT_BASE64 = value;\n            }\n        } \n    });\n}"},{"action":"assign","name":"CreatePaylaod","value":"{\n    \"file\":{\n        \"name\":$certificate_key,\n        \"content\":$PRIVATE_KEY_BASE64\n    }\n}","variable":"$cert_payload"},{"action":"comment","value":"Uploading the newly created certificate to cert folder in ibm data power "},{"action":"system/Common/HTTP/HTTP Request","name":"UploadCertificateKeyToIBMDataPower","inputs":[{"name":"method","value":"\"POST\""},{"name":"host","value":"$host_name"},{"name":"protocol","value":"\"https\""},{"name":"port","value":"5554"},{"name":"path","value":"\"/mgmt/filestore/default/cert\""},{"name":"body","value":"$cert_payload"},{"name":"authKey","value":"$service_auth"}]},{"action":"assign","name":"CreatePayload","value":"{\n    \"file\":{\n        \"name\":$certificate_name,\n        \"content\":$CERT_BASE64\n    }\n}","variable":"$cert_payload"},{"action":"system/Common/HTTP/HTTP Request","name":"UploadCertificateToIBMDataPower","inputs":[{"name":"method","value":"\"POST\""},{"name":"host","value":"$host_name"},{"name":"protocol","value":"\"https\""},{"name":"port","value":"5554"},{"name":"path","value":"\"/mgmt/filestore/default/cert\""},{"name":"body","value":"$cert_payload"},{"name":"authKey","value":"$service_auth"}]},{"action":"system/Common/Status Message Update","name":"UpdatingtlsProfile","inputs":[{"name":"message","value":"\"Upload of cert Done.Starting with updating tlsprofile\""}]},{"action":"assign","name":"AssignCertUpdatePath","variable":"$cert_update_path","value":"\"/mgmt/config/default/CryptoCertificate/\"+$ForEachCertificates.item.metadata.certificate_name"},{"action":"comment","value":"Updating with new certificate "},{"action":"system/Common/HTTP/HTTP Request","name":"UpdateNewCertificate","inputs":[{"name":"method","value":"\"PUT\""},{"name":"host","value":"$host_name"},{"name":"protocol","value":"\"https\""},{"name":"port","value":"5554"},{"name":"path","value":"$cert_update_path"},{"name":"body","value":"{\n    \"CryptoCertificate\": {\n        \"name\": $ForEachCertificates.item.metadata.certificate_name,\n        \"mAdminState\": \"enabled\",\n        \"Filename\": \"cert:///\"+ $certificate_name,\n        \"PasswordAlias\": \"off\",\n        \"IgnoreExpiration\": \"off\"\n    }\n}"},{"name":"authKey","value":"$service_auth"}]},{"action":"system/Common/HTTP/HTTP Request","name":"UploadCryptoKeyToIBMDataPower","inputs":[{"name":"method","value":"\"PUT\""},{"name":"host","value":"$host_name"},{"name":"protocol","value":"\"https\""},{"name":"port","value":"5554"},{"name":"path","value":"\"/mgmt/config/default/CryptoKey/\"+$ForEachCertificates.item.metadata.certificate_key"},{"name":"body","value":"{\n    \"CryptoKey\": {\n        \"name\": $ForEachCertificates.item.metadata.certificate_key,\n        \"mAdminState\": \"enabled\",\n        \"Filename\": \"cert:///\" + $certificate_key,\n        \"PasswordAlias\": \"off\",\n        \"IgnoreExpiration\": \"off\"\n    }\n}"},{"name":"authKey","value":"$service_auth"}]},{"action":"assign","name":"Result","variable":"$result","value":"$UploadCryptoKeyToIBMDataPower.result"}]}],"variables":[{"name":"result","required":false,"isInput":false,"isOutput":true,"level":"INTERMEDIATE","type":{"type":"any"},"value":"\"\""},{"name":"logString","required":false,"isInput":false,"isOutput":false,"level":"INTERMEDIATE","type":{"type":"string"},"value":"\"\""},{"name":"PRIVATE_KEY_BASE64","required":false,"isInput":false,"isOutput":false,"level":"INTERMEDIATE","type":{"type":"string"},"value":"\"\""},{"name":"CERT_BASE64","required":false,"isInput":false,"isOutput":false,"level":"INTERMEDIATE","type":{"type":"string"},"value":"\"\""},{"name":"cert_payload","required":false,"isInput":false,"isOutput":false,"level":"INTERMEDIATE","type":{"type":"object"},"value":"[]"},{"name":"count","required":false,"isInput":false,"isOutput":false,"level":"INTERMEDIATE","type":{"type":"number"},"value":"0"},{"name":"certificates","required":false,"isInput":true,"isOutput":false,"level":"INTERMEDIATE","type":{"type":"array"},"value":"[]"},{"name":"cert_update_path","required":false,"isInput":false,"isOutput":false,"level":"INTERMEDIATE","type":{"type":"string"},"value":"\"\""},{"name":"service_auth","required":false,"isInput":true,"isOutput":false,"level":"INTERMEDIATE","type":{"type":"string"},"value":"\"\"","meta":{"authType":"Common/SSH","subType":"authentication"}},{"name":"power_auth","required":false,"isInput":true,"isOutput":false,"level":"INTERMEDIATE","type":{"type":"string"},"value":"\"\"","meta":{"authType":"Common/SSH","subType":"authentication"}},{"name":"certificate_name","required":false,"isInput":false,"isOutput":false,"level":"INTERMEDIATE","type":{"type":"string"},"value":"\"powercertname.pem\""},{"name":"certificate_key","required":false,"isInput":false,"isOutput":false,"level":"INTERMEDIATE","type":{"type":"string"},"value":"\"powerprivatekey.pem\""},{"name":"host_name","required":false,"isInput":true,"isOutput":false,"level":"INTERMEDIATE","type":{"type":"string"},"value":"\"\""},{"name":"command","required":false,"isInput":false,"isOutput":false,"level":"INTERMEDIATE","type":{"type":"string"},"value":"\"\""}],"meta":{"workerGroup":"default","created":1771276901163,"lastUpdated":1771276972543,"layout":"flow","updatedByUsername":"admin","numberOfBlocks":18,"version":5,"tags":[{"name":"Consumer","value":"Concert"},{"name":"Concert version","value":"2.3.0"},{"name":"Category","value":"Certificates"}]},"finally":null}