{"name":"List of AWS Certificate Manager certificates using AWS","platform":"node","hash":"9QT8XGI9cqyMRh/2q2algcnlxlwLEtrsYD+adFjxdfk=","blocks":[{"action":"system/AWS/acm/List Certificates","name":"listCertificates","inputs":[{"name":"authKey","value":"$auth"},{"name":"region","value":"$region"},{"name":"Body","value":"{\n    \"Includes\": {\n        \"keyTypes\": [\"RSA_1024\", \"RSA_2048\", \"RSA_3072\", \"RSA_4096\", \"EC_prime256v1\", \"EC_secp384r1\", \"EC_secp521r1\"]\n    },\n    \"MaxItems\": 100\n}"}]}, {"action":"foreach","name":"foreachCertificates","list":"$listCertificates.result.CertificateSummaryList","blocks":[{"action":"system/AWS/acm/Get Certificate","name":"getCertificate","inputs":[{"name":"authKey","value":"$auth"},{"name":"region","value":"$region"},{"name":"Body","value":"{\n    \"CertificateArn\": $foreachCertificates.item.CertificateArn\n}"}]},{"name":"checkNormalize","function":"    const contents = $getCertificate.result.CertificateChain;\n    if (contents.includes(\"--BEGIN CERTIFICATE--\")) {\n        const dataObject = {\n            \"service\": \"aws_cm\",\n            \"key\": $foreachCertificates.item.CertificateArn,\n            \"certificates\": []\n        };\n        const certs = contents.split(\"\\n-----END CERTIFICATE-----\\n\")\n            .filter(Boolean)\n            .map(crt => crt + \"\\n-----END CERTIFICATE-----\\n\");\n\n        certs.forEach(certContent => {\n            dataObject.certificates.push(certContent)\n        });\n        $result.push(dataObject)\n    }"}]}],"variables":[{"name":"auth","required":true,"isInput":true,"isOutput":false,"level":"INTERMEDIATE","type":{"type":"string"},"value":"\"\"","meta":{"description":"Authentication data using the accessKeyId, secretAccessKey, and region. For more information, refer to AWS Identity and Access Management guide.","authType":"AWS","subType":"authentication"}},{"name":"region","required":true,"isInput":true,"isOutput":false,"level":"INTERMEDIATE","type":{"type":"string"},"value":"\"\""},{"name":"result","required":false,"isInput":false,"isOutput":true,"level":"INTERMEDIATE","type":{"type":"array"},"value":"[]"}],"meta":{"workerGroup":"default","created":1771275993993,"lastUpdated":1771276265971,"layout":"flow","updatedByUsername":"admin","numberOfBlocks":4,"version":5,"tags":[{"name":"Consumer","value":"Concert"},{"name":"Concert version","value":"2.3.0"},{"name":"Category","value":"Certificates"}]},"finally":null}