{"name":"List of IBM Secrets Manager certificates using IBM","platform":"node","hash":"56RBy+yc+L+873W6ioRBx3TVUVegu4v81seRLPrTo3Q=","blocks":[{"action":"system/IBM/Cloud/Secrets Manager/Secrets/List Secrets","name":"listSecrets","inputs":[{"name":"authKey","value":"$auth"},{"name":"limit","value":"400"}]}, {"action":"foreach","name":"foreachSecrets","list":"$listSecrets.result.secrets","blocks":[{"action":"system/IBM/Cloud/Secrets Manager/Secrets/Get Secret","name":"getSecret","inputs":[{"name":"authKey","value":"$auth"},{"name":"id","value":"$foreachSecrets.item.id"}]},{"name":"checkNormalize","function":"    const contents = $getSecret.result[\"certificate\"];\n    if (contents.includes(\"--BEGIN CERTIFICATE--\")) {\n        const dataObject = {\n            \"service\": \"ibm_sm\",\n            \"key\": $getSecret.result.id,\n            \"certificates\": []\n        };\n        const certs = contents.split(\"\\n-----END CERTIFICATE-----\\n\")\n            .filter(Boolean)\n            .map(crt => crt + \"\\n-----END CERTIFICATE-----\\n\");\n\n        certs.forEach(certContent => {\n            dataObject.certificates.push(certContent)\n        });\n        $result.push(dataObject)\n    }"}]}],"variables":[{"name":"auth","required":true,"isInput":true,"isOutput":false,"level":"INTERMEDIATE","type":{"type":"string"},"value":"\"\"","meta":{"authType":"IBM/CloudSecretsManager","subType":"authentication"}},{"name":"result","required":false,"isInput":false,"isOutput":true,"level":"INTERMEDIATE","type":{"type":"array"},"value":"[]"}],"meta":{"workerGroup":"default","created":1771275994454,"lastUpdated":1771276292085,"layout":"flow","updatedByUsername":"admin","numberOfBlocks":4,"version":5,"tags":[{"name":"Consumer","value":"Concert"},{"name":"Concert version","value":"2.3.0"},{"name":"Category","value":"Certificates"}]},"finally":null}