{"name":"List of Kubernetes certificates using Kubernetes API","platform":"node","hash":"70hGPuPyqSPsOZIUmw/0VcnNig4ziVla0K+zNzBzzRc=","blocks":[{"action":"system/Kubernetes/core_v1/listCoreV1Namespace","name":"allNamespaces","inputs":[{"name":"authKey","value":"$auth"}]}, {"action":"foreach","name":"foreachNamespaces","list":"$allNamespaces.result.items","blocks":[{"action":"system/Kubernetes/core_v1/listCoreV1NamespacedSecret","name":"allSecrets","inputs":[{"name":"authKey","value":"$auth"},{"name":"namespace","value":"$foreachNamespaces.item.metadata.name"}]},{"action":"foreach","name":"foreachSecrets","list":"$allSecrets.result.items","blocks":[{"name":"checkNormalize","function":"for (const [secretKey, secretValue] of Object.entries($foreachSecrets.item.data)) {\n    const contents = Buffer.from(secretValue, 'base64').toString('ascii');\n    if (contents.includes(\"--BEGIN CERTIFICATE--\")) {\n        const dataObject = {\n            \"service\": \"kubernetes\",\n            \"namespace\": $foreachNamespaces.item.metadata.name,\n            \"name\": $foreachSecrets.item.metadata.name,\n            \"key\": secretKey,\n            \"certificates\": []\n        };\n        const certs = contents.split(\"\\n-----END CERTIFICATE-----\\n\")\n            .filter(Boolean)\n            .map(crt => crt + \"\\n-----END CERTIFICATE-----\\n\");\n\n        certs.forEach(certContent => {\n            dataObject.certificates.push(certContent)\n        });\n        $result.push(dataObject)\n    }\n}"}]}]}],"variables":[{"name":"auth","required":true,"isInput":true,"isOutput":false,"level":"INTERMEDIATE","type":{"type":"string"},"value":"\"\"","meta":{"authType":"Kubernetes","subType":"authentication"}},{"name":"result","required":false,"isInput":false,"isOutput":true,"level":"INTERMEDIATE","type":{"type":"array"},"value":"[]"}],"meta":{"workerGroup":"default","created":1771275994547,"lastUpdated":1771276323377,"layout":"flow","updatedByUsername":"admin","numberOfBlocks":5,"version":5,"tags":[{"name":"Consumer","value":"Concert"},{"name":"Concert version","value":"2.3.0"},{"name":"Category","value":"Certificates"}]},"finally":null}