{"name":"List of AWS Secrets Manager certificates using AWS","platform":"node","hash":"O4vDvOi0mnBg4krMNp0nFc9JM1X3M1ITOvJCCtUIXz4=","blocks":[{"action":"system/AWS/secretsmanager/List Secrets","name":"listSecrets","inputs":[{"name":"authKey","value":"$auth"},{"name":"region","value":"$region"},{"name":"body","value":"{\n    \"MaxResults\": 100\n}"}]}, {"action":"foreach","name":"foreachSecrets","list":"$listSecrets.result.SecretList","blocks":[{"action":"system/AWS/secretsmanager/Get Secret Value","name":"getSecret","inputs":[{"name":"authKey","value":"$auth"},{"name":"region","value":"$region"},{"name":"body","value":"{\n    \"SecretId\": $foreachSecrets.item.ARN\n}"}]},{"name":"checkNormalize","function":"    const contents = $getSecret.result.SecretString;\n    if (contents.includes(\"--BEGIN CERTIFICATE--\")) {\n        const dataObject = {\n            \"service\": \"aws_sm\",\n            \"key\": $getSecret.result.ARN,\n            \"certificates\": []\n        };\n        const certs = contents.split(\"\\n-----END CERTIFICATE-----\\n\")\n            .filter(Boolean)\n            .map(crt => crt + \"\\n-----END CERTIFICATE-----\\n\");\n\n        certs.forEach(certContent => {\n            dataObject.certificates.push(certContent)\n        });\n        $result.push(dataObject)\n    }"}]}],"variables":[{"name":"auth","required":true,"isInput":true,"isOutput":false,"level":"INTERMEDIATE","type":{"type":"string"},"value":"\"\"","meta":{"authType":"AWS","subType":"authentication"}},{"name":"region","required":true,"isInput":true,"isOutput":false,"level":"INTERMEDIATE","type":{"type":"string"},"value":"\"\""},{"name":"result","required":false,"isInput":false,"isOutput":true,"level":"INTERMEDIATE","type":{"type":"array"},"value":"[]"}],"meta":{"workerGroup":"default","created":1771275994414,"lastUpdated":1771276277837,"layout":"flow","updatedByUsername":"admin","numberOfBlocks":4,"version":5,"tags":[{"name":"Consumer","value":"Concert"},{"name":"Concert version","value":"2.3.0"},{"name":"Category","value":"Certificates"}]},"finally":null}