{"name":"List of kubeadm managed certificates using SSH","platform":"node","hash":"qR37JDhiN+GE4qScK142VLBASewuW2v0dY8Jk1JEEZI=","blocks":[{"action":"system/Common/Status Message Update","name":"StatusMessageUpdate_SSHConnect","inputs":[{"name":"message","value":"\"Getting list of certificate files using SSH connect\""}]}, {"action":"system/Common/SSH/SSH","name":"listKubeadmCrt","inputs":[{"name":"authKey","value":"$auth"},{"name":"command","value":"`find /etc/kubernetes -type f -name \"*.crt\"`"},{"name":"connectionPool","value":"true"}]}, {"action":"system/Common/String/String Split","name":"crtPathsArray","inputs":[{"name":"str","value":"$listKubeadmCrt.result"},{"name":"separator","value":"\"\\n\""}]}, {"action":"foreach","name":"foreachCrtPaths","list":"$crtPathsArray.result","blocks":[{"action":"system/Common/Status Message Update","name":"StatusMessageUpdate_SSHConnect_1","inputs":[{"name":"message","value":"\"Adding certificate \"+$foreachCrtPaths.index+\" out of \"+$foreachCrtPaths.count+\" to the list...\""}]},{"action":"if","name":"ifInCrtList","condition":"$fileList.includes(\n    $foreachCrtPaths.item.substring($foreachCrtPaths.item.lastIndexOf(\"/\") + 1)\n)","then":[{"action":"system/Common/SSH/SSH","name":"certContent","inputs":[{"name":"authKey","value":"$auth"},{"name":"command","value":"\"cat \" + $foreachCrtPaths.item"},{"name":"connectionPool","value":"true"}]},{"action":"system/Common/Array/Array Push","name":"pushCrt","inputs":[{"name":"array","value":"$result"},{"name":"item","value":"{\n    \"service\": \"kubernetes_kubeadm\",\n    \"file\": $foreachCrtPaths.item,\n    \"certificates\": [$certContent.result]\n}"}]}],"else":[]}]}, {"action":"system/Common/SSH/SSH","name":"listKubeadmConf","inputs":[{"name":"authKey","value":"$auth"},{"name":"command","value":"`find /etc/kubernetes -type f -name \\\"*.conf\\\"`"},{"name":"connectionPool","value":"true"}]}, {"action":"system/Common/String/String Split","name":"confPathsArray","inputs":[{"name":"str","value":"$listKubeadmConf.result"},{"name":"separator","value":"\"\\n\""}]}, {"action":"foreach","name":"foreachConfPaths","list":"$confPathsArray.result","blocks":[{"action":"if","name":"ifInConfList","condition":"$fileList.includes(\n    $foreachConfPaths.item.substring($foreachConfPaths.item.lastIndexOf(\"/\") + 1)\n)","then":[{"action":"system/Common/SSH/SSH","name":"confContent","inputs":[{"name":"authKey","value":"$auth"},{"name":"command","value":"\"cat \" + $foreachConfPaths.item"},{"name":"connectionPool","value":"true"}]},{"action":"system/Common/YAML/YAML to JSON","name":"confJson","inputs":[{"name":"yaml","value":"$confContent.result"}]},{"action":"system/Common/String/Base64 Decode","name":"decodeConfCertificate","inputs":[{"name":"str","value":"$confJson.result.users[0].user[\"client-certificate-data\"]"}]},{"action":"system/Common/Array/Array Push","name":"pushCrt_1","inputs":[{"name":"array","value":"$result"},{"name":"item","value":"{\n    \"service\": \"kubernetes_kubeadm\",\n    \"file\": $foreachConfPaths.item,\n    \"certificates\": [$decodeConfCertificate.result]\n}"}]}],"else":[]}]}],"variables":[{"name":"auth","required":true,"isInput":true,"isOutput":false,"level":"INTERMEDIATE","type":{"type":"string"},"value":"\"\"","meta":{"description":"RNA authentication for SSH","authType":"Common/SSH","subType":"authentication"}},{"name":"dir","required":false,"isInput":true,"isOutput":false,"level":"INTERMEDIATE","type":{"type":"string"},"value":"\"/etc/kubernetes/\"","meta":{"description":"Kubernetes certificates directory, usually /etc/kubernetes/"}},{"name":"fileList","required":false,"isInput":false,"isOutput":false,"level":"INTERMEDIATE","type":{"type":"array"},"value":"[\"admin.conf\", \"apiserver.crt\", \"apiserver-etcd-client.crt\", \"apiserver-kubelet-client.crt\", \"controller-manager.conf\", \"healthcheck-client.crt\", \"peer.crt\", \"server.crt\", \"front-proxy-client.crt\", \"scheduler.conf\", \"super-admin.conf\"]","meta":{"description":"List of certificate files to look for"}},{"name":"result","required":false,"isInput":false,"isOutput":true,"level":"INTERMEDIATE","type":{"type":"array"},"value":"[]","meta":{"description":"Generated list of certificates in JSON format as final output result"}}],"meta":{"workerGroup":"default","created":1771275994903,"lastUpdated":1771276308620,"description":"This flow uses SSH to prepare an IBM concert JSON containing the certificates for direct execution in kubeadm","layout":"flow","updatedByUsername":"admin","numberOfBlocks":16,"version":5,"tags":[{"name":"Consumer","value":"Concert"},{"name":"Concert version","value":"2.3.0"},{"name":"Category","value":"Certificates"}]},"finally":null}