{"name":"ecs_dis_getServiceInfo","platform":"node","hash":"1ko73BTADnfmWrp2xuBbUbAAGdguydWD8TJMPUrI21E=","blocks":[{"action":"system/Common/DateTime/Timestamp Now","name":"end_time"}, {"action":"system/Common/DateTime/Timestamp Subtract","name":"start_time","inputs":[{"name":"unit","value":"\"minutes\""},{"name":"amount","value":"10"}]}, {"action":"try","name":"Try_1","try":[{"action":"foreach","name":"ForEach_service","list":"$in_serviceList[\"serviceArns\"]","blocks":[{"action":"comment","value":"collect service details "},{"action":"system/Common/Status Message Update","name":"status_get_service_details","inputs":[{"name":"message","value":"\"Get service details for \" + $ForEach_service.item"}]},{"action":"system/AWS/ecs/Describe Services","name":"AWS_Describe_Services","inputs":[{"name":"authKey","value":"$in_aws_auth_key"},{"name":"region","value":"$in_aws_region"},{"name":"body","value":"{\n    \"cluster\": $in_clusterName,\n    \"services\": [$ForEach_service.item]\n}"}]},{"action":"assign","name":"Assign_service_data","variable":"$t_service_data","value":"$AWS_Describe_Services.result"},{"action":"comment","value":"// extract task id "},{"action":"assign","name":"Assign_task","variable":"$t_taskId","value":"$t_service_data.services[0][\"taskDefinition\"]"},{"action":"comment","value":"// collect container instance arns\n"},{"action":"system/AWS/ecs/List Container Instances","name":"AWS_List_Cont_Inst","inputs":[{"name":"authKey","value":"$in_aws_auth_key"},{"name":"region","value":"$in_aws_region"},{"name":"body","value":"{\n    \"cluster\": $in_clusterName\n}"}]},{"action":"assign","name":"Assign_cont_inst_data","variable":"$t_cont_inst_arns","value":"$AWS_List_Cont_Inst.result[\"containerInstanceArns\"]"},{"action":"comment","value":"// collect container instance details\n"},{"action":"try","name":"Try_2","try":[{"action":"system/AWS/ecs/Describe Container Instances","name":"AWS_Describe_Cont_Inst","inputs":[{"name":"authKey","value":"$in_aws_auth_key"},{"name":"region","value":"$in_aws_region"},{"name":"body","value":"{\n    \"cluster\": $in_clusterName,\n    \"containerInstances\": $t_cont_inst_arns\n}"}]},{"action":"assign","name":"Assign_service_data_1","variable":"$t_cont_inst_data","value":"$AWS_Describe_Cont_Inst.result"}],"catch":[]},{"action":"comment","value":"collect task definition "},{"action":"system/AWS/ecs/Describe Task Definition","name":"AWS_Describe_Task_Def","inputs":[{"name":"authKey","value":"$in_aws_auth_key"},{"name":"region","value":"$in_aws_region"},{"name":"body","value":"{\n    \"taskDefinition\": $t_taskId\n}"}]},{"action":"assign","name":"Assign_task_def","variable":"$t_taskdef","value":"$AWS_Describe_Task_Def.result"},{"action":"comment","value":"collect tags list"},{"action":"system/Common/Status Message Update","name":"status_get_tags","inputs":[{"name":"message","value":"\"Get service's tags: \" + $ForEach_service.item"}]},{"action":"system/AWS/ecs/List Tags For Resource","name":"AWS_List_Tags","inputs":[{"name":"authKey","value":"$in_aws_auth_key"},{"name":"region","value":"$in_aws_region"},{"name":"body","value":"{\n    \"resourceArn\": $ForEach_service.item\n}"}]},{"action":"assign","name":"Assign_tags","variable":"$t_tags","value":"$AWS_List_Tags.result[\"tags\"]"},{"action":"comment","value":"// collect exit codes from describe tasks"},{"action":"system/AWS/ecs/List Tasks","name":"AWS_List_Tasks","inputs":[{"name":"authKey","value":"$in_aws_auth_key"},{"name":"region","value":"$in_aws_region"},{"name":"body","value":"{\n    \"cluster\": $t_service_data.services[0].clusterArn,\n    \"serviceName\": $t_service_data.services[0].serviceName,\n    \"desiredStatus\": \"STOPPED\"\n}"}],"skipped":true},{"action":"if","name":"If_List_Tasks","skipped":true,"condition":"$AWS_List_Tasks.result[\"taskArns\"]","then":[{"action":"system/AWS/ecs/Describe Tasks","name":"AWS_Describe_Tasks","inputs":[{"name":"authKey","value":"$in_aws_auth_key"},{"name":"region","value":"$in_aws_region"},{"name":"body","value":"{\n    \"cluster\": $in_clusterName,\n    \"tasks\": $AWS_List_Tasks.result[\"taskArns\"]\n}"}]},{"action":"assign","name":"Assign_Tasks","variable":"$t_desc_tasks","value":"$AWS_Describe_Tasks.result"}],"else":[]},{"action":"comment","value":"collect aws cloudwatch metrics\n"},{"action":"./AWS_get_metrics","name":"get_AWS_metrics","inputs":[{"name":"in_aws_auth_key","value":"$in_aws_auth_key"},{"name":"in_aws_region","value":"$in_aws_region"},{"name":"in_cluster_name","value":"$in_clusterName"},{"name":"in_service_name","value":"$t_service_data.services[0].serviceName"},{"name":"in_start_time","value":"$start_time.result"},{"name":"in_end_time","value":"$end_time.result"},{"name":"in_service_arn","value":"$t_service_data.services[0].serviceName"}]},{"action":"comment","value":"extract SBOM data\n"},{"name":"fun_extractSbomData","function":"// extract sbom data\nfunction extractSbomData(serviceJson, taskdefJson, taskDesc, metric, serviceTags) {\n\n    // Extract primary service (first in array)\n    const service = serviceJson.services[0];\n    \n    // Extract primary deployment (where status is PRIMARY)\n    const primaryDeployment = service.deployments.find(dep => dep.status === 'PRIMARY');\n\n    // Extract deployment configuration\n    const deployConfig = service.deploymentConfiguration;\n\n    // Extract PID Mode\n    const pidMode = taskdefJson.taskDefinition.pidMode || \"task\";\n    const volByName = {};\n    (taskdefJson.taskDefinition.volumes || []).forEach(vol => { volByName[vol.name] = vol; });\n\n    // Extract IPC and Network Mode\n    const ipcMode = taskdefJson.taskDefinition.ipcMode || \"task\";\n    const networkMode = taskdefJson.taskDefinition.networkMode || \"bridge\";\n\n    const coreVolTypes = [\"dockerVolumeConfiguration\", \"efsVolumeConfiguration\"];\n    \n    const containers_data = (taskdefJson.taskDefinition.containerDefinitions || []).map(containerDef => {\n        const opts = containerDef.logConfiguration?.options || {};\n        const logOptions = {};\n        ['awslogs-group', 'awslogs-region', 'awslogs-stream-prefix'].forEach(key => {\n          if (opts[key]) logOptions[key] = opts[key];\n        });\n\n        const mountPoints = containerDef.mountPoints || [];\n        const hasNonDefaultProcMask = (pidMode === \"host\"); \n        const hasNonCoreVolType = mountPoints.some(mp => {\n            const vol = volByName[mp.sourceVolume];\n            if (!vol) return false;\n            // Any vol type that is not in the core vol types counts as non-core\n            return Object.keys(vol).some(k => k !== \"name\" && !coreVolTypes.includes(k));\n        });\n\n        return {\n          name: containerDef.name,\n          image: containerDef.image,\n          cpu: containerDef.cpu,\n          memory: containerDef.memory,\n          user: containerDef.user || null, // treat as root if not defined\n          privileged: containerDef.privileged ?? false,\n          linuxParameters: containerDef.linuxParameters || {}, \n          credentialSpecs: containerDef.credentialSpecs || [],\n          dockerSecurityOptions: containerDef.dockerSecurityOptions || [],\n          readonlyRootFilesystem: containerDef.readonlyRootFilesystem ?? false,\n          portMappings: containerDef.portMappings || [],\n          hostPID: pidMode,\n          hostIPC: ipcMode,\n          hostNetwork: networkMode,\n          mountPoints: mountPoints,\n          healthCheck: containerDef.healthCheck || {},\n          hasNonDefaultProcMask: hasNonDefaultProcMask,\n          hasNonCoreVolumeType: hasNonCoreVolType,\n          metrics: JSON.parse(JSON.stringify(metric)),\n          memoryReservation: containerDef.memoryReservation,\n          logDriver: containerDef.logConfiguration?.logDriver || null,\n          logOptions: Object.keys(logOptions).length > 0 ? logOptions : null,\n          rawContainerDefinition: JSON.parse(JSON.stringify(containerDef)) \n        };\n    });\n\n    // Construct the result object\n    return {\n        serviceName: service.serviceName,\n        serviceArn: service.serviceArn,\n        serviceTags: serviceTags,\n\n        taskDefinitionName: taskdefJson.taskDefinition.family,\n        taskDefinitionArn: service.taskDefinition,\n        revision: taskdefJson.taskDefinition.revision,\n\n        platformFamily: service.platformFamily,\n        platformVersion: primaryDeployment?.platformVersion || service.platformVersion,\n\n        // Keep your empty metrics slot for computed/derived metrics later\n        metrics: {},\n\n        // Pass-through container summaries\n        containers: containers_data,\n\n        // Task-def level modes\n        hostPID: pidMode,\n        hostIPC: ipcMode,\n        hostNetwork: networkMode,\n\n        volumes: taskdefJson.taskDefinition.volumes || [],\n        deployments: service.deployments ? JSON.parse(JSON.stringify(service.deployments)) : [],\n        deploymentConfiguration: deployConfig ? JSON.parse(JSON.stringify(deployConfig)) : null,\n\n        rawData: {\n          service: JSON.parse(JSON.stringify(serviceJson)),\n          taskDefinition: JSON.parse(JSON.stringify(taskdefJson)),\n          taskDescriptions: JSON.parse(JSON.stringify(taskDesc)), \n        } \n    };\n}\n\n\nlet result = extractSbomData($t_service_data, $t_taskdef, $t_desc_tasks, $get_AWS_metrics.result, $t_tags);\n$t_data.push(result);"}]},{"action":"assign","name":"Assign_success","variable":"$success","value":"true"},{"action":"assign","name":"Assign_result","variable":"$result","value":"$t_data"}],"catch":[{"action":"system/Common/Array/Array Push","name":"ArrayPush_error","inputs":[{"name":"array","value":"$error"},{"name":"item","value":"$Try_1.message"}]}]}],"variables":[{"name":"in_serviceList","required":true,"isInput":true,"isOutput":false,"level":"INTERMEDIATE","type":{"type":"object"},"value":"{}"},{"name":"in_aws_region","required":true,"isInput":true,"isOutput":false,"level":"INTERMEDIATE","type":{"type":"string"},"value":"\"\""},{"name":"in_clusterName","required":true,"isInput":true,"isOutput":false,"level":"INTERMEDIATE","type":{"type":"string"},"value":"\"\""},{"name":"in_aws_auth_key","required":true,"isInput":true,"isOutput":false,"level":"INTERMEDIATE","type":{"type":"string"},"value":"\"\""},{"name":"result","required":false,"isInput":false,"isOutput":true,"level":"INTERMEDIATE","type":{"type":"any"},"value":"\"\""},{"name":"error","required":false,"isInput":false,"isOutput":true,"level":"INTERMEDIATE","type":{"type":"array"},"value":"[]"},{"name":"debug","required":false,"isInput":false,"isOutput":false,"level":"INTERMEDIATE","type":{"type":"array"},"value":"[]"},{"name":"success","required":false,"isInput":false,"isOutput":true,"level":"INTERMEDIATE","type":{"type":"string"},"value":"\"\""},{"name":"t_taskdef","required":false,"isInput":false,"isOutput":true,"level":"INTERMEDIATE","type":{"type":"any"},"value":"\"\""},{"name":"t_service_data","required":false,"isInput":false,"isOutput":true,"level":"INTERMEDIATE","type":{"type":"any"},"value":"\"\""},{"name":"t_taskId","required":false,"isInput":false,"isOutput":false,"level":"INTERMEDIATE","type":{"type":"any"},"value":"\"\""},{"name":"t_tags","required":false,"isInput":false,"isOutput":false,"level":"INTERMEDIATE","type":{"type":"any"},"value":"\"\""},{"name":"t_data","required":false,"isInput":false,"isOutput":false,"level":"INTERMEDIATE","type":{"type":"any"},"value":"[]"},{"name":"t_cont_inst_data","required":false,"isInput":false,"isOutput":false,"level":"INTERMEDIATE","type":{"type":"any"},"value":"\"\""},{"name":"t_cont_inst_arns","required":false,"isInput":false,"isOutput":false,"level":"INTERMEDIATE","type":{"type":"array"},"value":"[]"},{"name":"t_desc_tasks","required":false,"isInput":false,"isOutput":false,"level":"INTERMEDIATE","type":{"type":"any"},"value":"\"\""}],"meta":{"workerGroup":"default","layout":"flow","version":5,"created":1771278473841,"lastUpdated":1771278473841,"updatedByUsername":"admin","numberOfBlocks":36},"finally":null}