{"name":"Create a JSON of Certificate","platform":"node","hash":"NvPS4m5SHRBUqscTPS45e10gDHKUQDyuxq7ZYR25aoc=","blocks":[{"action":"if","name":"checkEnvName","condition":"$env_name != \"\"","then":[{"action":"assign","name":"assignEnv","variable":"$result.dependencies[0].ref","value":"\"environment:\" + $env_name"}],"else":[]}, {"name":"Function_1","function":"const jsonString = $certificates.join(\"\\n\");\n$newcertificates = JSON.parse(jsonString);\n\n "}, {"action":"comment","value":"Processing each certificate data to convert into concertdef format"}, {"action":"foreach","name":"foreachCertificates","list":"$newcertificates","blocks":[{"action":"system/Common/Status Message Update","name":"StatusMessageUpdate_Checking_Metadata_1","inputs":[{"name":"message","value":"\"Converting certificate \"+$foreachCertificates.index+\" out of \"+$foreachCertificates.count+\"...\""}]},{"name":"Function_2","function":"$isca = $foreachCertificates.item.CertificateType === \"CA\";"},{"action":"comment","value":"Creating the Metadata for the certificate data"},{"action":"assign","name":"Assign_1","value":"{\n    \"rna\": true,\n    \"thumb_print\": $foreachCertificates.item.Thumbprint,\n    \"store\": $foreachCertificates.item.Store,\n    \"api_server\" : $api_server,\n    \"isca\": $isca\n}","variable":"$tempRnaMetadata"},{"action":"comment","value":"Below script designed to convert certificate date fields from a serialized format into a readable UTC timestamp"},{"name":"utcDT","function":"const validFrom = $foreachCertificates.item.NotBefore ? convertDateToUTC($foreachCertificates.item.NotBefore) : null;\nconst validTo = $foreachCertificates.item.NotAfter ? convertDateToUTC($foreachCertificates.item.NotAfter) : null;\n\n$tempUtc = [validFrom, validTo];\n\nfunction convertDateToUTC(dateString) {\n    if (!dateString) {\n        return null;\n    }\n\n    // Extract the numeric timestamp from the format \\/Date(1041318000000)\\/\n    const timestampMatch = dateString.match(/\\/Date\\((\\d+)\\)\\//);\n    if (!timestampMatch) {\n        return null;\n    }\n\n    const timestamp = parseInt(timestampMatch[1], 10);\n    const dt = new Date(timestamp);\n\n    const year = dt.getUTCFullYear();\n    const month = String(dt.getUTCMonth() + 1).padStart(2, '0');\n    const day = String(dt.getUTCDate()).padStart(2, '0');\n    const hours = String(dt.getUTCHours()).padStart(2, '0');\n    const minutes = String(dt.getUTCMinutes()).padStart(2, '0');\n    const seconds = String(dt.getUTCSeconds()).padStart(2, '0');\n\n    return `${year}-${month}-${day} ${hours}:${minutes}:${seconds} +0000 UTC`;\n}\n"},{"action":"comment","value":"Creating the SBOM Data"},{"action":"system/Common/Array/Array Push","name":"fillSBOMData","inputs":[{"name":"array","value":"$result.components"},{"name":"item","value":"{\n    \"type\": \"certificate\",\n\n    \"ref\": String(\n        \"certificate:\" + ($foreachCertificates.item.SerialNumber ? $foreachCertificates.item.SerialNumber : \"\")\n    ),\n    \"serial_number\": $foreachCertificates.item.SerialNumber ? $foreachCertificates.item.SerialNumber : \"\",\n\n    \"properties\": [{\n        \"name\": \"subject\",\n        \"value\": $foreachCertificates.item.Subject ? $foreachCertificates.item.Subject : \"\"\n    }, \n    {\n        \"name\": \"namespace\",\n        \"value\": $api_server ? $api_server : \"\"\n    }, \n    {\n        \"name\": \"issuer\",\n        \"value\": $foreachCertificates.item.Issuer ? $foreachCertificates.item.Issuer : \"\"\n    },\n    {\n        \"name\": \"description\",\n        \"value\": $foreachCertificates.item.CertificateType ? $foreachCertificates.item.CertificateType : \"\"\n    },\n    {\n        \"name\": \"certificate_type\",\n        \"value\": $foreachCertificates.item.CertificateType\n    }, {\n        \"name\": \"validity_start_date\",\n        \"value\": $tempUtc[0]\n    }, {\n        \"name\": \"validity_end_date\",\n        \"value\": $tempUtc[1]\n    }, {\n        \"name\": \"dns_names\",\n         \"value\": $foreachCertificates.item.DnsNameList && $foreachCertificates.item.DnsNameList.length > 0\n        ? \"\\\"\" + $foreachCertificates.item.DnsNameList.join(\", \") + \"\\\"\"\n        : \"\"\n    }, {\n        \"name\": \"metadata\",\n\n        \"value\": JSON.stringify($tempRnaMetadata)\n    }]\n}"}]},{"action":"system/Common/Array/Array Push","name":"addDependency","inputs":[{"name":"array","value":"$result.dependencies[0].depends_on"},{"name":"item","value":"String(\"certificate:\" + ($foreachCertificates.item.SerialNumber ? $foreachCertificates.item.SerialNumber : \"\"))"}]}]}, {"action":"./Ingest JSON Certificates Data into IBM Concert","name":"ingest","inputs":[{"name":"json","value":"JSON.stringify($result)"},{"name":"data_type","value":"\"certificate\""}]}, {"action":"assign","name":"Assign_2","variable":"$result","value":"$ingest.result"}],"variables":[{"name":"certificates","required":true,"isInput":true,"isOutput":false,"level":"INTERMEDIATE","type":{"type":"array"},"value":"[]"},{"name":"tempUtc","required":false,"isInput":false,"isOutput":false,"level":"INTERMEDIATE","type":{"type":"array"},"value":"[]"},{"name":"tempRnaMetadata","required":false,"isInput":false,"isOutput":false,"level":"INTERMEDIATE","type":{"type":"object"},"value":"{\n    \"rna\": true,\n}"},{"name":"result","required":false,"isInput":false,"isOutput":true,"level":"INTERMEDIATE","type":{"type":"object"},"value":"{\n    \"components\": [],\n    \"dependencies\": [{\n        \"ref\": \"environment: $env_name\",\n        \"depends_on\": []\n    }]\n}"},{"name":"newcertificates","required":false,"isInput":false,"isOutput":false,"level":"INTERMEDIATE","type":{"type":"array"},"value":"[]"},{"name":"env_name","required":false,"isInput":true,"isOutput":false,"level":"INTERMEDIATE","type":{"type":"string"},"value":"\"\""},{"name":"api_server","required":false,"isInput":true,"isOutput":false,"level":"INTERMEDIATE","type":{"type":"string"},"value":"\"\""},{"name":"isca","required":false,"isInput":false,"isOutput":false,"level":"INTERMEDIATE","type":{"type":"boolean"},"value":"false"}],"meta":{"workerGroup":"default","created":1771277650285,"lastUpdated":1771277650285,"description":"Creates a JSON of  certificate, while converting timestamp from GMT to UTC","layout":"flow","updatedByUsername":"admin","numberOfBlocks":16,"version":5},"finally":null}