{"name":"Discover certificates using AWS Secrets Manager and ingest into IBM Concert","platform":"node","hash":"R7lFsd0R23ejr0mcKRIc3eOZ67nhLQGr5woQsiLuoLQ=","blocks":[{"action":"system/Common/Status Message Update","name":"StatusMessageUpdate_Connecting","inputs":[{"name":"message","value":"\"Obtaining a list of certificates by AWS Secrets Manager...\""}]}, {"action":"comment","value":"Validate that the required 'env_name' field is present.\nIf missing, throw a 400 Bad Request error with a descriptive message."}, {"name":"Function_1","function":"if (!$env_name) {\n  throw new Error(' \"400 Bad Request\" \\n {\"error\": \"Missing required field: env_name\"}');\n}"}, {"action":"comment","value":"Retrieve and configure the list of AWS secrets required for the workflow."}, {"action":"./Discovery/List of AWS Secrets Manager certificates using AWS","name":"discover","inputs":[{"name":"auth","value":"$service_auth"},{"name":"region","value":"$region"}]}, {"action":"system/Common/Status Message Update","name":"StatusMessageUpdate_Connecting_1","inputs":[{"name":"message","value":"\"Creating a list of certificates fetched in JSON format...\""}]}, {"action":"comment","value":"Iterate over each discovered secret in AWS Secrets Manager to process and extract certificate details."}, {"action":"foreach","name":"foreachDiscovered","list":"$discover.result","blocks":[{"action":"comment","value":"Iterate over the list of certificates found within each discovered secret."},{"action":"foreach","name":"foreachCertificate","list":"$foreachDiscovered.item.certificates","blocks":[{"action":"comment","value":"Decode the provided X.509 certificate to extract relevant metadata and validate its structure."},{"action":"./helpers/Decode an X.509 Certificate","name":"decode","inputs":[{"name":"certificate","value":"$foreachCertificate.item"},{"name":"metadata","value":"{\n    \"service\": $foreachDiscovered.item.service,\n    \"file\": $foreachDiscovered.item.file\n}"}]},{"action":"system/Common/Array/Array Push","name":"ArrayPush_1","inputs":[{"name":"array","value":"$dataForFile"},{"name":"item","value":"$decode.result"}]}]}]}, {"action":"comment","value":"Create a JSON object from the aggregated AWS Secrets Manager certificates for ingestion."}, {"action":"./helpers/Create a JSON of AWS SM certificates","name":"createJSON","inputs":[{"name":"certificates","value":"$dataForFile"},{"name":"service_auth","value":"$service_auth"},{"name":"env_name","value":"$env_name"}]}, {"action":"comment","value":"Ingest the JSON certificate data into IBM Concert for further processing and storage."}, {"action":"./helpers/Ingest JSON Certificates Data into IBM Concert","name":"ingest","inputs":[{"name":"json","value":"JSON.stringify($createJSON.result)"},{"name":"data_type","value":"\"certificate\""}]}, {"action":"assign","name":"ingestResult","variable":"$result","value":"$ingest.result"}],"variables":[{"name":"service_auth","required":true,"isInput":true,"isOutput":false,"level":"INTERMEDIATE","type":{"type":"string"},"value":"\"\"","meta":{"description":"RNA Authentication for SSH","authType":"Common/SSH","subType":"authentication"}},{"name":"region","required":true,"isInput":true,"isOutput":false,"level":"INTERMEDIATE","type":{"type":"string"},"value":"\"\""},{"name":"dataForFile","required":false,"isInput":false,"isOutput":false,"level":"INTERMEDIATE","type":{"type":"array"},"value":"[]"},{"name":"result","required":false,"isInput":false,"isOutput":true,"level":"INTERMEDIATE","type":{"type":"any"},"value":"\"\"","meta":{"description":"The result of the ingestion flow is currently ignored and used only for debug purposes"}},{"name":"env_name","required":true,"isInput":true,"isOutput":false,"level":"INTERMEDIATE","type":{"type":"string"},"value":"\"\""}],"meta":{"workerGroup":"default","created":1771275846707,"lastUpdated":1771275873176,"description":"This flow obtains a list of certificates in AWS Certificate Manager that is decoded, and then formed in JSON format and returned, ready to be ingested by IBM Concert","layout":"flow","updatedByUsername":"admin","numberOfBlocks":18,"version":5,"tags":[{"name":"Consumer","value":"Concert"},{"name":"Concert version","value":"2.3.0"},{"name":"Category","value":"Certificates"}]},"finally":null}