{"name":"Ingest_JSON_Certificates_to_IBM Concert","platform":"node","hash":"KFOHrLAcNybjH5evBi/Wx10zhlSUTMYHnURdncRQ1rQ=","blocks":[{"action":"comment","value":"Certificate upload to Concert"}, {"action":"system/IBM/Concert/Import Data/Upload Files to Concert","name":"uploadFile","inputs":[{"name":"file","value":"{\n    \"data_type\": $data_type,\n    \"filename\": $json\n}"},{"name":"fileType","value":"\"json\""}]}, {"action":"system/IBM/Concert/Import Data/Upload Certificate Details","name":"IBM_1","inputs":[{"name":"authKey","value":"$auth"},{"name":"Body","value":"{\n    \"components\": $json.components,\n    \"dependencies\": $json.dependencies\n}"}],"skipped":true}, {"action":"assign","name":"Assign_1","variable":"$result","value":"$uploadFile.result"}],"variables":[{"name":"json","required":true,"isInput":true,"isOutput":false,"level":"INTERMEDIATE","type":{"type":"string"},"value":"\"\""},{"name":"data_type","required":true,"isInput":true,"isOutput":false,"level":"INTERMEDIATE","type":{"type":"string"},"value":"\"certificate\""},{"name":"result","required":false,"isInput":false,"isOutput":true,"level":"INTERMEDIATE","type":{"type":"any"},"value":"\"\""}],"meta":{"workerGroup":"default","created":1771277547943,"lastUpdated":1771277547943,"description":"Ingest certificates data into IBM Concert","layout":"flow","updatedByUsername":"admin","numberOfBlocks":4,"version":5},"finally":null}