{"name":"SSH_Key_Removal","platform":"node","hash":"DfNfFfZIqBQATkbnaQe+Mz7lvdhPix3+buaoMxpiozA=","blocks":[{"action":"foreach","name":"ForEachInputKey","list":"$input_keys","blocks":[{"action":"try","name":"CatchRemovalError","try":[{"action":"system/Ansible/Playbook","name":"RemovalOfKeys","inputs":[{"name":"authKey","value":"$linux_auth"},{"name":"playbook","value":"`---\n- name: Remove backup SSH keys from servers and client\n  gather_facts: no\n  vars:\n    hostname: ${JSON.stringify($ForEachInputKey.item.subject)}\n    private_key_path: ${JSON.stringify($ForEachInputKey.item.metadata.private_key)}\n    public_key_path: ${JSON.stringify($ForEachInputKey.item.metadata.public_key)}\n    servers: ${JSON.stringify($ForEachInputKey.item.additional_data.servers)}\n  hosts: \"{{ hostname }}\"\n\n  tasks:\n    - name: Check if backup key files exist\n      stat:\n        path: \"{{ item }}\"\n      loop:\n        - \"{{ private_key_path }}.bkp\"\n        - \"{{ public_key_path }}.bkp\"\n      register: key_stats\n\n    - name: End play if backup keys are missing\n      meta: end_play\n      when: >\n        key_stats.results | map(attribute='stat.exists') | list | min == false\n\n    - name: Read backup public key content\n      slurp:\n        src: \"{{ public_key_path }}.bkp\"\n      register: backup_pubkey\n\n    - name: Escape backup public key for sed\n      set_fact:\n        escaped_key: >-\n          {{ (backup_pubkey.content | b64decode | trim)\n             | regex_replace('([/\\\\&])', '\\\\\\\\\\\\1') }}\n        \n    - name: Print escaped public key\n      debug:\n        msg: \"Escaped key: {{ escaped_key }}\"\n\n    - name: Remove backup key from authorized_keys on each server (safe literal match)\n      shell: |\n        ssh -o StrictHostKeyChecking=no \\\n            -i \"{{ private_key_path }}\" \\\n            {{ item.username }}@{{ item.hostname }} \\\n            \"grep -vF \\\"$(cat {{ public_key_path }}.bkp)\\\" ~/.ssh/authorized_keys > ~/.ssh/authorized_keys.tmp && \\\n            mv ~/.ssh/authorized_keys.tmp ~/.ssh/authorized_keys\"\n      loop: \"{{ servers }}\"\n      register: removal_results\n      ignore_errors: yes\n\n    - name: Fail if any server removal failed\n      fail:\n        msg: \"Failed to remove backup key from one or more servers.\"\n      when: removal_results.results | selectattr('rc','ne',0) | list | length > 0\n\n    - name: Remove backup key files from client\n      file:\n        path: \"{{ item }}\"\n        state: absent\n      loop:\n        - \"{{ private_key_path }}.bkp\"\n        - \"{{ public_key_path }}.bkp\"\n`"}]},{"name":"Function_2","function":"if ($RemovalOfKeys.success){\n    $result.push(\n        {\"removal success\" : \"key removed for owner - \" + $ForEachInputKey.item.owner}\n    )\n}"}],"catch":[{"action":"system/Common/Array/Array Push","name":"ArrayPushResult","inputs":[{"name":"array","value":"$result"},{"name":"item","value":"{\n    \"removal failed\": $CatchRemovalError.message,\n    \"error stack\": $CatchRemovalError.stack\n}"}]}]}]}],"variables":[{"name":"result","required":false,"isInput":false,"isOutput":true,"level":"INTERMEDIATE","type":{"type":"array"},"value":"[]"},{"name":"input_keys","required":true,"isInput":true,"isOutput":false,"level":"INTERMEDIATE","type":{"type":"array"},"value":"[]"},{"name":"linux_auth","required":true,"isInput":true,"isOutput":false,"level":"INTERMEDIATE","type":{"type":"string"},"value":"\"\""}],"meta":{"workerGroup":"default","created":1771277547766,"lastUpdated":1771277547766,"layout":"flow","updatedByUsername":"admin","numberOfBlocks":5,"version":5},"finally":null}