{"name":"Dynatrace_Resilience_Sample","platform":"node","hash":"bMK1DnwwmS8DmA4XKi/SRWTNcB6NJNfmieTC4fKGVR4=","blocks":[{"action":"if","name":"If_origin_url","condition":"/^https:\\/\\/[a-zA-Z0-9-]+\\.apps\\.dynatrace\\.com$/.test($origin_url)","then":[],"else":[{"action":"assign","name":"error_url","variable":"$result","value":"{\n    \"status\": \"Error\",\n    \"message\": \"Incorrect origin URL\"\n}"},{"action":"exit"}]}, {"action":"comment","value":"Fetches the start and end time (from resilience )for which we need to find the metric"}, {"action":"./helper/FetchAssessmentTime","name":"FetchTimeWindow","inputs":[{"name":"applicationName","value":"$application_name"},{"name":"profileName","value":"$profile_name"},{"name":"origin","value":"$origin"},{"name":"origin_name","value":"$origin_name"},{"name":"defaultWindowSize","value":"$defaultWindowSize"}]}, {"action":"comment","value":"Enhance the timestamp and error handing"}, {"name":"timestamp_output","function":"function isEmpty(value) {\n    return value === null || value === undefined || value === \"\" || (typeof value === \"object\" && Object.keys(value).length === 0);\n};\n\nif (isEmpty($startTimestamp)) {\n    $startTimestamp = ($FetchTimeWindow.result.startTimestamp).toString();\n}\n\nif (isEmpty($endTimestamp)) {\n    $endTimestamp = ($FetchTimeWindow.result.endTimestamp).toString();\n    $endTime = $FetchTimeWindow.result.endTimestamp;\n}\n\nif ($startTimestamp === \"\" || $endTimestamp === \"\" || isNaN($endTime)) {\n    $result = \"Error\";\n} else {\n    $result = \"Success\";\n}"}, {"action":"if","name":"If_1","condition":"$result === \"Success\"","then":[{"action":"comment","value":"Fetches the metrics from dynatrace"},{"action":"./Get_Dynatrace_Metrics","name":"get_mertices","inputs":[{"name":"from_time","value":"$startTimestamp"},{"name":"to_time","value":"$endTimestamp"},{"name":"dynatrace_auth","value":"$dynatrace_auth"},{"name":"service_id","value":"$service_id"},{"name":"synthetic_test_id","value":"$synthetic_test_id"}]},{"action":"comment","value":"Error handling for get_metrics (when no data for given timestamp)"},{"name":"Function_2","function":"if($get_mertices.result.slo_errorBudgetBurnRate.result[0].data.length===0 || $get_mertices.result.availability_by_synthetic_tests.result[0].data.length===0 ||\n$get_mertices.result.availability_by_synthetic_test_loc.result[0].data.length === 0 || $get_mertices.result.throughput_transactions.result[0].data.length===0\n){\n    $result = \"Error\";\n} else {\n    $result = \"Success\";\n}"},{"action":"if","name":"If","condition":"$result === \"Success\"","then":[{"action":"comment","value":"Transform the metrics got from dynatrace"},{"name":"calc_metrics","function":"function transformMetrics(result) {\n    const availabilityBySyntheticTestsData = result.availability_by_synthetic_tests.result[0].data[0].values;\n    const availabilityBySyntheticTestsDataByLoc = result.availability_by_synthetic_test_loc.result[0].data[0].values;\n    const sloErrBgtRate = result.slo_errorBudgetBurnRate.result[0].data[0].values;\n    const throughputData = result.throughput_transactions.result[0].data[0].values;\n    const maxsloErrBgtRate = Math.max(...sloErrBgtRate.filter(val => val !== null && val > 0));\n    const maxsloErrBgtRateToStr = maxsloErrBgtRate.toFixed(2);\n    const maxAvailabilityBySyntheticTests = Math.max(...availabilityBySyntheticTestsData.filter(val => val !== null && val > 0));\n\n    const maxAvailabilityBySyntheticTestsByLoc = Math.max(\n        ...availabilityBySyntheticTestsDataByLoc.filter(val => val !== null && val > 0)\n    );\n\n    const maxThroughputData = Math.max(...throughputData.filter(val => val !== null && val > 0));\n    const resultData = {};\n\n    if (maxsloErrBgtRate > 0)\n        resultData[\"pct_slo_error_rate_errorbudget\"] = String(maxsloErrBgtRateToStr);\n\n    if (maxAvailabilityBySyntheticTests > 0)\n        resultData[\"pct_availability_by_synthetic_tests\"] = String(maxAvailabilityBySyntheticTests);\n\n    if (maxAvailabilityBySyntheticTestsByLoc > 0)\n        resultData[\"pct_availability_by_region_by_synthetic_tests\"] = String(maxAvailabilityBySyntheticTestsByLoc);\n\n    if (maxThroughputData > 0)\n        resultData[\"num_throughput_transactions\"] = String(maxThroughputData);\n\n    return {\n        data: resultData\n    };\n};\n\n$result = transformMetrics($get_mertices.result)"},{"action":"comment","value":"Calling evaluate api by sending the metrics"},{"action":"./helper/LoadAssessments","name":"load_assesments","inputs":[{"name":"applicationName","value":"$application_name"},{"name":"profileName","value":"$profile_name"},{"name":"data","value":"$result.data"},{"name":"timestamp","value":"$endTime"},{"name":"origin_name","value":"$origin_name"},{"name":"origin_url","value":"$origin_url"},{"name":"applicationVersion","value":"$applicationVersion"},{"name":"origin","value":"$origin"}]},{"action":"comment","value":"response assessment id when sucess"},{"action":"assign","name":"final_result","variable":"$result","value":"{\n    \"response\": $load_assesments.result,\n    \"assessment_data\": $load_assesments.assessment_data\n}"}],"else":[{"action":"assign","name":"metric_err","variable":"$result","value":"{\n    \"status\": \"Error\",\n    \"message\": \"There is no data for the given timestamp\"\n}"}]}],"else":[{"action":"assign","name":"error_case","variable":"$result","value":"{\n    \"status\": \"Error\",\n    \"message\": \"Error while fetching assesment time window\"\n}"}]}],"variables":[{"name":"result","required":false,"isInput":false,"isOutput":true,"level":"INTERMEDIATE","type":{"type":"any"},"value":"\"\""},{"name":"applicationVersion","required":true,"isInput":true,"isOutput":false,"level":"INTERMEDIATE","type":{"type":"string"},"value":"\"\""},{"name":"origin_name","required":true,"isInput":true,"isOutput":false,"level":"INTERMEDIATE","type":{"type":"string"},"value":"\"Dynatrace\""},{"name":"origin","required":true,"isInput":true,"isOutput":false,"level":"INTERMEDIATE","type":{"type":"string"},"value":"\"APM\""},{"name":"origin_url","required":true,"isInput":true,"isOutput":false,"level":"INTERMEDIATE","type":{"type":"string"},"value":"\"\""},{"name":"application_name","required":true,"isInput":true,"isOutput":false,"level":"INTERMEDIATE","type":{"type":"string"},"value":"\"\""},{"name":"profile_name","required":true,"isInput":true,"isOutput":false,"level":"INTERMEDIATE","type":{"type":"string"},"value":"\"nfr_critical_apps_profile\""},{"name":"defaultWindowSize","required":true,"isInput":true,"isOutput":false,"level":"INTERMEDIATE","type":{"type":"number"},"value":"30000"},{"name":"startTimestamp","required":false,"isInput":true,"isOutput":true,"level":"INTERMEDIATE","type":{"type":"string"},"value":"\"\""},{"name":"endTimestamp","required":false,"isInput":true,"isOutput":true,"level":"INTERMEDIATE","type":{"type":"string"},"value":"\"\""},{"name":"dynatrace_auth","required":true,"isInput":true,"isOutput":false,"level":"INTERMEDIATE","type":{"type":"string"},"value":"\"\"","meta":{"authType":"Dynatrace","subType":"authentication"}},{"name":"endTime","required":false,"isInput":false,"isOutput":true,"level":"INTERMEDIATE","type":{"type":"number"},"value":"0"},{"name":"service_id","required":false,"isInput":true,"isOutput":false,"level":"INTERMEDIATE","type":{"type":"string"},"value":"\"\""},{"name":"synthetic_test_id","required":true,"isInput":true,"isOutput":false,"level":"INTERMEDIATE","type":{"type":"string"},"value":"\"\""}],"meta":{"workerGroup":"default","created":1762334045052,"lastUpdated":1762334173258,"description":"This workflow retrieves performance metrics from Dynatrace over a specified time period, calculates availability and error rates, and sends the processed data to the Concert Resilience evaluation API. ","layout":"flat","updatedByUsername":"ibmconcert","numberOfBlocks":21,"version":5},"finally":null}