{"name":"dis_prom_to_json","platform":"node","hash":"AW2R3xGjENWS6qep4ipmDwtRujjGkTgL2cb8mDxTbNY=","blocks":[{"name":"Function_1","function":"const input = $in_prom_in_string;\n  const meta = new Map(); // familyName -> { help, type, unit }\n  const families = new Map(); // familyName -> { name, help, type, unit, samples: [] }\n\n  const lines = String(input).replace(/\\r\\n/g, \"\\n\").replace(/\\r/g, \"\\n\").split(\"\\n\");\n\n  for (let rawLine of lines) {\n    const line = rawLine.trim();\n    if (!line) continue;\n\n    // OpenMetrics end marker\n    if (line === \"# EOF\") break;\n\n    // Comments / metadata\n    if (line.startsWith(\"#\")) {\n      parseMetaLine(line, meta);\n      continue;\n    }\n\n    // Sample line (possibly with exemplar)\n    const { samplePart, exemplarPart } = splitAtExemplar(line);\n    const sample = parseSampleLine(samplePart);\n    if (!sample) continue;\n\n    if (exemplarPart) {\n      sample.exemplar = parseExemplar(exemplarPart);\n    }\n\n    const familyName = resolveFamilyName(sample.metric, meta);\n    const family = getOrCreateFamily(familyName, meta, families);\n    family.samples.push(sample);\n  }\n\n  // Ensure metadata fields are populated on families even if metadata appeared after samples.\n  for (const [familyName, family] of families.entries()) {\n    const m = meta.get(familyName);\n    if (m) {\n      if (family.help == null && m.help != null) family.help = m.help;\n      if (family.type == null && m.type != null) family.type = m.type;\n      if (family.unit == null && m.unit != null) family.unit = m.unit;\n    }\n  }\n\n  // Return as an array (stable order by family name)\n  const output = {}; // { base: { metricKey: value }, vendor: {...} }\n\n  for (const family of families.values()) {\n    for (const sample of family.samples) {\n      if (sample.value == null) continue;\n\n      const { group, metricKey } = formatMetric(sample.metric, sample.labels);\n\n      if (!output[group]) output[group] = {};\n      output[group][metricKey] = sample.value;\n    }\n  }\n\n  $result = output;\n\n\n/* ------------------------- Helpers: metadata ------------------------- */\n\nfunction parseMetaLine(line, meta) {\n  // Examples:\n  // # HELP http_requests_total The total number of HTTP requests.\n  // # TYPE http_requests_total counter\n  // # UNIT my_metric seconds\n  const helpMatch = line.match(/^#\\s*HELP\\s+(\\S+)\\s+(.+)$/);\n  if (helpMatch) {\n    const name = helpMatch[1];\n    const help = unescapePrometheusString(helpMatch[2]);\n    upsertMeta(meta, name, { help });\n    return;\n  }\n\n  const typeMatch = line.match(/^#\\s*TYPE\\s+(\\S+)\\s+(\\S+)\\s*$/);\n  if (typeMatch) {\n    const name = typeMatch[1];\n    const type = typeMatch[2];\n    upsertMeta(meta, name, { type });\n    return;\n  }\n\n  const unitMatch = line.match(/^#\\s*UNIT\\s+(\\S+)\\s+(\\S+)\\s*$/);\n  if (unitMatch) {\n    const name = unitMatch[1];\n    const unit = unitMatch[2];\n    upsertMeta(meta, name, { unit });\n    return;\n  }\n\n  // Ignore other comment lines.\n}\n\nfunction upsertMeta(meta, name, patch) {\n  const cur = meta.get(name) || { help: null, type: null, unit: null };\n  meta.set(name, { ...cur, ...patch });\n}\n\nfunction getOrCreateFamily(familyName, meta, families) {\n  if (families.has(familyName)) return families.get(familyName);\n\n  const m = meta.get(familyName) || { help: null, type: null, unit: null };\n  const family = {\n    name: familyName,\n    help: m.help ?? null,\n    type: m.type ?? null,\n    unit: m.unit ?? null,\n    samples: []\n  };\n  families.set(familyName, family);\n  return family;\n}\n\n/**\n * Prometheus \"metric family\" name is the one used by HELP/TYPE.\n * Histograms/gaugehistograms expose _bucket/_sum/_count samples under a base family name.\n * If we have metadata for the base name, group accordingly.\n */\nfunction resolveFamilyName(sampleMetricName, meta) {\n  if (meta.has(sampleMetricName)) return sampleMetricName;\n\n  // Histogram / summary related suffixes that often belong to a base family.\n  const suffixMatch = sampleMetricName.match(/^(.*)_(bucket|sum|count)$/);\n  if (suffixMatch) {\n    const base = suffixMatch[1];\n    if (meta.has(base)) return base;\n  }\n\n  return sampleMetricName;\n}\n\n/* ------------------------- Helpers: samples ------------------------- */\n\nfunction parseSampleLine(samplePart) {\n  const { metricToken, rest } = splitMetricTokenAndRest(samplePart);\n  if (!metricToken || !rest) return null;\n\n  const { name: metric, labels } = parseMetricToken(metricToken);\n\n  const tokens = rest.split(/\\s+/).filter(Boolean);\n  if (tokens.length < 1) return null;\n\n  const valueRaw = tokens[0];\n  const { value, special } = parsePromValue(valueRaw);\n\n  const sample = {\n    metric,\n    labels,\n    value,       // number or null (for NaN/Inf)\n    valueRaw,    // always preserved\n    timestamp: null,\n    exemplar: null\n  };\n\n  if (tokens.length >= 2) {\n    const ts = parseInt(tokens[1], 10);\n    sample.timestamp = Number.isFinite(ts) ? ts : null;\n  }\n\n  if (special) sample.valueSpecial = special; // optional diagnostic field\n\n  return sample;\n}\n\n/**\n * Split a line into samplePart and exemplarPart (if present).\n * Exemplar portion begins with an unquoted \" # \" (space-hash) or \"\\t#\" patterns outside quotes.\n */\nfunction splitAtExemplar(line) {\n  let inQuotes = false;\n  let escape = false;\n\n  for (let i = 0; i < line.length; i++) {\n    const c = line[i];\n\n    if (escape) {\n      escape = false;\n      continue;\n    }\n    if (inQuotes) {\n      if (c === \"\\\\\") escape = true;\n      else if (c === '\"') inQuotes = false;\n      continue;\n    }\n\n    if (c === '\"') {\n      inQuotes = true;\n      continue;\n    }\n\n    // exemplar marker: a '#' that is preceded by whitespace\n    if (c === \"#\" && i > 0 && /\\s/.test(line[i - 1])) {\n      const samplePart = line.slice(0, i).trim();\n      const exemplarPart = line.slice(i).trim(); // includes '# ...'\n      return { samplePart, exemplarPart };\n    }\n  }\n\n  return { samplePart: line.trim(), exemplarPart: \"\" };\n}\n\nfunction splitMetricTokenAndRest(line) {\n  let inQuotes = false;\n  let escape = false;\n  let braceDepth = 0;\n\n  for (let i = 0; i < line.length; i++) {\n    const c = line[i];\n\n    if (escape) {\n      escape = false;\n      continue;\n    }\n    if (inQuotes) {\n      if (c === \"\\\\\") escape = true;\n      else if (c === '\"') inQuotes = false;\n      continue;\n    } else {\n      if (c === '\"') {\n        inQuotes = true;\n        continue;\n      }\n      if (c === \"{\") {\n        braceDepth++;\n        continue;\n      }\n      if (c === \"}\") {\n        braceDepth = Math.max(0, braceDepth - 1);\n        continue;\n      }\n      if (braceDepth === 0 && (c === \" \" || c === \"\\t\")) {\n        return {\n          metricToken: line.slice(0, i).trim(),\n          rest: line.slice(i).trim()\n        };\n      }\n    }\n  }\n\n  return { metricToken: line.trim(), rest: \"\" };\n}\n\nfunction parseMetricToken(token) {\n  const braceIdx = token.indexOf(\"{\");\n  if (braceIdx === -1) {\n    return { name: token, labels: {} };\n  }\n\n  const endBraceIdx = token.lastIndexOf(\"}\");\n  const name = token.slice(0, braceIdx);\n  const labelStr = endBraceIdx > braceIdx ? token.slice(braceIdx + 1, endBraceIdx) : \"\";\n  const labels = parseLabelSet(labelStr);\n  return { name, labels };\n}\n\nfunction parseLabelSet(s) {\n  const labels = {};\n  let i = 0;\n\n  while (i < s.length) {\n    // skip whitespace and commas\n    while (i < s.length && (s[i] === \" \" || s[i] === \"\\t\" || s[i] === \",\")) i++;\n    if (i >= s.length) break;\n\n    // read label name\n    const nameStart = i;\n    while (i < s.length && /[A-Za-z0-9_]/.test(s[i])) i++;\n    const key = s.slice(nameStart, i);\n    if (!key) break;\n\n    // skip whitespace\n    while (i < s.length && (s[i] === \" \" || s[i] === \"\\t\")) i++;\n\n    // expect '='\n    if (s[i] !== \"=\") break;\n    i++;\n\n    // skip whitespace\n    while (i < s.length && (s[i] === \" \" || s[i] === \"\\t\")) i++;\n\n    // expect opening quote\n    if (s[i] !== '\"') break;\n    i++;\n\n    // read quoted value\n    let val = \"\";\n    while (i < s.length) {\n      const c = s[i];\n      if (c === \"\\\\\") {\n        const next = s[i + 1];\n        if (next == null) break;\n        // Prometheus label escaping: \\n, \\\\, \\\"\n        if (next === \"n\") val += \"\\n\";\n        else if (next === \"r\") val += \"\\r\";\n        else if (next === \"t\") val += \"\\t\";\n        else if (next === \"\\\\\") val += \"\\\\\";\n        else if (next === '\"') val += '\"';\n        else val += next; // best-effort\n        i += 2;\n        continue;\n      }\n      if (c === '\"') {\n        i++;\n        break;\n      }\n      val += c;\n      i++;\n    }\n\n    labels[key] = val;\n\n    // move to next label (comma or end)\n    while (i < s.length && s[i] !== \",\") i++;\n  }\n\n  return labels;\n}\n\n/* ------------------------- Helpers: exemplar ------------------------- */\n\nfunction parseExemplar(exemplarPart) {\n  // exemplarPart example: '# {trace_id=\"abc\"} 0.123 1690000000000'\n  // We parse: { labels, valueRaw, value, timestamp? }\n  let s = exemplarPart.trim();\n  if (!s.startsWith(\"#\")) return null;\n  s = s.slice(1).trim();\n\n  if (!s.startsWith(\"{\")) return { raw: exemplarPart };\n\n  const closeIdx = findMatchingBrace(s, 0);\n  if (closeIdx === -1) return { raw: exemplarPart };\n\n  const labelStr = s.slice(1, closeIdx);\n  const labels = parseLabelSet(labelStr);\n\n  const rest = s.slice(closeIdx + 1).trim();\n  const tokens = rest.split(/\\s+/).filter(Boolean);\n\n  const valueRaw = tokens[0] ?? null;\n  const parsed = valueRaw != null ? parsePromValue(valueRaw) : { value: null, special: null };\n\n  let timestamp = null;\n  if (tokens.length >= 2) {\n    const ts = parseInt(tokens[1], 10);\n    timestamp = Number.isFinite(ts) ? ts : null;\n  }\n\n  const exemplar = { labels, value: parsed.value, valueRaw, timestamp };\n  if (parsed.special) exemplar.valueSpecial = parsed.special;\n  return exemplar;\n}\n\nfunction findMatchingBrace(s, openIndex) {\n  // finds matching '}' for '{' at openIndex, respecting quoted strings\n  let depth = 0;\n  let inQuotes = false;\n  let escape = false;\n\n  for (let i = openIndex; i < s.length; i++) {\n    const c = s[i];\n\n    if (escape) {\n      escape = false;\n      continue;\n    }\n    if (inQuotes) {\n      if (c === \"\\\\\") escape = true;\n      else if (c === '\"') inQuotes = false;\n      continue;\n    }\n\n    if (c === '\"') {\n      inQuotes = true;\n      continue;\n    }\n    if (c === \"{\") depth++;\n    if (c === \"}\") {\n      depth--;\n      if (depth === 0) return i;\n    }\n  }\n  return -1;\n}\n\n/* ------------------------- Helpers: values & strings ------------------------- */\n\nfunction parsePromValue(raw) {\n  // Prometheus allows: NaN, +Inf, -Inf, Inf, numbers\n  if (raw === \"NaN\") return { value: null, special: \"NaN\" };\n  if (raw === \"+Inf\" || raw === \"Inf\") return { value: null, special: \"+Inf\" };\n  if (raw === \"-Inf\") return { value: null, special: \"-Inf\" };\n\n  const num = Number(raw);\n  if (Number.isFinite(num)) return { value: num, special: null };\n\n  // Best-effort fallback: not a finite number but also not one of the canonical tokens\n  return { value: null, special: \"non-finite\" };\n}\n\nfunction unescapePrometheusString(s) {\n  // HELP strings use the same escapes as label values in practice.\n  let out = \"\";\n  for (let i = 0; i < s.length; i++) {\n    const c = s[i];\n    if (c !== \"\\\\\") {\n      out += c;\n      continue;\n    }\n    const next = s[i + 1];\n    if (next == null) break;\n    if (next === \"n\") out += \"\\n\";\n    else if (next === \"r\") out += \"\\r\";\n    else if (next === \"t\") out += \"\\t\";\n    else if (next === \"\\\\\") out += \"\\\\\";\n    else if (next === '\"') out += '\"';\n    else out += next; // best-effort\n    i++;\n  }\n  return out;\n}\n\nfunction formatMetric(metricName, labels) {\n  // metricName example: base_cpu_systemLoadAverage\n  const underscoreIdx = metricName.indexOf(\"_\");\n\n  const group = underscoreIdx === -1\n    ? \"default\"\n    : metricName.slice(0, underscoreIdx);\n\n  let name = underscoreIdx === -1\n    ? metricName\n    : metricName.slice(underscoreIdx + 1);\n\n  // Remove common unit suffixes\n  name = name\n    .replace(/_(seconds|bytes|total|count)$/, \"\")\n    .replace(/_/g, \".\");\n\n  const labelKeys = Object.keys(labels).sort();\n  const labelSuffix = labelKeys.length\n    ? \";\" + labelKeys.map(k => `${k}=${labels[k]}`).join(\";\")\n    : \"\";\n\n  return {\n    group,\n    metricKey: `${name}${labelSuffix}`\n  };\n}\n"}],"variables":[{"name":"result","required":false,"isInput":false,"isOutput":true,"level":"INTERMEDIATE","type":{"type":"any"},"value":"\"\""},{"name":"in_prom_in_string","required":true,"isInput":true,"isOutput":false,"level":"INTERMEDIATE","type":{"type":"string"},"value":"\"\""}],"meta":{"workerGroup":"default","created":1772006124989,"lastUpdated":1772006124989,"layout":"flow","updatedByUsername":"anton.cholakov","numberOfBlocks":1,"version":5},"finally":null}