{"name":"dis_util_name","platform":"node","hash":"P7dUAiQSzFQq2WBP/246lZAsB5O34+U82/t6DG4tt+c=","blocks":[{"action":"assign","name":"Assign_result","variable":"$result","value":"($in_server_name ? $in_server_name + \"_\" : \"\") + ($in_comp_name ? $in_comp_name : \"\") + ($in_pid ? \"_id-\" + $in_pid : \"\") + ($in_port ? \"_port-\" + $in_port : \"\")"}],"variables":[{"name":"in_server_name","required":true,"isInput":true,"isOutput":false,"level":"INTERMEDIATE","type":{"type":"string"},"value":"\"\""},{"name":"in_comp_name","required":true,"isInput":true,"isOutput":false,"level":"INTERMEDIATE","type":{"type":"string"},"value":"\"\""},{"name":"in_pid","required":true,"isInput":true,"isOutput":false,"level":"INTERMEDIATE","type":{"type":"string"},"value":"\"\""},{"name":"in_port","required":false,"isInput":true,"isOutput":false,"level":"INTERMEDIATE","type":{"type":"string"},"value":"\"\""},{"name":"result","required":false,"isInput":false,"isOutput":true,"level":"INTERMEDIATE","type":{"type":"any"},"value":"\"\""}],"meta":{"workerGroup":"default","created":1771279655632,"lastUpdated":1771279655632,"layout":"flow","updatedByUsername":"admin","numberOfBlocks":1,"version":5},"finally":null}