{"name":"Get_Dynatrace_Metrics","platform":"node","hash":"Pn1moe0efFMA5byDIE5SgpeDvmZIgoTkzePnjBCC1fg=","blocks":[{"action":"split","name":"Parallel_Queries","branches":[{"blocks":[{"action":"comment","value":"Fetches pct_slo_error_rate_errorbudget metrics for the service slo from dynatrace"},{"action":"system/Dynatrace/Environment/Metrics/Query","name":"slo_errorBudgetBurnRate","inputs":[{"name":"authKey","value":"$dynatrace_auth"},{"name":"metricSelector","value":"`func:slo.errorBudget.${$slo_key}`"},{"name":"from","value":"$from_time"},{"name":"to","value":"$to_time"},{"name":"entitySelector","value":"$service_id"}]}]},{"blocks":[{"action":"comment","value":"Fetches pct_availability_by_synthetic_tests metrics for the service slo from dynatrace"},{"action":"system/Dynatrace/Environment/Metrics/Query","name":"availability_by_synthetic_tests","inputs":[{"name":"authKey","value":"$dynatrace_auth"},{"name":"metricSelector","value":"\"builtin:synthetic.browser.availability.location.total\""},{"name":"from","value":"$from_time"},{"name":"to","value":"$to_time"},{"name":"entitySelector","value":"$synthetic_test_id"}]}]},{"blocks":[{"action":"comment","value":"Fetches pct_availability_by_region_by_synthetic_tests metrics for the service slo from dynatrace"},{"action":"system/Dynatrace/Environment/Metrics/Query","name":"ava_by_synthetic_test_loc","inputs":[{"name":"authKey","value":"$dynatrace_auth"},{"name":"metricSelector","value":"\"builtin:synthetic.browser.availability.location.total\""},{"name":"from","value":"$from_time"},{"name":"to","value":"$to_time"},{"name":"entitySelector","value":"$synthetic_test_id"}]}]},{"blocks":[{"action":"comment","value":"Fetches num_throughput_transactions metrics for the service slo from dynatrace "},{"action":"system/Dynatrace/Environment/Metrics/Query","name":"throughput_transactions","inputs":[{"name":"authKey","value":"$dynatrace_auth"},{"name":"metricSelector","value":"\"builtin:service.requestCount.total\""},{"name":"from","value":"$from_time"},{"name":"to","value":"$to_time"},{"name":"entitySelector","value":"$service_id"}]}]}]}, {"action":"comment","value":"returning object as a merged response of metrics "}, {"action":"assign","name":"final_output","variable":"$result","value":"{\n    \"slo_errorBudgetBurnRate\": $slo_errorBudgetBurnRate.result,\n    \"availability_by_synthetic_tests\": $availability_by_synthetic_tests.result,\n    \"availability_by_synthetic_test_loc\": $ava_by_synthetic_test_loc.result,\n    \"throughput_transactions\": $throughput_transactions.result\n}"}],"variables":[{"name":"result","required":false,"isInput":false,"isOutput":true,"level":"INTERMEDIATE","type":{"type":"any"},"value":"\"\""},{"name":"from_time","required":true,"isInput":true,"isOutput":false,"level":"INTERMEDIATE","type":{"type":"string"},"value":"\"\""},{"name":"to_time","required":true,"isInput":true,"isOutput":false,"level":"INTERMEDIATE","type":{"type":"string"},"value":"\"\""},{"name":"dynatrace_auth","required":true,"isInput":true,"isOutput":false,"level":"INTERMEDIATE","type":{"type":"string"},"value":"\"\"","meta":{"authType":"Dynatrace","subType":"authentication"}},{"name":"service_id","required":true,"isInput":true,"isOutput":false,"level":"INTERMEDIATE","type":{"type":"string"},"value":"\"\""},{"name":"synthetic_test_id","required":true,"isInput":true,"isOutput":false,"level":"INTERMEDIATE","type":{"type":"string"},"value":"\"\""},{"name":"slo_key","required":true,"isInput":true,"isOutput":false,"level":"INTERMEDIATE","type":{"type":"string"},"value":"\"\""}],"meta":{"workerGroup":"default","created":1771278956614,"lastUpdated":1771278990427,"description":"This workflow retrieves performance metrics from Dynatrace over a specified time period, calculates availability and error rates, and sends to the main flow","layout":"flow","updatedByUsername":"admin","numberOfBlocks":15,"version":5,"tags":[{"name":"Consumer","value":"Concert"},{"name":"Concert version","value":"2.3.0"},{"name":"Category","value":"Resilience"}]},"finally":null}