{"name":"Get ITSM Metrics","platform":"node","hash":"rlAKWyRds+dr2S1Q+uRPpU+r9Hp4Veow4hBk6a3UkTc=","blocks":[{"action":"system/IBM/Instana/Events/Get All Events","name":"GetIncidents","inputs":[{"name":"authKey","value":"$authKey"},{"name":"windowSize","value":"$windowSize"},{"name":"eventTypeFilters","value":"[\"INCIDENT\"]"}]}, {"name":"GetIncidentsByFilters","function":"const targetStatus = \"closed\"\n$IncidentsByAppId = $GetIncidents.result.filter(item =>\n  item.state.toLowerCase() === targetStatus.toLowerCase() &&\n  item.applicationId === $applicationId &&\n  item.type === \"incident\",\n);\n\n$Sev1Incidents = $IncidentsByAppId.filter(item =>\n  item.severity === 10\n).map(item => ({ ...item }));\n\n$Sev2Incidents = $IncidentsByAppId.filter(item =>\n  item.severity === 5\n).map(item => ({ ...item }));"}, {"action":"system/IBM/Instana/Events/Get All Events","name":"GetIncidentsByChange","inputs":[{"name":"authKey","value":"$authKey"},{"name":"windowSize","value":"$windowSize"},{"name":"eventTypeFilters","value":"['CHANGE']"}]}, {"name":"Function_1","function":"const status = \"closed\"\n$IncidentsByChange = $GetIncidentsByChange.result.filter(item =>\n  item.state.toLowerCase() === status.toLowerCase() &&\n  item.applicationId === $applicationId &&\n  item.type === \"change\",\n);\n\n$Sev1IncidentsByChange = $IncidentsByChange.filter(item =>\n  item.severity === 10\n)\n\n$Sev2IncidentsByChange = $IncidentsByChange.filter(item =>\n  item.severity === 5\n)"}, {"action":"assign","name":"metrics","variable":"$result","value":"{\n    \"IncidentsByAppId\": $IncidentsByAppId,\n    \"Sev1Incidents\": $Sev1Incidents,\n    \"Sev2Incidents\": $Sev2Incidents,\n    \"IncidentsByChange\": $IncidentsByChange,\n    \"Sev1IncidentsByChange\": $Sev1IncidentsByChange,\n    \"Sev2IncidentsByChange\": $Sev2IncidentsByChange\n}"}],"variables":[{"name":"result","required":false,"isInput":false,"isOutput":true,"level":"INTERMEDIATE","type":{"type":"any"},"value":"\"\""},{"name":"startTime","required":true,"isInput":true,"isOutput":false,"level":"INTERMEDIATE","type":{"type":"number"},"value":"0"},{"name":"endTime","required":true,"isInput":true,"isOutput":false,"level":"INTERMEDIATE","type":{"type":"number"},"value":"0"},{"name":"windowSize","required":true,"isInput":true,"isOutput":false,"level":"INTERMEDIATE","type":{"type":"number"},"value":"0"},{"name":"applicationName","required":true,"isInput":true,"isOutput":false,"level":"INTERMEDIATE","type":{"type":"string"},"value":"\"\""},{"name":"authKey","required":true,"isInput":true,"isOutput":false,"level":"INTERMEDIATE","type":{"type":"string"},"value":"\"\"","meta":{"authType":"IBM/Instana","subType":"authentication"}},{"name":"applicationId","required":true,"isInput":true,"isOutput":false,"level":"INTERMEDIATE","type":{"type":"string"},"value":"\"\""},{"name":"IncidentsByAppId","required":false,"isInput":false,"isOutput":true,"level":"INTERMEDIATE","type":{"type":"array"},"value":"[]"},{"name":"Sev1Incidents","required":false,"isInput":false,"isOutput":false,"level":"INTERMEDIATE","type":{"type":"array"},"value":"[]"},{"name":"Sev2Incidents","required":false,"isInput":false,"isOutput":false,"level":"INTERMEDIATE","type":{"type":"array"},"value":"[]"},{"name":"IncidentsByChange","required":false,"isInput":false,"isOutput":false,"level":"INTERMEDIATE","type":{"type":"array"},"value":"[]"},{"name":"Sev1IncidentsByChange","required":false,"isInput":false,"isOutput":false,"level":"INTERMEDIATE","type":{"type":"array"},"value":"[]"},{"name":"Sev2IncidentsByChange","required":false,"isInput":false,"isOutput":false,"level":"INTERMEDIATE","type":{"type":"array"},"value":"[]"}],"meta":{"workerGroup":"default","created":1770901918989,"lastUpdated":1770901918989,"description":"This workflow retrieves incident management metrics from Instana over a specified time period","layout":"flat","updatedByUsername":"ibmconcert","numberOfBlocks":5,"version":5},"finally":null}