{"name":"Instana_Resilence_Sample","platform":"node","hash":"jQtwgBAjzjQFJekAwXaOKlxtkhPVJkxjXpygG5MbBfc=","blocks":[{"action":"./helpers/FetchAssessmentTime","name":"FetchTimeWindow","inputs":[{"name":"applicationName","value":"$applicationName"},{"name":"profileName","value":"$profileName"},{"name":"origin","value":"$origin"},{"name":"origin_name","value":"$originName"},{"name":"defaultWindowSize","value":"$defaultWindowSize"},{"name":"IBMApiKey","value":"$IBMAPIKey"}]}, {"name":"Function_1","function":"$startTimestamp = $FetchTimeWindow.result.startTimestamp;\n$endTimestamp = $FetchTimeWindow.result.endTimestamp;\n\nif (isNaN($startTimestamp) || isNaN($endTimestamp)) {\n    $result = \"Error\";\n} else {\n    $result = \"Success\";\n}"}, {"action":"if","name":"If_1","condition":"$result === \"Success\"","then":[{"action":"comment","value":"Instana APIs need the window size to fetch metrics"},{"action":"assign","name":"ComputeWindowSize","variable":"$window_size","value":"$endTimestamp - $startTimestamp"},{"action":"comment","value":"Get Application Id from application name to use in all APIs"},{"action":"system/IBM/Instana/Application Resources/Get Applications","name":"FetchApplicationId","inputs":[{"name":"authKey","value":"$instanaAuth"},{"name":"nameFilter","value":"$applicationName"},{"name":"applicationBoundaryScope","value":"\"ALL\""}]},{"action":"assign","name":"SetApplicationId","variable":"$applicationId","value":"$FetchApplicationId.result.items[0].id"},{"action":"./Get ITSM Metrics","name":"GetMttrMetrics","inputs":[{"name":"startTime","value":"$startTimestamp"},{"name":"endTime","value":"$endTimestamp"},{"name":"windowSize","value":"$window_size"},{"name":"applicationName","value":"$applicationName"},{"name":"authKey","value":"$instanaAuth"},{"name":"applicationId","value":"$applicationId"}]},{"action":"./Get APM Metrics","name":"GetApplicationMetrics","inputs":[{"name":"applicationName","value":"$applicationName"},{"name":"endTimestamp","value":"$endTimestamp"},{"name":"instana_auth","value":"$instanaAuth"},{"name":"applicationId","value":"$applicationId"},{"name":"startTimestamp","value":"$startTimestamp"},{"name":"webApplicationName","value":"$webApplicationName"},{"name":"windowSize","value":"$window_size"}]},{"action":"./Calculate Metrics","name":"CalculateMetrics","inputs":[{"name":"ApmMetrics","value":"$GetApplicationMetrics.result"},{"name":"ITSMMetrics","value":"$GetMttrMetrics.result"}]},{"action":"./helpers/LoadAssessments","name":"LoadAssessments","inputs":[{"name":"applicationName","value":"$applicationName"},{"name":"profileName","value":"$profileName"},{"name":"data","value":"$CalculateMetrics.result"},{"name":"timestamp","value":"$endTimestamp"},{"name":"origin_name","value":"$originName"},{"name":"origin_url","value":"$originUrl"},{"name":"applicationVersion","value":"$applicationVersion"},{"name":"origin","value":"$origin"},{"name":"IBMApiKey","value":"$IBMAPIKey"}]},{"action":"assign","name":"Assign_3","variable":"$result","value":"{\n    \"response\": $LoadAssessments.result,\n    \"assessment_data\": $LoadAssessments.assessment_data\n}"}],"else":[{"action":"assign","name":"Assign_2","variable":"$result","value":"{\n    \"status\": \"Error\",\n    \"message\": \"Error while fetching assesment time window\"\n}"}]}],"variables":[{"name":"result","required":false,"isInput":false,"isOutput":true,"level":"INTERMEDIATE","type":{"type":"any"},"value":"\"\""},{"name":"defaultWindowSize","required":true,"isInput":true,"isOutput":false,"level":"INTERMEDIATE","type":{"type":"number"},"value":"300000"},{"name":"applicationName","required":true,"isInput":true,"isOutput":false,"level":"INTERMEDIATE","type":{"type":"string"},"value":"\"\""},{"name":"instanaAuth","required":true,"isInput":true,"isOutput":false,"level":"INTERMEDIATE","type":{"type":"string"},"value":"\"\"","meta":{"authType":"IBM/Instana","subType":"authentication"}},{"name":"startTimestamp","required":false,"isInput":false,"isOutput":true,"level":"INTERMEDIATE","type":{"type":"number"},"value":"0"},{"name":"endTimestamp","required":false,"isInput":false,"isOutput":true,"level":"INTERMEDIATE","type":{"type":"number"},"value":"0"},{"name":"profileName","required":true,"isInput":true,"isOutput":false,"level":"INTERMEDIATE","type":{"type":"string"},"value":"\"\""},{"name":"originName","required":true,"isInput":true,"isOutput":false,"level":"INTERMEDIATE","type":{"type":"string"},"value":"\"Instana\""},{"name":"originUrl","required":true,"isInput":true,"isOutput":false,"level":"INTERMEDIATE","type":{"type":"string"},"value":"\"\""},{"name":"applicationVersion","required":true,"isInput":true,"isOutput":false,"level":"INTERMEDIATE","type":{"type":"string"},"value":"\"\""},{"name":"origin","required":true,"isInput":true,"isOutput":false,"level":"INTERMEDIATE","type":{"type":"string"},"value":"\"APM\""},{"name":"applicationId","required":false,"isInput":false,"isOutput":false,"level":"INTERMEDIATE","type":{"type":"string"},"value":"\"\""},{"name":"IBMAPIKey","required":true,"isInput":true,"isOutput":false,"level":"INTERMEDIATE","type":{"type":"string"},"value":"\"\"","meta":{"authType":["IBM/ConcertAPIKey","IBM/HubSelf"],"subType":"authentication"}},{"name":"webApplicationName","required":true,"isInput":true,"isOutput":false,"level":"INTERMEDIATE","type":{"type":"string"},"value":"\"\""},{"name":"window_size","required":false,"isInput":false,"isOutput":false,"level":"INTERMEDIATE","type":{"type":"number"},"value":"0"}],"meta":{"workerGroup":"default","created":1770901918949,"lastUpdated":1770901956268,"description":"Retrieves Instana performance metrics and ITSM incident data, computes availability, error rates, MTTR and change-related incident percentages, then submits results to the Concert Resilience evaluation API","layout":"flow","updatedByUsername":"ibmconcert","numberOfBlocks":14,"version":5},"finally":null}