{"name":"CreateNetworkSegmentApplication","platform":"node","hash":"u8WJPEJd7nqx4qMqSLYRIsCxWFhDMjVKdHZEu7XsWlc=","blocks":[{"action":"comment","value":"Add Application and Environment Details"}, {"action":"assign","name":"AssignTimestamp","variable":"$AppSBOM.metadata.timestamp","value":"new Date().toISOString()"}, {"action":"assign","name":"AssignApplicationName","variable":"$AppSBOM.metadata.component.name","value":"$networkSegmentName"}, {"action":"assign","name":"AssignApplicationVersion","value":"$appVersion || \"1.0.0\"","variable":"$AppSBOM.metadata.component.version"}, {"action":"system/Common/Array/Array Push","name":"AddEnvName","inputs":[{"name":"array","value":"$AppSBOM.environments"},{"name":"item","value":"{\n    \"bom-ref\": `environment:${$environmentName}`,\n    \"type\": \"environment\",\n    \"name\": $environmentName\n}"}]}, {"action":"system/Common/Array/Array Push","name":"PushDependency","inputs":[{"name":"array","value":"$AppSBOM.dependencies"},{"name":"item","value":"{\n    \"ref\": `environment:${$environmentName}`,\n    \"dependsOn\": []\n}"}]}, {"action":"foreach","name":"LoopServicesDeployment","list":"$serviceDeploymentDetails","blocks":[{"name":"Function_1","function":"function createRuntimes(deploymentData) {\n    const sbom = {\n        \"bom-ref\": `service:kubernetes:${deploymentData.deployment_details.name}`,\n        \"name\": deploymentData.deployment_details.name,\n        \"type\": \"kubernetes\",\n        \"api-server\": \"\",\n        \"properties\": [],\n\n        \"namespaces\": [{\n            \"namespace\": deploymentData.deployment_name,\n            \"labels\": []\n        }],\n        \"components\": [{\n            \"type\": \"namespace\",\n            \"name\": deploymentData.deployment_name,\n\n            \"components\": [{\n                \"bom-ref\": `pkg:${deploymentData.deployment_name}`,\n                \"purl\": \"\",\n                \"type\": \"library\",\n                \"name\": deploymentData.deployment_name,\n                \"version\": \"1.0.0\",\n                \"filename\": \"\",\n                \"url\": \"\"\n            }]\n        }]\n    };\n\n    sbom.properties = convertPropValues(deploymentData.deployment_details);\n    return sbom;\n};\n\nfunction convertPropValues(propObject) {\n    const includedKeys = [\"resource_id\", \"type\", \"cloud_id\", \"location_id\", \"resource_group_id\"];\n\n    return Object.entries(propObject).filter(([key]) => includedKeys.includes(key)).map(([key, val]) => ({\n        name: key,\n        value: val\n    }));\n}\n\n$result = createRuntimes($LoopServicesDeployment.item)"},{"action":"system/Common/Array/Array Push","name":"PushRuntimeDetails","inputs":[{"name":"array","value":"$AppSBOM[\"runtime-components\"]"},{"name":"item","value":"$result"}]},{"action":"system/Common/Array/Array Push","name":"AddEnvironmentDependency","inputs":[{"name":"array","value":"$AppSBOM.dependencies[0][\"dependsOn\"]"},{"name":"item","value":"`service:kubernetes:${$LoopServicesDeployment.item.deployment_details.name}`"}]}]}, {"action":"if","name":"SBOMCheck","condition":"true","then":[{"action":"system/IBM/Concert v2/Import Data/Upload Files to Concert","name":"UploadAppSBOM","inputs":[{"name":"file","value":"{\n    \"data_type\": \"application_sbom\",\n    \"filename\": JSON.stringify($AppSBOM)\n}"},{"name":"fileType","value":"\"json\""}]}],"else":[]}, {"action":"assign","name":"AssignResult","variable":"$result","value":"$AppSBOM"}],"variables":[{"name":"result","required":false,"isInput":false,"isOutput":true,"level":"INTERMEDIATE","type":{"type":"object"},"value":"{}"},{"name":"environmentName","required":true,"isInput":true,"isOutput":false,"level":"INTERMEDIATE","type":{"type":"string"},"value":"\"\""},{"name":"AppSBOM","required":false,"isInput":false,"isOutput":false,"level":"INTERMEDIATE","type":{"type":"object"},"value":"{\n    \"bomFormat\": \"ConcertDef\",\n    \"specVersion\": \"1.0.2\",\n\n    \"metadata\": {\n        \"timestamp\": \"\",\n        \"type\": \"application\",\n\n        \"component\": {\n            \"name\": \"\",\n            \"version\": \"\"\n        }\n    },\n    \"runtime-components\": [],\n    \"environments\": [],\n    \"services\": [],\n    \"dependencies\": [],\n    \"properties\": [],\n    \"tags\": [\"hcm-application\", \"network-segment\"]\n}"},{"name":"networkSegmentName","required":true,"isInput":true,"isOutput":false,"level":"INTERMEDIATE","type":{"type":"string"},"value":"\"\""},{"name":"topologyData","required":true,"isInput":true,"isOutput":false,"level":"INTERMEDIATE","type":{"type":"object"},"value":"{}"},{"name":"serviceIds","required":true,"isInput":true,"isOutput":false,"level":"INTERMEDIATE","type":{"type":"array"},"value":"[]"},{"name":"serviceDeploymentDetails","required":true,"isInput":true,"isOutput":false,"level":"INTERMEDIATE","type":{"type":"array"},"value":"[]"},{"name":"runtimeObject","required":false,"isInput":false,"isOutput":false,"level":"INTERMEDIATE","type":{"type":"object"},"value":"{}"},{"name":"appVersion","required":false,"isInput":true,"isOutput":false,"level":"INTERMEDIATE","type":{"type":"string"},"value":"\"\""}],"meta":{"workerGroup":"default","created":1771279116118,"lastUpdated":1771279116118,"description":"This workflow will create Application SBOM for a network segment and ingest it into IBM Concert\n","layout":"flow","updatedByUsername":"admin","numberOfBlocks":13,"version":5},"finally":null}