{"name":"CreateResilienceProfile","platform":"node","hash":"S/xXCaQx2jY0MmVbzbbutUie0VWGIKFvijl3LXYt87s=","blocks":[{"action":"system/IBM/Concert v2/Profile/List All Assessment Profiles","name":"GetAllProfiles"}, {"action":"if","name":"ProfileFetchCheck","condition":"$GetAllProfiles.result.items.some(\n  obj => obj.name?.toLowerCase() === $profileName.toLowerCase()\n)","then":[],"else":[{"action":"system/IBM/Concert v2/Library/Get a Library by Name","name":"FetchLibraryDetails","inputs":[{"name":"name","value":"$libraryName"}]},{"action":"assign","name":"AssignUsername","variable":"$user","value":"$FetchLibraryDetails.result.requirements[0].created_by"},{"action":"foreach","name":"LoopLibraryRequirements","list":"$FetchLibraryDetails.result.requirements","blocks":[{"name":"Function_1","function":"function createProfileRequirements(libraryRequirement, libraryName, user) {\n    return {\n        \"id\": libraryRequirement.id,\n        \"name\": libraryRequirement.name,\n        \"label\": libraryRequirement.name,\n        \"description\": libraryRequirement.description,\n        \"category_tags\": \"Availability\",\n        \"expected_score\": libraryRequirement.expected_score,\n        \"rating_thresholds\": libraryRequirement.rating_thresholds,\n        \"input_data_keys\": libraryRequirement.input_data_keys,\n        \"created_by\": user,\n        \"modified_by\": user,\n        \"library_name\": libraryName,\n\n        \"metadata\": {\n            \"recommendation\": \"\",\n            \"input_data_spec\": addDefaultNFRweightage(libraryRequirement.metadata.input_data_spec)\n        },\n        \"criteria_type\": \"default_function\"\n    };\n};\n\nfunction addDefaultNFRweightage(inputDataSpec) {\n    const defaultWeight = \"1\";\n\n    if (inputDataSpec[0].weight == 0) {\n        inputDataSpec[0].weight = defaultWeight;\n    }\n\n    return inputDataSpec;\n}\n\n$result = createProfileRequirements($LoopLibraryRequirements.item, $libraryName, $user)"},{"action":"system/Common/Array/Array Push","name":"PushProfileRequirement","inputs":[{"name":"array","value":"$profileRequirements"},{"name":"item","value":"$result"}]}]},{"name":"Function_2","function":"function createProfilePayload(profileRequirements, user, profileName) {\n    return {\n        \"label\": profileName,\n        \"name\": profileName,\n        \"description\": \"Profile to assess Mesh network segment\",\n        \"version\": \"1.0.0\",\n        \"domain\": \"resilience\",\n        \"requirements\": profileRequirements,\n        \"aggregate_criteria\": \"\",\n        \"aggregate_criteria_type\": \"average\",\n        \"created_by\": user,\n        \"modified_by\": user,\n        \"use_last_received_data\": \"\",\n\n        \"metadata\": {\n            \"AI_generated\": false\n        }\n    };\n};\n\n$result = createProfilePayload($profileRequirements, $user, $profileName)"},{"action":"system/IBM/Concert v2/Profile/Create a New Assessment Profile","name":"CreateProfile","inputs":[{"name":"Body","value":"$result"}]},{"action":"assign","name":"AssignResult","variable":"$result","value":"$CreateProfile.result"}]}],"variables":[{"name":"result","required":false,"isInput":false,"isOutput":true,"level":"INTERMEDIATE","type":{"type":"any"},"value":"\"\""},{"name":"libraryName","required":true,"isInput":true,"isOutput":false,"level":"INTERMEDIATE","type":{"type":"string"},"value":"\"\""},{"name":"profileRequirements","required":false,"isInput":false,"isOutput":false,"level":"INTERMEDIATE","type":{"type":"array"},"value":"[]"},{"name":"user","required":false,"isInput":false,"isOutput":false,"level":"INTERMEDIATE","type":{"type":"string"},"value":"\"\""},{"name":"profileName","required":true,"isInput":true,"isOutput":false,"level":"INTERMEDIATE","type":{"type":"string"},"value":"\"\""}],"meta":{"workerGroup":"default","created":1771279116072,"lastUpdated":1771279116072,"description":"This workflow will create a resilience profile for a given library","layout":"flow","updatedByUsername":"admin","numberOfBlocks":10,"version":5},"finally":null}