{"name":"Discover certificates using Kubernetes API and ingest into IBM Concert","platform":"node","hash":"PgDnDZqFkpTiXdf3xQCtprFm+tItN9qvmMyoHJQiHNo=","blocks":[{"action":"system/Common/Status Message Update","name":"StatusMessageUpdate_Connecting","inputs":[{"name":"message","value":"\"Obtaining a list of certificates by Kubernetes API...\""}]}, {"name":"Function_1","function":"if (!$environment) {\n  throw new Error('400 Bad Request: Error, missing required field: Environment');\n}"}, {"action":"comment","value":"getting all namespaces."}, {"action":"system/Kubernetes/core_v1/listCoreV1Namespace","name":"allNamespaces","inputs":[{"name":"authKey","value":"$service_auth"},{"name":"limit","value":"50"}]}, {"action":"foreach","name":"foreachNamespaces","list":"$allNamespaces.result.items","blocks":[{"action":"comment","value":"get all secrets for every Namespace one after the other"},{"action":"system/Kubernetes/core_v1/listCoreV1NamespacedSecret","name":"allSecrets","inputs":[{"name":"authKey","value":"$service_auth"},{"name":"namespace","value":"$foreachNamespaces.item.metadata.name"}]},{"action":"foreach","name":"foreachSecrets","list":"$allSecrets.result.items","blocks":[{"name":"checkNormalize","function":"if ($foreachSecrets.item.hasOwnProperty(\"data\")){\n    for (const [secretKey, secretValue] of Object.entries($foreachSecrets.item.data)) {\n            const contents = Buffer.from(secretValue, 'base64').toString('ascii').replace(/\\r\\n/g, '\\n');\n            if (contents.includes(\"-----BEGIN CERTIFICATE-----\")) {\n                const dataObject = {\n                    \"service\": \"kubernetes\",\n                    \"namespace\": $foreachSecrets.item.metadata.namespace,\n                    \"name\": $foreachSecrets.item.metadata.name,\n                    \"key\": secretKey,\n                    \"certificates\": []\n                };\n                const certs = contents.split(\"-----END CERTIFICATE-----\")\n                    .filter(Boolean)\n                    .map(crt => crt.trim()) \n                    .filter(crt => crt.includes(\"-----BEGIN CERTIFICATE-----\")); \n\n                certs.forEach(certContent => {\n                    let formattedCert = certContent.replace(\"-----BEGIN CERTIFICATE-----\", \"-----BEGIN CERTIFICATE-----\\n\");\n                    formattedCert += \"\\n-----END CERTIFICATE-----\";\n                    dataObject.certificates.push(formattedCert);\n                });\n                $discovery_result.push(dataObject);\n            }\n    }\n}"}]}]}, {"action":"system/Common/Status Message Update","name":"StatusMessageUpdate_Connecting_1","inputs":[{"name":"message","value":"\"Creating a list of certificates fetched in JSON format...\""}]}, {"action":"foreach","name":"foreachDiscovered","list":"$discovery_result","blocks":[{"action":"foreach","name":"foreachCertificate","list":"$foreachDiscovered.item.certificates","blocks":[{"action":"comment","value":"decode the certificates"},{"action":"./helpers/Decode an X.509 Certificate","name":"decode","inputs":[{"name":"certificate","value":"$foreachCertificate.item"}]},{"action":"system/Common/Array/Array Push","name":"ArrayPush_1","inputs":[{"name":"array","value":"$dataForFile"},{"name":"item","value":"$decode.result"}]}]}]}, {"action":"comment","value":"convert certificates to Json "}, {"action":"./helpers/Create a JSON of Kubernetes kubeadm Certificate","name":"createJSON","inputs":[{"name":"certificates","value":"$dataForFile"},{"name":"service_auth","value":"$service_auth"},{"name":"environment","value":"$environment"}]}, {"action":"comment","value":"upload converted Json into Concert"}, {"action":"./helpers/Ingest JSON Certificates Data into IBM Concert","name":"ingest","inputs":[{"name":"json","value":"JSON.stringify($createJSON.result)"},{"name":"data_type","value":"\"certificate\""}]}, {"action":"assign","name":"ingestResult","variable":"$result","value":"$ingest.result"}],"variables":[{"name":"environment","required":true,"isInput":true,"isOutput":false,"level":"INTERMEDIATE","type":{"type":"string"},"value":"\"\""},{"name":"service_auth","required":true,"isInput":true,"isOutput":false,"level":"INTERMEDIATE","type":{"type":"string"},"value":"\"\"","meta":{"description":"RNA Authentication for SSH","authType":"Kubernetes","subType":"authentication"}},{"name":"dataForFile","required":false,"isInput":false,"isOutput":true,"level":"INTERMEDIATE","type":{"type":"array"},"value":"[]"},{"name":"result","required":false,"isInput":false,"isOutput":true,"level":"INTERMEDIATE","type":{"type":"any"},"value":"\"\"","meta":{"description":"The result of the ingestion flow is currently ignored and used only for debug purposes"}},{"name":"discovery_result","required":false,"isInput":false,"isOutput":false,"level":"INTERMEDIATE","type":{"type":"array"},"value":"[]"}],"meta":{"workerGroup":"default","created":1771277323535,"lastUpdated":1771277353820,"description":"This flow obtains a list of certificates in AWS Certificate Manager that is decoded, and then formed in JSON format and returned, ready to be ingested by IBM Concert","layout":"flow","updatedByUsername":"admin","numberOfBlocks":20,"version":5,"tags":[{"name":"Consumer","value":"Concert"},{"name":"Concert version","value":"2.3.0"},{"name":"Category","value":"Certificates"}]},"finally":null}