{"name":"CalculateMetrics","platform":"node","hash":"8nsH1WZP+7XElR1icK16BepMUm8iK0z8FOzFRvmyhF4=","blocks":[{"name":"Function_1","function":"function diffMinutes(later, earlier) {\n    return Math.round((later - earlier) / (1000 * 60));\n};\n\nfunction calculateMetrics(item) {\n    const created = item.created ? new Date(item.created) : null;\n    const outage0 = item.Outage_Start_Time ? new Date(item.Outage_Start_Time) : null;\n    const detect1 = item.Incident_Detection_Time ? new Date(item.Incident_Detection_Time) : null;\n    const start2 = item.Incident_Start_Day_Time ? new Date(item.Incident_Start_Day_Time) : null;\n    const det2Alt = item.Time_of_Detection ? new Date(item.Time_of_Detection) : null;\n    const esc3 = item.Time_of_Escalation_Acknowledgement ? new Date(item.Time_of_Escalation_Acknowledgement) : null;\n    const diag4 = item.Time_of_Diagnosis ? new Date(item.Time_of_Diagnosis) : null;\n    const miti5 = item.Time_of_Mitigation ? new Date(item.Time_of_Mitigation) : null;\n    const close6 = item.Issue_Close ? new Date(item.Issue_Close) : null;\n    const outage7 = item.Outage_End_Time ? new Date(item.Outage_End_Time) : null;\n    const rec8 = item.Time_of_Recovery ? new Date(item.Time_of_Recovery) : null;\n    const getNum = field => item[field] != null && !isNaN(Number(item[field])) ? Number(item[field]) : null;\n    let mins_mttd = getNum(\"Detection_Duration_Mins\");\n\n    if (mins_mttd == null) {\n        if (detect1 && outage0) {\n            mins_mttd = diffMinutes(detect1, outage0);\n        } else if (det2Alt && start2) {\n            mins_mttd = diffMinutes(det2Alt, start2);\n        } else {\n            mins_mttd = null;\n        }\n    }\n\n    let mins_mtta = getNum(\"Escalation_Duration_Mins\");\n\n    if (mins_mtta == null) {\n        if (created && detect1) {\n            mins_mtta = diffMinutes(created, detect1);\n        } else if (esc3 && det2Alt) {\n            mins_mtta = diffMinutes(esc3, det2Alt);\n        } else {\n            mins_mtta = null;\n        }\n    }\n\n    let mins_mttdiagnose = getNum(\"Diagnose_Duration_Mins\");\n\n    if (mins_mttdiagnose == null) {\n        if (outage7 && close6) {\n            mins_mttdiagnose = diffMinutes(outage7, close6);\n        } else if (diag4 && esc3) {\n            mins_mttdiagnose = diffMinutes(diag4, esc3);\n        } else {\n            mins_mttdiagnose = null;\n        }\n    }\n\n    const totalOutage = (outage7 && outage0) ? diffMinutes(outage7, outage0) : null;\n    let mins_mttmitigate = getNum(\"Mitigation_Duration_Mins\");\n\n    if (mins_mttmitigate == null) {\n        if (totalOutage != null && mins_mttdiagnose != null) {\n            mins_mttmitigate = totalOutage - mins_mttdiagnose;\n\n            if (isNaN(mins_mttmitigate)) {\n                mins_mttmitigate = null;\n            }\n        } else {\n            mins_mttmitigate = null;\n        }\n    }\n\n    let mins_mttr = getNum(\"Recovery_Duration_Mins\");\n\n    if (mins_mttr == null) {\n        if (outage7 && close6) {\n            mins_mttr = diffMinutes(outage7, close6);\n        } else if (rec8 && miti5) {\n            mins_mttr = diffMinutes(rec8, miti5);\n        } else {\n            mins_mttr = null;\n        }\n    }\n\n    const sevKey = ((item.Severity || item.Priority) || \"\").toLowerCase();\n    const isSev1 = sevKey.includes(\"sev1\") || sevKey.includes(\"sev 1\");\n    const isSev2 = sevKey.includes(\"sev2\") || sevKey.includes(\"sev 2\");\n    const cb = String(item.Caused_By_Change || \"\").toLowerCase() === \"yes\";\n    const dbM = String(item.Detection_Tools_Monitoring || \"\").toLowerCase() === \"monitoring\";\n\n    const raw = {\n        isSev1,\n        isSev2,\n        causedByChange: cb,\n        detectedByMonitoring: dbM\n    };\n\n    const metrics = {\n        mins_mttd,\n        mins_mtta,\n        mins_mttdiagnose,\n        mins_mttmitigate,\n        mins_mttr,\n        mins_mttd_sev1: isSev1 ? mins_mttd : null,\n        mins_mtta_sev1: isSev1 ? mins_mtta : null,\n        mins_mttdiagnose_sev1: isSev1 ? mins_mttdiagnose : null,\n        mins_mttmitigate_sev1: isSev1 ? mins_mttmitigate : null,\n        mins_mttr_sev1: isSev1 ? mins_mttr : null,\n        mins_mttd_sev2: isSev2 ? mins_mttd : null,\n        mins_mtta_sev2: isSev2 ? mins_mtta : null,\n        mins_mttdiagnose_sev2: isSev2 ? mins_mttdiagnose : null,\n        mins_mttmitigate_sev2: isSev2 ? mins_mttmitigate : null,\n        mins_mttr_sev2: isSev2 ? mins_mttr : null\n    };\n\n    return {\n        raw,\n        metrics\n    };\n}\n\nconst processed = $mappingResults.map(calculateMetrics);\nconst allMetrics = processed.map(p => p.metrics);\nconst metricKeys = [...new Set(allMetrics.flatMap(Object.keys))];\nconst meanMetrics = {};\n\nfor (const key of metricKeys) {\n    const nonNullValues = allMetrics.map(m => m[key]).filter(v => v !== null && !isNaN(v));\n\n    if (nonNullValues.length === 0) {\n        meanMetrics[key] = null;\n    } else {\n        const sum = nonNullValues.reduce((acc, n) => acc + n, 0);\n        const avg = sum / nonNullValues.length;\n        meanMetrics[key] = parseFloat(avg.toFixed(2));\n    }\n}\n\nconst sev1Items = processed.filter(p => p.raw.isSev1);\nconst sev2Items = processed.filter(p => p.raw.isSev2);\n\nfunction pct(count, denom) {\n    return denom === 0 ? null : parseFloat(((count / denom) * 100).toFixed(2));\n}\n\nconst sev1ByChangeCount = sev1Items.filter(p => p.raw.causedByChange).length;\nconst pctSev1ByChange = pct(sev1ByChangeCount, sev1Items.length);\n\nif (pctSev1ByChange !== 0 && pctSev1ByChange != null) {\n    meanMetrics.pct_sev1_incidents_by_change = pctSev1ByChange;\n} else {\n    meanMetrics.pct_sev1_incidents_by_change = null;\n}\n\nconst sev1DetectedByMonCount = sev1Items.filter(p => p.raw.detectedByMonitoring).length;\nconst pctSev1DetectedByMon = pct(sev1DetectedByMonCount, sev1Items.length);\n\nif (pctSev1DetectedByMon !== 0 && pctSev1DetectedByMon != null) {\n    meanMetrics.pct_sev1_incidents_detected_by_monitoring = pctSev1DetectedByMon;\n} else {\n    meanMetrics.pct_sev1_incidents_detected_by_monitoring = null;\n}\n\nconst sev2ByChangeCount = sev2Items.filter(p => p.raw.causedByChange).length;\nconst pctSev2ByChange = pct(sev2ByChangeCount, sev2Items.length);\n\nif (pctSev2ByChange !== 0 && pctSev2ByChange != null) {\n    meanMetrics.pct_sev2_incidents_by_change = pctSev2ByChange;\n} else {\n    meanMetrics.pct_sev2_incidents_by_change = null;\n}\n\nconst sev2DetectedByMonCount = sev2Items.filter(p => p.raw.detectedByMonitoring).length;\nconst pctSev2DetectedByMon = pct(sev2DetectedByMonCount, sev2Items.length);\n\nif (pctSev2DetectedByMon !== 0 && pctSev2DetectedByMon != null) {\n    meanMetrics.pct_sev2_incidents_detected_by_monitoring = pctSev2DetectedByMon;\n} else {\n    meanMetrics.pct_sev2_incidents_detected_by_monitoring = null;\n}\n\nconst totalDetectedByMonCount = processed.filter(p => p.raw.detectedByMonitoring).length;\nconst pctAllDetectedByMon = pct(totalDetectedByMonCount, processed.length);\n\nif (pctAllDetectedByMon !== 0 && pctAllDetectedByMon != null) {\n    meanMetrics.pct_incidents_detected_by_monitoring = pctAllDetectedByMon;\n} else {\n    meanMetrics.pct_incidents_detected_by_monitoring = null;\n}\n\nconst sev1ByChangeItems = processed.filter(p => p.raw.isSev1 && p.raw.causedByChange);\nconst sev1MttrByChangeValues = sev1ByChangeItems.map(p => p.metrics.mins_mttr).filter(v => v !== null && !isNaN(v));\nlet avgSev1MttrByChange;\n\nif (sev1MttrByChangeValues.length === 0) {\n    avgSev1MttrByChange = null;\n} else {\n    const sum = sev1MttrByChangeValues.reduce((acc, n) => acc + n, 0);\n    avgSev1MttrByChange = parseFloat((sum / sev1MttrByChangeValues.length).toFixed(2));\n}\n\nmeanMetrics.mins_mttr_sev1_by_change = avgSev1MttrByChange;\nconst sev2ByChangeItems = processed.filter(p => p.raw.isSev2 && p.raw.causedByChange);\nconst sev2MttrByChangeValues = sev2ByChangeItems.map(p => p.metrics.mins_mttr).filter(v => v !== null && !isNaN(v));\nlet avgSev2MttrByChange;\n\nif (sev2MttrByChangeValues.length === 0) {\n    avgSev2MttrByChange = null;\n} else {\n    const sum = sev2MttrByChangeValues.reduce((acc, n) => acc + n, 0);\n    avgSev2MttrByChange = parseFloat((sum / sev2MttrByChangeValues.length).toFixed(2));\n}\n\nmeanMetrics.mins_mttr_sev2_by_change = avgSev2MttrByChange;\nconst finalResult = Object.fromEntries(Object.entries(meanMetrics).filter(([_, v]) => v !== null));\nconst stringifiedResult = Object.fromEntries(Object.entries(finalResult).map(([k, v]) => [k, String(v)]));\n$transformedResult = stringifiedResult"}],"variables":[{"name":"result","required":false,"isInput":false,"isOutput":true,"level":"INTERMEDIATE","type":{"type":"any"},"value":"\"\""},{"name":"mappingResults","required":false,"isInput":true,"isOutput":false,"level":"INTERMEDIATE","type":{"type":"array"},"value":"[]"},{"name":"transformedResult","required":false,"isInput":false,"isOutput":true,"level":"INTERMEDIATE","type":{"type":"object"},"value":"{}"}],"meta":{"workerGroup":"default","created":1767354568642,"lastUpdated":1767354568642,"description":"This workflow is used to generate the calculated metrics ","layout":"flow","updatedByUsername":"admin","numberOfBlocks":1,"version":5},"finally":null}