{"name":"FetchAssessmentTime","platform":"node","hash":"DwlIo3KTFRDuAF+mZi/heB47Scn7yAoEaAGHTtn1KTU=","blocks":[{"action":"system/Common/Config Data/Get Config Data","name":"GetConfigData_1","inputs":[{"name":"authKey","value":"$concertConfigAuth"}]}, {"action":"comment","value":"Fetch time window for a given application and source system"}, {"action":"system/Common/HTTP/HTTP Request","name":"HTTPRequest_1","inputs":[{"name":"method","value":"\"GET\""},{"name":"host","value":"$GetConfigData_1.result.concert_host"},{"name":"protocol","value":"\"https\""},{"name":"port","value":"$GetConfigData_1.result.concert_port"},{"name":"path","value":"\"resilience/grader/api/v1/last_received_timestamps\""},{"name":"query","value":"{\n    \"origin\": $origin,\n    \"origin_name\" : $origin_name,\n    \"profile_name\": $profileName,\n    \"target_type\": \"app\",\n    \"target \": $applicationName\n}"},{"name":"headers","value":"{\n    \"InstanceId\": $GetConfigData_1.result.concert_instance_id\n}"},{"name":"bodyEncoding","value":"\"default\""},{"name":"authKey","value":"$concertAPIKey"}]}, {"name":"Function_1","function":"function isEmpty(value) {\n    return value === null || value === undefined || value === \"\" || (typeof value === \"object\" && Object.keys(value).length === 0);\n};\n\nlet startTime = $HTTPRequest_1.result.last_received_ts;\nlet endTime = $HTTPRequest_1.result.current_ts;\n\nif (!isEmpty(endTime)) {\n    if (isEmpty(startTime)) {\n        startTime = new Date(endTime).getTime() - $defaultWindowSize;\n    }\n}\n\n$result = {\n    \"startTimestamp\": new Date(startTime).getTime(),\n    \"endTimestamp\": new Date(endTime).getTime()\n}"}],"variables":[{"name":"concertAPIKey","required":true,"isInput":true,"isOutput":false,"level":"INTERMEDIATE","type":{"type":"string"},"value":"\"\"","meta":{"authType":"Common/APIKey","subType":"authentication"}},{"name":"concertConfigAuth","required":true,"isInput":true,"isOutput":false,"level":"INTERMEDIATE","type":{"type":"string"},"value":"\"\"","meta":{"authType":"Common/ConfigData","subType":"authentication"}},{"name":"applicationName","required":true,"isInput":true,"isOutput":false,"level":"INTERMEDIATE","type":{"type":"string"},"value":"\"\""},{"name":"profileName","required":true,"isInput":true,"isOutput":false,"level":"INTERMEDIATE","type":{"type":"string"},"value":"\"\""},{"name":"origin","required":true,"isInput":true,"isOutput":false,"level":"INTERMEDIATE","type":{"type":"string"},"value":"\"\""},{"name":"result","required":false,"isInput":false,"isOutput":true,"level":"INTERMEDIATE","type":{"type":"object"},"value":"{}"},{"name":"origin_name","required":true,"isInput":true,"isOutput":false,"level":"INTERMEDIATE","type":{"type":"string"},"value":"\"\""},{"name":"defaultWindowSize","required":true,"isInput":true,"isOutput":false,"level":"INTERMEDIATE","type":{"type":"number"},"value":"0"}],"meta":{"workerGroup":"default","created":1767354568424,"lastUpdated":1767354568424,"description":"This flow will query Resilience API to fetch last assessment time and current time for a given profile,application and source system","layout":"flat","updatedByUsername":"admin","numberOfBlocks":4,"version":5},"finally":null}