{"name":"Datadog_Resilence_Sample","platform":"node","hash":"SUpMadFAw4iwfmE/qz4iaRfcKiuUq7Vtsr8fvJh0f+c=","blocks":[{"action":"comment","value":"Fetches the start and end time (from resilience )for which we need to find the metric"}, {"action":"./helper/FetchAssessmentTime","name":"FetchTimeWindow","inputs":[{"name":"applicationName","value":"$applicationName"},{"name":"profileName","value":"$profileName"},{"name":"origin","value":"$origin"},{"name":"originName","value":"$originName"},{"name":"defaultWindowSize","value":"$defaultWindowSize"}]}, {"action":"comment","value":"Error handling when timestamp is not been received "}, {"name":"TransformTimestamp","function":"function isEmpty(value) {\n    return value === null || value === undefined || value === \"\" || (typeof value === \"object\" && Object.keys(value).length === 0);\n};\n\nif (isEmpty($startTimestamp)) {\n    $startTimestamp = (Math.trunc(($FetchTimeWindow.result.startTimestamp) / 1000)).toString();\n}\n\nif (isEmpty($endTimestamp)) {\n    $endTimestamp = (Math.trunc(($FetchTimeWindow.result.endTimestamp) / 1000)).toString();\n    $endTime = $FetchTimeWindow.result.endTimestamp;\n}\n\nif ($startTimestamp === \"\" || $endTimestamp === \"\" || isNaN($endTime)) {\n    $result = \"Error\";\n} else {\n    $result = \"Success\";\n}"}, {"action":"if","name":"If","condition":"$result === \"Success\"","then":[{"action":"comment","value":"Fetches the metrics from datadog for given timestamp"},{"action":"./Get_Datadog_Metrics","name":"GetDatadogMetrics","inputs":[{"name":"synTestId","value":"$synTestId"},{"name":"serviceName","value":"$serviceName"},{"name":"startTimestamp","value":"$startTimestamp"},{"name":"endTimestamp","value":"$endTimestamp"},{"name":"envName","value":"$envName"},{"name":"datadogAuth","value":"$datadogAuth"},{"name":"dataDogApiKey","value":"$dataDogApiKey"},{"name":"dataDogAppKey","value":"$dataDogAppKey"},{"name":"DataDogHost","value":"$dataDogHost"}]},{"action":"comment","value":"Error handling for get_metrics (when no data for given timestamp)"},{"action":"assign","name":"Assign_1","variable":"$result","value":"$GetDatadogMetrics.result"},{"name":"MetricResultValidation","function":"if($GetDatadogMetrics.result.availabity_metrics.result.series.length === 0 && $GetDatadogMetrics.result.synthetic_test_metrics.result.results.length === 0 && $GetDatadogMetrics.result.throughput_metrics.result.series.length === 0 && $GetDatadogMetrics.result.latency_metrics.result.series.length === 0){\n    $result = \"Error\";\n} else {\n    $result = \"Success\";\n}"},{"action":"if","name":"If_1","condition":"$result === \"Success\"","then":[{"action":"comment","value":"Transform the metrics to send to evaluate api of resilience"},{"name":"TransformMetric","function":"function transformDatadogMetrics(result) {\n    const errorRateAvailability = getMaxTimeSeriesValue(result.availabity_metrics);\n    const syntheticTestPassRate = getSyntheticTestPassRate(result.synthetic_test_metrics);\n    const transactionsPerSec = getMaxTimeSeriesValue(result.throughput_metrics);\n    const maxLatency = getMaxTimeSeriesValue(result.latency_metrics);\n\n    const resultData = {};\n\n    // --------------------------------------------------\n    // Availability by error rate\n    // --------------------------------------------------\n    if (errorRateAvailability > 0) {\n        resultData[\"pct_availability_by_error_rate\"] =\n            ((1 - errorRateAvailability) * 100).toFixed(2);\n        resultData[\"pct_slo_error_rate\"] =\n            (errorRateAvailability * 100).toFixed(2);\n    }\n\n    // --------------------------------------------------\n    // Synthetic test availability\n    // --------------------------------------------------\n    if (syntheticTestPassRate > 0) {\n        const pct = (syntheticTestPassRate * 100).toFixed(2);\n        resultData[\"pct_availability_by_synthetic_tests\"] = pct;\n        resultData[\"pct_availability_by_region_by_synthetic_tests\"] = pct;\n        resultData[\"pct_availability_by_region_by_error_rate\"] = pct;\n    }\n\n    // --------------------------------------------------\n    // Throughput\n    // --------------------------------------------------\n    if (transactionsPerSec > 0) {\n        resultData[\"num_throughput_transactions\"] =\n            transactionsPerSec.toFixed(2);\n    }\n\n    // --------------------------------------------------\n    // Latency\n    // --------------------------------------------------\n    if (maxLatency > 0) {\n        resultData[\"ms_slo_latency\"] =\n            (maxLatency * 1000).toFixed(2);\n    }\n\n    // ==================================================\n    // INCIDENT METRICS – SCORING\n    // ==================================================\n\n    // ---- Monitoring detection % ----\n    [\n        \"pct_incidents_detected_by_monitoring\",\n        \"pct_sev1_incidents_detected_by_monitoring\",\n        \"pct_sev2_incidents_detected_by_monitoring\"\n    ].forEach(key => {\n        if (result[key] != null) {\n            resultData[key] =\n                scorePctDetectedByMonitoring(Number(result[key])).toFixed(2);\n        }\n    });\n\n    // ---- MTTR (severity based) ----\n    [\"mins_mttr_sev1\", \"mins_mttr_sev2\"].forEach(key => {\n        if (result[key] != null) {\n            resultData[key] =\n                scoreMTTR(Number(result[key])).toFixed(2);\n        }\n    });\n\n    // ---- MTTR by change ----\n    [\"mins_mttr_sev1_by_change\", \"mins_mttr_sev2_by_change\"].forEach(key => {\n        if (result[key] != null) {\n            resultData[key] =\n                scoreMTTR(Number(result[key])).toFixed(2);\n        }\n    });\n\n    // ---- % incidents by change ----\n    [\"pct_sev1_incidents_by_change\", \"pct_sev2_incidents_by_change\"].forEach(key => {\n        if (result[key] != null) {\n            resultData[key] =\n                scorePctByChange(Number(result[key])).toFixed(2);\n        }\n    });\n\n    // ---- Canary release ----\n    if (result.pct_canary_release != null) {\n        resultData[\"pct_canary_release\"] =\n            scoreCanaryRelease(Number(result.pct_canary_release)).toFixed(2);\n    }\n\n    return { data: resultData };\n}\n\n// ==================================================\n// Helper functions\n// ==================================================\n\nfunction getMaxTimeSeriesValue(data) {\n    if (data?.result?.series?.length > 0) {\n        return Math.max(...data.result.series[0].pointlist.map(p => p[1]));\n    }\n    return 0;\n}\n\nfunction getSyntheticTestPassRate(data) {\n    const results = data?.result?.results || [];\n    if (!results.length) return 0;\n    return results.filter(r => r?.result?.passed).length / results.length;\n}\n\n// ==================================================\n// SCORING FUNCTIONS\n// ==================================================\n\nfunction scoreMTTR(minutes) {\n    if (minutes < 5) return 100;\n    if (minutes < 15) return linearScale(15 - minutes, 0, 10, 66.67, 100);\n    if (minutes < 30) return linearScale(30 - minutes, 0, 15, 33.33, 66.67);\n    if (minutes < 60) return linearScale(60 - minutes, 0, 30, 0, 33.33);\n    return 0;\n}\n\nfunction scorePctDetectedByMonitoring(pct) {\n    if (pct === 100) return 100;\n    if (pct > 95) return linearScale(pct, 95, 100, 66.67, 100);\n    if (pct > 75) return linearScale(pct, 75, 95, 33.33, 66.67);\n    if (pct > 50) return linearScale(pct, 50, 75, 0, 33.33);\n    return 0;\n}\n\nfunction scorePctByChange(pct) {\n    if (pct === 0) return 100;\n    if (pct < 5) return linearScale(5 - pct, 0, 5, 66.67, 100);\n    if (pct < 25) return linearScale(25 - pct, 0, 20, 33.33, 66.67);\n    if (pct < 50) return linearScale(50 - pct, 0, 25, 0, 33.33);\n    return 0;\n}\n\nfunction scoreCanaryRelease(pct) {\n    if (pct === 100) return 100;\n    if (pct > 80) return linearScale(pct, 80, 100, 75, 100);\n    if (pct > 60) return linearScale(pct, 60, 80, 50, 75);\n    if (pct > 40) return linearScale(pct, 40, 60, 25, 50);\n    if (pct > 20) return linearScale(pct, 20, 40, 0, 25);\n    return 0;\n}\n\nfunction linearScale(value, inMin, inMax, outMin, outMax) {\n    return outMin + ((value - inMin) * (outMax - outMin)) / (inMax - inMin);\n}\n\n// ==================================================\n// Invocation\n// ==================================================\n\n$result = transformDatadogMetrics($GetDatadogMetrics.result);\n"},{"action":"comment","value":"call evaluate api by passing the metrics got from datadog"},{"action":"./helper/LoadAssessments","name":"LoadAssessments","inputs":[{"name":"applicationName","value":"$applicationName"},{"name":"profileName","value":"$profileName"},{"name":"data","value":"$result.data"},{"name":"timestamp","value":"$endTime"},{"name":"originName","value":"$originName"},{"name":"originUrl","value":"$originUrl"},{"name":"applicationVersion","value":"$applicationVersion"},{"name":"origin","value":"$origin"}]},{"action":"comment","value":"When successful execution assessment id we get in ouput"},{"action":"assign","name":"FinalOutput","value":"$LoadAssessments.result","variable":"$result"}],"else":[{"action":"assign","name":"metric_err","variable":"$result","value":"{\n    \"status\": \"Error\",\n    \"message\": \"There is no data for the given timestamp\"\n}"}]}],"else":[{"action":"assign","name":"errorCase","value":"{\n    \"status\": \"Error\",\n    \"message\": \"Error while fetching assesment time window\"\n}","variable":"$result"}]}],"variables":[{"name":"result","required":false,"isInput":false,"isOutput":true,"level":"INTERMEDIATE","type":{"type":"any"},"value":"\"\""},{"name":"origin","required":true,"isInput":true,"isOutput":false,"level":"INTERMEDIATE","type":{"type":"string"},"value":"\"APM\""},{"name":"originName","required":true,"isInput":true,"isOutput":false,"level":"INTERMEDIATE","type":{"type":"string"},"value":"\"Datadog\""},{"name":"originUrl","required":true,"isInput":true,"isOutput":false,"level":"INTERMEDIATE","type":{"type":"string"},"value":"\"https://us5.datadoghq.com\""},{"name":"applicationVersion","required":true,"isInput":true,"isOutput":false,"level":"INTERMEDIATE","type":{"type":"string"},"value":"\"\""},{"name":"applicationName","required":true,"isInput":true,"isOutput":false,"level":"INTERMEDIATE","type":{"type":"string"},"value":"\"\""},{"name":"profileName","required":true,"isInput":true,"isOutput":false,"level":"INTERMEDIATE","type":{"type":"string"},"value":"\"nfr_critical_apps_profile\""},{"name":"defaultWindowSize","required":true,"isInput":true,"isOutput":false,"level":"INTERMEDIATE","type":{"type":"number"},"value":"30000"},{"name":"startTimestamp","required":false,"isInput":false,"isOutput":true,"level":"INTERMEDIATE","type":{"type":"string"},"value":"\"\""},{"name":"endTimestamp","required":false,"isInput":false,"isOutput":true,"level":"INTERMEDIATE","type":{"type":"string"},"value":"\"\""},{"name":"serviceName","required":true,"isInput":true,"isOutput":false,"level":"INTERMEDIATE","type":{"type":"string"},"value":"\"\""},{"name":"envName","required":true,"isInput":true,"isOutput":false,"level":"INTERMEDIATE","type":{"type":"string"},"value":"\"\""},{"name":"synTestId","required":true,"isInput":true,"isOutput":false,"level":"INTERMEDIATE","type":{"type":"string"},"value":"\"\""},{"name":"datadogAuth","required":true,"isInput":true,"isOutput":false,"level":"INTERMEDIATE","type":{"type":"string"},"value":"\"\"","meta":{"authType":"Datadog","subType":"authentication"}},{"name":"endTime","required":false,"isInput":false,"isOutput":true,"level":"INTERMEDIATE","type":{"type":"number"},"value":"0"},{"name":"dataDogApiKey","required":true,"isInput":true,"isOutput":false,"level":"INTERMEDIATE","type":{"type":"string"},"value":"\"\""},{"name":"dataDogAppKey","required":true,"isInput":true,"isOutput":false,"level":"INTERMEDIATE","type":{"type":"string"},"value":"\"\""},{"name":"dataDogHost","required":true,"isInput":true,"isOutput":false,"level":"INTERMEDIATE","type":{"type":"string"},"value":"\"api.us5.datadoghq.com\""}],"meta":{"workerGroup":"default","created":1772005440744,"lastUpdated":1772005496265,"layout":"flat","updatedByUsername":"anton.cholakov","numberOfBlocks":19,"version":5,"tags":[{"name":"Consumer","value":"Concert"},{"name":"Concert version","value":"2.3.0"},{"name":"Category","value":"Resilience"}]},"finally":null}