{"name":"Get_Datadog_Metrics","platform":"node","hash":"6OTAyUc0a4ftHDY5AzZWJkjL1Zm1GhsPdlg7KKFwGh4=","blocks":[{"name":"getMetricQuery","function":"function getMetricQuery(serviceIdentity) {\n    return {\n        data: {\n            \"error_rate_metric\": `avg:trace.http.request.errors${serviceIdentity}.as_count() / avg:trace.http.request.hits${serviceIdentity}.as_count()`,\n            \"throughput_metric\": `sum:trace.http.request.hits${serviceIdentity}.as_count()`,\n            \"latency_metric\": `avg:trace.http.request${serviceIdentity}`\n        }\n    };\n};\n\nfunction getServiceIdentifier(envName, serviceName) {\n    return `{env:${envName},service:${serviceName}}`;\n}\n\nconst serviceIdentity = getServiceIdentifier($envName, $serviceName);\n$metricQuery = getMetricQuery(serviceIdentity)"}, {"name":"Split_1","action":"split","branches":[{"blocks":[{"action":"comment","value":"fetches the metrics for error_rate from datadog"},{"action":"system/Datadog/Metrics/Query Time Series Points","name":"get_error_rate","inputs":[{"name":"authKey","value":"$datadogAuth"},{"name":"from","value":"$startTimestamp"},{"name":"to","value":"$endTimestamp"},{"name":"query","value":"$metricQuery.data.error_rate_metric"}]}]},{"blocks":[{"action":"comment","value":"fetches the metrics for synthetic test from datadog"},{"action":"system/Datadog/Synthetics/Get all test results","name":"get_synthetic_metric","inputs":[{"name":"authKey","value":"$datadogAuth"},{"name":"public_id","value":"$synTestId"}]}]},{"blocks":[{"action":"comment","value":"fetches the throughput metric  from datadog"},{"action":"system/Datadog/Metrics/Query Time Series Points","name":"get_throughput_metric","inputs":[{"name":"authKey","value":"$datadogAuth"},{"name":"from","value":"$startTimestamp"},{"name":"to","value":"$endTimestamp"},{"name":"query","value":"$metricQuery.data.throughput_metric"}]}]},{"blocks":[{"action":"comment","value":"fetches the latency metric  from datadog"},{"action":"system/Datadog/Metrics/Query Time Series Points","name":"get_latency_metric","inputs":[{"name":"authKey","value":"$datadogAuth"},{"name":"from","value":"$startTimestamp"},{"name":"to","value":"$endTimestamp"},{"name":"query","value":"$metricQuery.data.latency_metric"}]}]}]}, {"action":"comment","value":"returning the merged metric object as a response "}, {"action":"assign","name":"datadog_metrics","variable":"$result","value":"{\n    \"availabity_metrics\": $get_error_rate,\n    \"synthetic_test_metrics\": $get_synthetic_metric,\n    \"throughput_metrics\": $get_throughput_metric,\n    \"latency_metrics\": $get_latency_metric\n}"}],"variables":[{"name":"result","required":false,"isInput":false,"isOutput":true,"level":"INTERMEDIATE","type":{"type":"any"},"value":"\"\""},{"name":"synTestId","required":true,"isInput":true,"isOutput":false,"level":"INTERMEDIATE","type":{"type":"any"},"value":"\"\""},{"name":"serviceName","required":true,"isInput":true,"isOutput":false,"level":"INTERMEDIATE","type":{"type":"string"},"value":"\"\""},{"name":"startTimestamp","required":true,"isInput":true,"isOutput":false,"level":"INTERMEDIATE","type":{"type":"string"},"value":"\"\""},{"name":"endTimestamp","required":true,"isInput":true,"isOutput":false,"level":"INTERMEDIATE","type":{"type":"string"},"value":"\"\""},{"name":"envName","required":true,"isInput":true,"isOutput":false,"level":"INTERMEDIATE","type":{"type":"string"},"value":"\"\""},{"name":"metricQuery","required":false,"isInput":false,"isOutput":false,"level":"INTERMEDIATE","type":{"type":"any"},"value":"\"\""},{"name":"datadogAuth","required":true,"isInput":true,"isOutput":false,"level":"INTERMEDIATE","type":{"type":"string"},"value":"\"\"","meta":{"authType":"Datadog","subType":"authentication"}}],"meta":{"workerGroup":"default","created":1771278766502,"lastUpdated":1771278803820,"description":"This workflow retrieves performance metrics from Datadog over a specified time period, calculates availability and error rates, and sends to the main flow","layout":"flow","updatedByUsername":"admin","numberOfBlocks":16,"version":5,"tags":[{"name":"Consumer","value":"Concert"},{"name":"Concert version","value":"2.3.0"},{"name":"Category","value":"Resilience"}]},"finally":null}