{"name":"Get_Datadog_Metrics","platform":"node","hash":"rh+tUB/j4bRvI6FvoK8v4FEoS2bSFOsAymSQQZq5/+E=","blocks":[{"name":"getMetricQuery","function":"function getMetricQuery(serviceIdentity) {\n    return {\n        data: {\n            \"error_rate_metric\": `avg:trace.http.request.errors${serviceIdentity}.as_count() / avg:trace.http.request.hits${serviceIdentity}.as_count()`,\n            \"throughput_metric\": `sum:trace.http.request.hits${serviceIdentity}.as_count()`,\n            \"latency_metric\": `avg:trace.http.request${serviceIdentity}`\n        }\n    };\n};\n\nfunction getServiceIdentifier(envName, serviceName) {\n    return `{env:${envName},service:${serviceName}}`;\n}\n\nconst serviceIdentity = getServiceIdentifier($envName, $serviceName);\n$metricQuery = getMetricQuery(serviceIdentity)"}, {"name":"Split_1","action":"split","branches":[{"blocks":[{"action":"comment","value":"fetches the metrics for error_rate from datadog"},{"action":"system/Datadog/Metrics/Query Time Series Points","name":"get_error_rate","inputs":[{"name":"authKey","value":"$datadogAuth"},{"name":"from","value":"$startTimestamp"},{"name":"to","value":"$endTimestamp"},{"name":"query","value":"$metricQuery.data.error_rate_metric"}]}]},{"blocks":[{"action":"comment","value":"fetches the metrics for synthetic test from datadog"},{"action":"system/Datadog/Synthetics/Get all test results","name":"get_synthetic_metric","inputs":[{"name":"authKey","value":"$datadogAuth"},{"name":"public_id","value":"$synTestId"}]}]},{"blocks":[{"action":"comment","value":"fetches the throughput metric  from datadog"},{"action":"system/Datadog/Metrics/Query Time Series Points","name":"get_throughput_metric","inputs":[{"name":"authKey","value":"$datadogAuth"},{"name":"from","value":"$startTimestamp"},{"name":"to","value":"$endTimestamp"},{"name":"query","value":"$metricQuery.data.throughput_metric"}]}]},{"blocks":[{"action":"comment","value":"fetches the latency metric  from datadog"},{"action":"system/Datadog/Metrics/Query Time Series Points","name":"get_latency_metric","inputs":[{"name":"authKey","value":"$datadogAuth"},{"name":"from","value":"$startTimestamp"},{"name":"to","value":"$endTimestamp"},{"name":"query","value":"$metricQuery.data.latency_metric"}]}]},{"blocks":[{"action":"system/Common/HTTP/HTTP Request","name":"getIncidents","inputs":[{"name":"method","value":"\"GET\""},{"name":"host","value":"$DataDogHost"},{"name":"protocol","value":"\"https\""},{"name":"port","value":"443"},{"name":"path","value":"\"/api/v2/incidents/search\""},{"name":"query","value":"{\n    \"query\": `severity:(SEV-1 OR SEV-2) AND services:${$serviceName}`,\n\n    \"page\": {\n        \"size\": 100,\n        \"offset\": 0\n    }\n}"},{"name":"headers","value":"{\n    \"DD-API-KEY\": $dataDogApiKey,\n    \"DD-APPLICATION-KEY\": $dataDogAppKey,\n    \"Content-Type\": \"application/x-www-form-urlencoded\"\n}"}]},{"action":"assign","name":"Assign_1","variable":"$incidentList","value":"$getIncidents?.result?.data?.attributes?.incidents || []"},{"action":"if","name":"If_1","condition":"$incidentList.length != 0","then":[{"name":"Split_2","action":"split","branches":[{"blocks":[{"action":"foreach-parallel","name":"ForEachParallelSeverity","list":"$incidentList","concurrency":"1","blocks":[{"name":"Function_2","function":"// -----------------------------------------------\n// Current incident (from ForEach)\n// -----------------------------------------------\nconst incident = $ForEachParallelSeverity?.item;\n\n// If item is missing, stop safely\nif (!incident || !incident.data || !incident.data.attributes) {\n  return;\n}\n\n// -----------------------------------------------\n// Safely extract attributes\n// -----------------------------------------------\nconst attributes = incident.data.attributes;\n\nconst severity = attributes?.severity || \"\";\nconst rootCause = attributes?.fields?.root_cause?.value || \"\";\nconst detectionMethod = attributes?.fields?.detection_method?.value || \"\";\n\n// -----------------------------------------------\n// Increment total count\n// -----------------------------------------------\n$incidentCounters.totalIncidents =\n  ($incidentCounters.totalIncidents || 0) + 1;\n\n// -----------------------------------------------\n// Severity Counters\n// -----------------------------------------------\nif (severity === \"SEV-1\") {\n  $incidentCounters.sev1Count =\n    ($incidentCounters.sev1Count || 0) + 1;\n}\n\nif (severity === \"SEV-2\") {\n  $incidentCounters.sev2Count =\n    ($incidentCounters.sev2Count || 0) + 1;\n}\n\n// -----------------------------------------------\n// Root Cause = change/deployment\n// -----------------------------------------------\nif (rootCause === \"change/deployment\") {\n  if (severity === \"SEV-1\") {\n    $incidentCounters.sev1ByChange =\n      ($incidentCounters.sev1ByChange || 0) + 1;\n  }\n\n  if (severity === \"SEV-2\") {\n    $incidentCounters.sev2ByChange =\n      ($incidentCounters.sev2ByChange || 0) + 1;\n  }\n}\n\n// -----------------------------------------------\n// Detection Method = monitor\n// -----------------------------------------------\nif (detectionMethod === \"monitor\") {\n  if (severity === \"SEV-1\") {\n    $incidentCounters.sev1ByMonitoring =\n      ($incidentCounters.sev1ByMonitoring || 0) + 1;\n  }\n\n  if (severity === \"SEV-2\") {\n    $incidentCounters.sev2ByMonitoring =\n      ($incidentCounters.sev2ByMonitoring || 0) + 1;\n  }\n}"}]}]},{"blocks":[{"action":"foreach-parallel","name":"ForEachParallelMTTR","list":"$incidentList","concurrency":"1","blocks":[{"name":"Function_3","function":"// -----------------------------------------------\n// Read counters safely\n// -----------------------------------------------\nlet c = $incidentCounters || {};\n\n// -----------------------------------------------\n// Get current incident safely\n// -----------------------------------------------\nconst incident = $ForEachParallelMTTR?.item;\nconst attributes = incident?.data?.attributes;\n\nif (!attributes) return;\n\n// -----------------------------------------------\n// Extract values safely\n// -----------------------------------------------\nconst severity = attributes?.severity || \"\";\nconst rootCause = attributes?.fields?.root_cause?.value || \"\";\nconst mttr = attributes?.time_to_resolve || 0;\n\n// -----------------------------------------------\n// Only count resolved incidents with MTTR\n// -----------------------------------------------\nif (mttr > 0) {\n\n  // Overall MTTR\n  c.mttrTotal = (c.mttrTotal || 0) + mttr;\n\n  // SEV-1\n  if (severity === \"SEV-1\") {\n\n    c.mttrSev1Total = (c.mttrSev1Total || 0) + mttr;\n\n    if (rootCause === \"change/deployment\") {\n      c.mttrSev1ByChangeTotal =\n        (c.mttrSev1ByChangeTotal || 0) + mttr;\n    }\n  }\n\n  // SEV-2\n  if (severity === \"SEV-2\") {\n\n    c.mttrSev2Total = (c.mttrSev2Total || 0) + mttr;\n\n    if (rootCause === \"change/deployment\") {\n      c.mttrSev2ByChangeTotal =\n        (c.mttrSev2ByChangeTotal || 0) + mttr;\n    }\n  }\n}\n\n// -----------------------------------------------\n// Write back\n// -----------------------------------------------\n$incidentCounters = c;"}]}]}]}],"else":[]},{"name":"Function_4","function":"// Read counters\nconst c = $incidentCounters || {};\n\n// Safe helpers\nconst safeDiv = (num, den) => (den && den > 0 ? num / den : 0);\nconst toMinutesAvg = (totalSeconds, count) =>\n  safeDiv(totalSeconds, count) / 60;\n\n// Final metrics calculation (ALIGNED TO DEFINITIONS)\nconst incidentMetricsList = {\n  // Percentages\n  pct_sev1_incidents_by_change:\n    safeDiv(c.sev1ByChange, c.sev1Count) * 100,\n\n  pct_sev1_incidents_detected_by_monitoring:\n    safeDiv(c.sev1ByMonitoring, c.sev1Count) * 100,\n\n  pct_sev2_incidents_by_change:\n    safeDiv(c.sev2ByChange, c.sev2Count) * 100,\n\n  pct_sev2_incidents_detected_by_monitoring:\n    safeDiv(c.sev2ByMonitoring, c.sev2Count) * 100,\n\n  // MTTR — AVERAGES (minutes)\n  mins_mttr:\n    toMinutesAvg(c.mttrTotal, c.totalIncidents).toFixed(2),\n\n  mins_mttr_sev1:\n    toMinutesAvg(c.mttrSev1Total, c.sev1Count).toFixed(2),\n\n  mins_mttr_sev1_by_change:\n    toMinutesAvg(c.mttrSev1ByChangeTotal, c.sev1ByChange).toFixed(2),\n\n  mins_mttr_sev2:\n    toMinutesAvg(c.mttrSev2Total, c.sev2Count).toFixed(2),\n\n  mins_mttr_sev2_by_change:\n    toMinutesAvg(c.mttrSev2ByChangeTotal, c.sev2ByChange).toFixed(2)\n};\n\n$incidentMetrics = incidentMetricsList;\n"}]}]}, {"action":"comment","value":"returning the merged metric object as a response "}, {"action":"assign","name":"datadog_metrics","variable":"$result","value":"{\n    \"availabity_metrics\": $get_error_rate,\n    \"synthetic_test_metrics\": $get_synthetic_metric,\n    \"throughput_metrics\": $get_throughput_metric,\n    \"latency_metrics\": $get_latency_metric,\n    \"pct_sev1_incidents_by_change\": $incidentMetrics.pct_sev1_incidents_by_change,\n    \"pct_sev1_incidents_detected_by_monitoring\": $incidentMetrics.pct_sev1_incidents_detected_by_monitoring,\n    \"pct_sev2_incidents_by_change\": $incidentMetrics.pct_sev2_incidents_by_change,\n    \"pct_sev2_incidents_detected_by_monitoring\": $incidentMetrics.pct_sev2_incidents_detected_by_monitoring,\n    \"mins_mttr\": $incidentMetrics.mins_mttr,\n    \"mins_mttr_sev1\": $incidentMetrics.mins_mttr_sev1,\n    \"mins_mttr_sev1_by_change\": $incidentMetrics.mins_mttr_sev1_by_change,\n    \"mins_mttr_sev2\": $incidentMetrics.mins_mttr_sev2,\n    \"mins_mttr_sev2_by_change\": $incidentMetrics.mins_mttr_sev2_by_change\n}"}],"variables":[{"name":"result","required":false,"isInput":false,"isOutput":true,"level":"INTERMEDIATE","type":{"type":"any"},"value":"\"\""},{"name":"synTestId","required":true,"isInput":true,"isOutput":false,"level":"INTERMEDIATE","type":{"type":"any"},"value":"\"\""},{"name":"serviceName","required":true,"isInput":true,"isOutput":false,"level":"INTERMEDIATE","type":{"type":"string"},"value":"\"\""},{"name":"startTimestamp","required":true,"isInput":true,"isOutput":false,"level":"INTERMEDIATE","type":{"type":"string"},"value":"\"\""},{"name":"endTimestamp","required":true,"isInput":true,"isOutput":false,"level":"INTERMEDIATE","type":{"type":"string"},"value":"\"\""},{"name":"envName","required":true,"isInput":true,"isOutput":false,"level":"INTERMEDIATE","type":{"type":"string"},"value":"\"\""},{"name":"metricQuery","required":false,"isInput":false,"isOutput":false,"level":"INTERMEDIATE","type":{"type":"any"},"value":"\"\""},{"name":"datadogAuth","required":true,"isInput":true,"isOutput":false,"level":"INTERMEDIATE","type":{"type":"string"},"value":"\"\"","meta":{"authType":"Datadog","subType":"authentication"}},{"name":"incidentList","required":false,"isInput":false,"isOutput":true,"level":"INTERMEDIATE","type":{"type":"array"},"value":"[]"},{"name":"incidentCounters","required":false,"isInput":false,"isOutput":true,"level":"INTERMEDIATE","type":{"type":"object"},"value":"{\n    \"totalIncidents\": 0,\n    \"sev1Count\": 0,\n    \"sev2Count\": 0,\n    \"sev1ByChange\": 0,\n    \"sev2ByChange\": 0,\n    \"sev1ByMonitoring\": 0,\n    \"sev2ByMonitoring\": 0,\n    \"mttrTotal\": 0,\n    \"mttrSev1Total\": 0,\n    \"mttrSev2Total\": 0,\n    \"mttrSev1ByChangeTotal\": 0,\n    \"mttrSev2ByChangeTotal\": 0\n}"},{"name":"incidentMetrics","required":false,"isInput":false,"isOutput":true,"level":"INTERMEDIATE","type":{"type":"object"},"value":"{\n    \"pct_sev1_incidents_by_change\": 0,\n    \"pct_sev1_incidents_detected_by_monitoring\": 0,\n    \"pct_sev2_incidents_by_change\": 0,\n    \"pct_sev2_incidents_detected_by_monitoring\": 0,\n    \"mins_mttr\": 0,\n    \"mins_mttr_sev1\": 0,\n    \"mins_mttr_sev1_by_change\": 0,\n    \"mins_mttr_sev2\": 0,\n    \"mins_mttr_sev2_by_change\": 0\n}"},{"name":"dataDogApiKey","required":true,"isInput":true,"isOutput":false,"level":"INTERMEDIATE","type":{"type":"string"},"value":"\"\""},{"name":"dataDogAppKey","required":true,"isInput":true,"isOutput":false,"level":"INTERMEDIATE","type":{"type":"string"},"value":"\"\""},{"name":"DataDogHost","required":true,"isInput":true,"isOutput":false,"level":"INTERMEDIATE","type":{"type":"string"},"value":"\"\""}],"meta":{"workerGroup":"default","created":1772005440763,"lastUpdated":1772005509085,"description":"This workflow retrieves performance metrics from Datadog over a specified time period, calculates availability and error rates, and sends to the main flow","layout":"flow","updatedByUsername":"anton.cholakov","numberOfBlocks":28,"version":5,"tags":[{"name":"Consumer","value":"Concert"},{"name":"Concert version","value":"2.3.0"},{"name":"Category","value":"Resilience"}]},"finally":null}