{"name":"Ingest_JSON_Certificates_to_IBM Concert","platform":"node","hash":"yf0XFPuUYp0tQo1qiZB5m9ksZMHmaWw88AL/NRXAb6w=","blocks":[{"action":"comment","value":"Certificate upload to Concert"}, {"action":"system/IBM/Concert/Import Data/Upload Files to Concert","name":"uploadFile","inputs":[{"name":"authKey","value":"$concert_auth"},{"name":"file","value":"{\n    \"data_type\": $data_type,\n    \"filename\": $json\n}"},{"name":"fileType","value":"\"json\""}]}, {"action":"assign","name":"Assign_1","variable":"$result","value":"$uploadFile.result"}],"variables":[{"name":"json","required":true,"isInput":true,"isOutput":false,"level":"INTERMEDIATE","type":{"type":"string"},"value":"\"\""},{"name":"data_type","required":true,"isInput":true,"isOutput":false,"level":"INTERMEDIATE","type":{"type":"string"},"value":"\"certificate\""},{"name":"result","required":false,"isInput":false,"isOutput":true,"level":"INTERMEDIATE","type":{"type":"any"},"value":"\"\""},{"name":"concert_auth","required":true,"isInput":true,"isOutput":false,"level":"INTERMEDIATE","type":{"type":"string"},"value":"\"\"","meta":{"authType":"ANY","subType":"authentication"}}],"meta":{"workerGroup":"default","created":1765523589360,"lastUpdated":1765523589360,"description":"Ingest certificates data into IBM Concert","layout":"flow","updatedByUsername":"concert","numberOfBlocks":3,"version":5},"finally":null}