{"name":"pre_tool_extract_info","platform":"node","hash":"O1WEY2VeJ12nmj75O2NPmfGq7e6Zn01N2pGHFpZ2mNA=","blocks":[{"action":"if","name":"is_concert_vault","condition":"$in_is_concert_vault","then":[{"action":"system/Common/SSH/SSH","name":"ssh_cmd","inputs":[{"name":"authKey","value":"$in_server_authkey"},{"name":"command","value":"$in_cmd"},{"name":"host","value":"$in_server_host"},{"name":"port","value":"$in_ssh_port"}]},{"action":"assign","name":"success_ssh","variable":"$success","value":"$ssh_cmd.success"},{"action":"if","name":"If_success","condition":"$ssh_cmd.success","then":[{"action":"try","name":"Try_1","try":[{"name":"Function_1","function":"$t_data = $ssh_cmd.result;\n\nif ($t_data.endsWith(\"\\n\")) {\n    $t_data = $t_data.slice(0, -1);\n}"},{"action":"if","name":"If_new_line","condition":"$t_data.includes(\"\\n\")","then":[{"action":"assign","name":"assign_res","variable":"$t_result","value":"$t_data.replace(/\"/g, \"\").split(\"\\n\")"}],"else":[{"action":"assign","name":"assign_res_n","variable":"$t_result","value":"$t_data.replace(/\"/g, \"\").split(\" \")"}]},{"action":"foreach","name":"For_clean","list":"$t_result","blocks":[{"action":"if","name":"If_empty","condition":"$For_clean.item != \"\"","then":[{"action":"system/Common/Array/Array Push","name":"add_result","inputs":[{"name":"array","value":"$result"},{"name":"item","value":"$For_clean.item"}]}],"else":[]}]}],"catch":[{"action":"assign","name":"error_ssh_1","variable":"$success","value":"false"}]}],"else":[{"action":"system/Common/Array/Array Push","name":"error_1","inputs":[{"name":"array","value":"$error"},{"name":"item","value":"\"SSH Exit Code: \" + $ssh_cmd.exitcode + \" msg: \" + $ssh_cmd.error"}]}]}],"else":[]}],"variables":[{"name":"in_server_authkey","required":true,"isInput":true,"isOutput":false,"level":"INTERMEDIATE","type":{"type":"string"},"value":"\"\""},{"name":"in_is_concert_vault","required":true,"isInput":true,"isOutput":false,"level":"INTERMEDIATE","type":{"type":"boolean"},"value":"true"},{"name":"in_server_host","required":true,"isInput":true,"isOutput":false,"level":"INTERMEDIATE","type":{"type":"string"},"value":"\"\""},{"name":"in_cmd","required":true,"isInput":true,"isOutput":false,"level":"INTERMEDIATE","type":{"type":"string"},"value":"\"\""},{"name":"in_ssh_port","required":true,"isInput":true,"isOutput":false,"level":"INTERMEDIATE","type":{"type":"number"},"value":"22"},{"name":"result","required":false,"isInput":false,"isOutput":true,"level":"INTERMEDIATE","type":{"type":"array"},"value":"[]"},{"name":"success","required":false,"isInput":false,"isOutput":true,"level":"INTERMEDIATE","type":{"type":"boolean"},"value":"false"},{"name":"error","required":false,"isInput":false,"isOutput":true,"level":"INTERMEDIATE","type":{"type":"array"},"value":"[]"},{"name":"debug","required":false,"isInput":false,"isOutput":true,"level":"INTERMEDIATE","type":{"type":"array"},"value":"[]"},{"name":"t_result","required":false,"isInput":false,"isOutput":false,"level":"INTERMEDIATE","type":{"type":"array"},"value":"[]"},{"name":"t_data","required":false,"isInput":false,"isOutput":false,"level":"INTERMEDIATE","type":{"type":"array"},"value":"[]"}],"meta":{"workerGroup":"default","layout":"flow","version":5,"lastUpdated":1762450744858,"updatedByUsername":"ibmconcert","numberOfBlocks":14,"created":1762450744858},"finally":null}