{"name":"Create a JSON of Kubernetes kubeadm Certificate","platform":"node","hash":"egZzz9u1i59JQVS+wjfmvUaxuVUr4g6nZaXZWCKZZOI=","blocks":[{"action":"system/Common/Status Message Update","name":"StatusMessageUpdate_Checking_Metadata","inputs":[{"name":"message","value":"\"Checking metadata...\""}]}, {"action":"foreach","name":"foreachCertificates","list":"$certificates","blocks":[{"action":"system/Common/Status Message Update","name":"StatusMessageUpdate_Checking_Metadata_1","inputs":[{"name":"message","value":"\"Converting certificate \"+$foreachCertificates.index+\" out of \"+$foreachCertificates.count+\"...\""}]},{"action":"switch","name":"checkCertificateDiscoveryType","expression":"$foreachCertificates.item","cases":[{"value":"\"aws_cm\"","blocks":[{"action":"comment","value":"If certificate is aws_cm (currently the only supported)"},{"action":"assign","name":"assignAwsCm","variable":"$tempRnaMetadata","value":"{\n    \"rna\": true,\n    \"rna_metadata_version\": \"1.0\",\n    \"rna_concert_env\": $metadata.env_name,\n    \"rna_service_auth\": $service_auth,\n    \"rna_service\": $foreachCertificates.item.metadata.service,\n    \"rna_file\": $foreachCertificates.item.metadata.file\n}"}]}],"default":[{"action":"comment","value":"If certificate is not managed by RNA"}]},{"name":"utcDT","function":"const validFrom = $foreachCertificates.item.validFrom ? $foreachCertificates.item.validFrom : null;\nconst validTo = $foreachCertificates.item.validTo ? $foreachCertificates.item.validTo : null;\n\n$tempUtc = [convertDateToUTC(validFrom), convertDateToUTC(validTo)];\n\nfunction convertDateToUTC(dateString){\n    if(!dateString){\n        return null;\n    }\n    const dt = new Date(dateString);\n    const year = dt.getUTCFullYear();\n    const month = String(dt.getUTCMonth() + 1).padStart(2, '0');\n    const day = String(dt.getUTCDate()).padStart(2, '0');\n    const hours = String(dt.getUTCHours()).padStart(2, '0');\n    const minutes = String(dt.getUTCMinutes()).padStart(2, '0');\n    const seconds = String(dt.getUTCSeconds()).padStart(2, '0');\n\n    return `${year}-${month}-${day} ${hours}:${minutes}:${seconds} +0000 UTC`\n}"},{"action":"system/Common/Array/Array Push","name":"fillSBOMData","inputs":[{"name":"array","value":"$result.components"},{"name":"item","value":"{\n    \"type\": \"certificate\",\n\n    \"ref\": String(\n        \"certificate:\" + ($foreachCertificates.item.serialNumber ? $foreachCertificates.item.serialNumber : \"\")\n    ),\n    \"serial_number\": $foreachCertificates.item.serialNumber ? $foreachCertificates.item.serialNumber : \"\",\n\n    \"properties\": [{\n        \"name\": \"subject\",\n        \"value\": $foreachCertificates.item.subject ? $foreachCertificates.item.subject : \"\"\n    }, {\n        \"name\": \"issuer\",\n        \"value\": $foreachCertificates.item.issuer ? $foreachCertificates.item.issuer : \"\"\n    }, {\n        \"name\": \"validity_start_date\",\n        \"value\": $tempUtc[0]\n    }, {\n        \"name\": \"validity_end_date\",\n        \"value\": $tempUtc[1]\n    }, {\n        \"name\": \"dns_names\",\n        \"value\": $foreachCertificates.item.subjectAltName ? \"\\\"\" + $foreachCertificates.item.subjectAltName + \"\\\"\" : \"\"\n    }, {\n        \"name\": \"metadata\",\n        \"value\": JSON.stringify($tempRnaMetadata)\n    }]\n}"}]},{"action":"assign","name":"Assign_environment_details","variable":"$result.dependencies[0].ref","value":"\"environment:\" + $environment"},{"action":"system/Common/Array/Array Push","name":"addDependency","inputs":[{"name":"array","value":"$result.dependencies[0].depends_on"},{"name":"item","value":"String(\"certificate:\" + ($foreachCertificates.item.serialNumber ? $foreachCertificates.item.serialNumber : \"\"))"}]}]}, {"name":"cleanResult","function":"$result = cleanObject($result);\n\nfunction cleanObject(obj) {\n    if (Array.isArray(obj)) {\n        return obj.map(cleanObject).filter(item => !isEmpty(item));\n    } else if (typeof obj === \"object\" && obj !== null) {\n        let cleanedObject = {};\n\n        for (let key in obj) {\n            let cleanedValue = cleanObject(obj[key]);\n\n            if (!isEmpty(cleanedValue)) {\n                cleanedObject[key] = cleanedValue;\n            }\n        }\n\n        return cleanedObject;\n    }\n\n    return obj;\n}\n\nfunction isEmpty(value) {\n    if (value === \"\" || (Array.isArray(value) && value.length === 0) || (typeof value === \"object\" && value !== null && Object.keys(value).length == 0)) {\n        return true;\n    }\n\n    if (typeof value === \"object\" && value !== null) {\n        if (value.name && !value.value) {\n            return true;\n        }\n    }\n\n    return false;\n}"}],"variables":[{"name":"certificates","required":true,"isInput":true,"isOutput":false,"level":"INTERMEDIATE","type":{"type":"array"},"value":"[]"},{"name":"service_auth","required":false,"isInput":true,"isOutput":false,"level":"INTERMEDIATE","type":{"type":"string"},"value":"\"\""},{"name":"tempUtc","required":false,"isInput":false,"isOutput":false,"level":"INTERMEDIATE","type":{"type":"array"},"value":"[]"},{"name":"environment","required":true,"isInput":true,"isOutput":false,"level":"INTERMEDIATE","type":{"type":"string"},"value":"\"\""},{"name":"tempRnaMetadata","required":false,"isInput":false,"isOutput":false,"level":"INTERMEDIATE","type":{"type":"object"},"value":"{\n    \"rna\": true,\n    \"rna_metadata_version\": \"1.0\",\n    \"rna_concert_env\": \"\",\n    \"rna_service_auth\": \"\"\n}"},{"name":"result","required":false,"isInput":false,"isOutput":true,"level":"INTERMEDIATE","type":{"type":"object"},"value":"{\n    \"components\": [],\n    \"dependencies\": [{\n        \"ref\": \"\",\n        \"depends_on\": []\n    }]\n}"}],"meta":{"workerGroup":"default","created":1771275501632,"lastUpdated":1771275501632,"description":"Creates a JSON of Kubernetes kubeadm certificate, while converting timestamp from GMT to UTC","layout":"flow","updatedByUsername":"admin","numberOfBlocks":13,"version":5},"finally":null}