{"name":"dis_tomcat_flow","platform":"node","hash":"Dmyz6EsUmWOO4+f9w9Ggj7qpf4nFnjfsEyslWYVwrZg=","blocks":[{"action":"comment","value":"---- Discovery  ----"}, {"action":"system/Common/Status Message Update","name":"Status_dis","inputs":[{"name":"message","value":"\"Discovery\""}]}, {"action":"comment","value":"Identification + tomcat"}, {"action":"system/Common/Status Message Update","name":"status_discovery","inputs":[{"name":"message","value":"\"Discovery started for: \" + $in_target.cred.target"}]}, {"action":"if","name":"If_dis_success","condition":"$in_java_apps.success","then":[{"action":"if","name":"If_tomcat_found","condition":"$in_java_apps.result.tomcats.length > 0","then":[{"action":"./dis_tomcat/2 - dis_JMX_config_extract","name":"dis_tomcat_conf","inputs":[{"name":"in_target","value":"$in_target"},{"name":"in_tomcat_process","value":"$in_java_apps.result.tomcats"}]},{"action":"if","name":"If_tomcat_conf","condition":"$dis_tomcat_conf.success","then":[{"action":"comment","value":"// Tomcat JMX"},{"action":"./dis_tomcat/dis_tomcat_jmx/2.1 - dis_tomcat_discovery","name":"dis_tomcat","inputs":[{"name":"in_tomcat_user","value":"$in_target.cred.tomcat.username"},{"name":"in_tomcat_pass","value":"$in_target.cred.tomcat.password"},{"name":"in_server_authkey","value":"$in_target.cred.cred"},{"name":"in_server_host","value":"$in_target.cred.target"},{"name":"in_tomcat_host","value":"$dis_tomcat_conf.result.cred.tomcat.host"},{"name":"in_tomcat_port","value":"$dis_tomcat_conf.result.cred.tomcat.port"},{"name":"in_ssh_port","value":"$in_target.cred.port"},{"name":"in_fileBased","value":"\"tomcat\" in $in_target.cred && \"fileBased\" in $in_target.cred.tomcat ? $in_target.cred.tomcat.fileBased : false"}]},{"action":"assign","name":"assign_t_apps","variable":"$result.apps","value":"$dis_tomcat.result"},{"name":"Split_2","action":"split","branches":[{"blocks":[{"action":"comment","value":"// Tomcat logs"},{"action":"./dis_tomcat/dis_tomcat_logs/==> dis_tomcat_logs_count_40X","name":"dis_tomcat_logs","inputs":[{"name":"in_server_authkey","value":"$in_target.cred.cred"},{"name":"in_server_host","value":"$in_target.cred.target"},{"name":"in_timeframe","value":"0"},{"name":"in_ssh_port","value":"$in_target.cred.port"}]},{"action":"assign","name":"assign_t_logs","variable":"$result.logs","value":"$dis_tomcat_logs.result"}]},{"blocks":[{"action":"comment","value":"// app connections from config files"},{"action":"./dis_tomcat/2 - OS_tomcat_application_properties","name":"dis_os_tomcat_app_prop","inputs":[{"name":"in_server_authKey","value":"$in_target.cred.cred"},{"name":"in_server_host","value":"$in_target.cred.target"},{"name":"in_tomcat_process","value":"$in_java_apps.result.tomcats"},{"name":"in_ssh_port","value":"$in_target.cred.port"}]},{"action":"assign","name":"Assign_t_app_conf","variable":"$result.conf","value":"$dis_os_tomcat_app_prop.result"}]},{"blocks":[{"action":"comment","value":"// Get SSL Info"},{"action":"./dis_tomcat/2 - os_tomcat_server_conf","name":"dis_xml_port","inputs":[{"name":"in_server_authKey","value":"$in_target.cred.cred"},{"name":"in_server_host","value":"$in_target.cred.target"},{"name":"in_tomcat_process","value":"$in_java_apps.result.tomcats"},{"name":"in_ssh_port","value":"$in_target.cred.port"}]},{"action":"assign","name":"Assign_t_ssl_conf_1","variable":"$result.ssl","value":"$dis_xml_port.result[0].connectors"}]}]},{"action":"if","name":"If_gen_cycloneDx","condition":"$in_prerequisites.result.options.gen_cycloneDX","then":[{"action":"./dis_tomcat/2 - dis_jar_software_package","name":"dis_jars","inputs":[{"name":"in_server_authkey","value":"$in_target.cred.cred"},{"name":"in_server_host","value":"$in_target.cred.target"},{"name":"in_tomcat_pass","value":"$in_target.cred.tomcat.password"},{"name":"in_tomcat_user","value":"$in_target.cred.tomcat.username"},{"name":"in_tomcat_host","value":"$dis_tomcat_conf.result.cred.tomcat.host"},{"name":"in_tomcat_port","value":"$dis_tomcat_conf.result.cred.tomcat.port"},{"name":"in_ssh_port","value":"$in_target.cred.port"},{"name":"in_tomcat_apps","value":"$result.apps"},{"name":"in_unzip_path","value":"$in_target.unzipPath"}]},{"action":"assign","name":"assign_t_apps_lib","variable":"$result.apps","value":"$dis_jars.result"}],"else":[]},{"action":"comment","value":"// software package discovery"}],"else":[{"action":"assign","name":"Assign_tomcat_error","variable":"$error","value":"$in_target.target + \": unable to collect/use tomcat configuration\""}]},{"action":"system/Common/Status Message Update","name":"Status_jmx","inputs":[{"name":"message","value":"\"JMX Metrics Collected\""}]}],"else":[]}],"else":[]}],"variables":[{"name":"result","required":false,"isInput":false,"isOutput":true,"level":"INTERMEDIATE","type":{"type":"object"},"value":"{\n  apps: [],\n  logs: [],\n  conf: [],\n  ssl: []\n}"},{"name":"debug","required":false,"isInput":false,"isOutput":true,"level":"INTERMEDIATE","type":{"type":"array"},"value":"[]"},{"name":"success","required":false,"isInput":false,"isOutput":true,"level":"INTERMEDIATE","type":{"type":"boolean"},"value":"false"},{"name":"error","required":false,"isInput":false,"isOutput":true,"level":"INTERMEDIATE","type":{"type":"array"},"value":"[]"},{"name":"in_prerequisites","required":true,"isInput":true,"isOutput":false,"level":"INTERMEDIATE","type":{"type":"object"},"value":"{}"},{"name":"in_target","required":true,"isInput":true,"isOutput":false,"level":"INTERMEDIATE","type":{"type":"object"},"value":"{}"},{"name":"in_java_apps","required":true,"isInput":true,"isOutput":false,"level":"INTERMEDIATE","type":{"type":"object"},"value":"{}"}],"meta":{"workerGroup":"default","layout":"flow","version":5,"lastUpdated":1762450745073,"updatedByUsername":"ibmconcert","numberOfBlocks":30,"created":1762450745073},"finally":null}