{"name":"LoadAssessments","platform":"node","hash":"YsSWEk5mdoHOmqDbjawjtBUHhkthvCW95k9NlqYEhtY=","blocks":[{"action":"comment","value":"Prepare the data for Resilience evaluate API"}, {"action":"assign","name":"PrepareData","variable":"$assessment_data","value":"  {\n    \"timestamp\": new Date($timestamp).toISOString(),\n    \"version\": $applicationVersion,\n    \"profile\": $profileName,\n    \"target_type\": \"app\",\n    \"target\": $applicationName,\n    \"origin\" : $origin,\n    \"custom_metadata\": {\n      \"origin_name\": $origin_name,\n      \"origin_url\" : $origin_url\n    },\n    \"data\": $data\n}"}, {"action":"comment","value":"Fetch Concert instance details"}, {"action":"system/IBM/Concert/Concert HTTP Request","name":"IBM_1","inputs":[{"name":"method","value":"\"POST\""},{"name":"path","value":"$apiPath"},{"name":"body","value":"$assessment_data"}]}, {"action":"assign","name":"Assign_2","variable":"$result","value":"$IBM_1.result"}, {"action":"comment","value":"Generate assessments for Resilience"}],"variables":[{"name":"result","required":false,"isInput":false,"isOutput":true,"level":"INTERMEDIATE","type":{"type":"any"},"value":"\"\""},{"name":"applicationName","required":true,"isInput":true,"isOutput":false,"level":"INTERMEDIATE","type":{"type":"string"},"value":"\"\""},{"name":"profileName","required":true,"isInput":true,"isOutput":false,"level":"INTERMEDIATE","type":{"type":"string"},"value":"\"\""},{"name":"data","required":true,"isInput":true,"isOutput":false,"level":"INTERMEDIATE","type":{"type":"object"},"value":"{}"},{"name":"timestamp","required":true,"isInput":true,"isOutput":false,"level":"INTERMEDIATE","type":{"type":"number"},"value":"0"},{"name":"origin_name","required":true,"isInput":true,"isOutput":false,"level":"INTERMEDIATE","type":{"type":"string"},"value":"\"\""},{"name":"origin_url","required":true,"isInput":true,"isOutput":false,"level":"INTERMEDIATE","type":{"type":"string"},"value":"\"\""},{"name":"applicationVersion","required":true,"isInput":true,"isOutput":false,"level":"INTERMEDIATE","type":{"type":"string"},"value":"\"\""},{"name":"origin","required":true,"isInput":true,"isOutput":false,"level":"INTERMEDIATE","type":{"type":"string"},"value":"\"\""},{"name":"assessment_data","required":false,"isInput":false,"isOutput":true,"level":"INTERMEDIATE","type":{"type":"object"},"value":"{}"},{"name":"apiPath","required":false,"isInput":false,"isOutput":false,"level":"INTERMEDIATE","type":{"type":"string"},"value":"\"/resilience/assessment/api/v1/evaluate\""}],"meta":{"workerGroup":"default","created":1772005969847,"lastUpdated":1772005969847,"description":"This workflow is used to generate Assessments for Resilience","layout":"flat","updatedByUsername":"anton.cholakov","numberOfBlocks":6,"version":5},"finally":null}