{"name":"Re-Run Discovery Ingestion","platform":"node","hash":"rtZW6Z/GTF2iAe0wM+YHlGFE8H9Rs4Zdk/Wh+q8cJEQ=","blocks":[{"action":"if","name":"IngestionJobsCheck","condition":"$discoveryIngestionJobName.length > 0","then":[{"action":"system/IBM/Concert/Ingestion Jobs/List All Ingestion Jobs","name":"ListIngestionJobs","inputs":[{"name":"authKey","value":"$concertAuth"}]},{"name":"Function_1","function":"function filterDiscoveryJobs(all, n) {\n    var ids = [];\n    var types = [];\n\n    if (!Array.isArray(all.ingestion_jobs)) return {\n        ids,\n        types\n    };\n\n    var s = new Set(n);\n\n    for (var x of all.ingestion_jobs) {\n        if (s.has(x.name)) {\n            ids.push(x.id);\n            types.push(x.type);\n        }\n    }\n\n    return {\n        ids,\n        types\n    };\n};\n\nvar r = filterDiscoveryJobs($ListIngestionJobs.result, $discoveryIngestionJobName);\n$discoveryIngestionJobIds = r.ids;\n$discoveryIngestionJobTypes = r.types"},{"action":"if","name":"IngestionJobIdCheck","condition":"$discoveryIngestionJobIds.length > 0","then":[{"action":"foreach","name":"LoopIngestionJobId","list":"$discoveryIngestionJobIds","blocks":[{"action":"assign","name":"AssignJobPayload","variable":"$jobSubmitPayload.job_details.job_id","value":"$LoopIngestionJobId.item"},{"action":"assign","name":"AssignJobPayloadType","variable":"$jobSubmitPayload.job_details.job_type","value":"$discoveryIngestionJobTypes[$LoopIngestionJobId.index]"},{"action":"system/IBM/Concert v2/Jobs/Trigger the Job Framework","name":"SubmitDiscoveryJob","inputs":[{"name":"authKey","value":"$concertAuth"},{"name":"Body","value":"$jobSubmitPayload"}]},{"action":"if","name":"SubmitDiscoveryJobCheck","condition":"$SubmitDiscoveryJob.result.message === \"Job submitted succesfully\"","then":[{"action":"assign","name":"IncrementSucessfulJobs","variable":"$successfulSubmittedJobs","value":"$successfulSubmittedJobs + 1"},{"action":"while","name":"JobStatusCheck","condition":"true","blocks":[{"action":"system/IBM/Concert/Ingestion Jobs/Get an Ingestion Job","name":"GetJob","inputs":[{"name":"authKey","value":"$concertAuth"},{"name":"ingestion_job_id","value":"$LoopIngestionJobId.item"}]},{"action":"if","name":"GetJobResultCheck","condition":"$GetJob.result.status == \"SUCCESS\" || $GetJob.result.status == \"ERROR\"","then":[{"action":"if","name":"JobFailCheck","condition":"$GetJob.result.status == \"ERROR\"","then":[{"action":"system/Common/Array/Array Push","name":"PushFailJobId","inputs":[{"name":"array","value":"$failedJobs"},{"name":"item","value":"$LoopIngestionJobId.item"}]}],"else":[]},{"action":"break"}],"else":[]},{"action":"system/Common/Sleep","name":"SleepBeforeNextCheck","inputs":[{"name":"seconds","value":"10"}]}]}],"else":[]}]}],"else":[{"action":"assign","name":"IngestionJobIdNotFoundErr","variable":"$result","value":"{\n    \"error\": \"ingestion job IDs not found\"\n}"},{"action":"exit"}]}],"else":[{"action":"assign","name":"NoDiscoveryJobErr","variable":"$result","value":"{\n    \"error\": \"discovery job not found\"\n}"},{"action":"exit"}]}, {"action":"assign","name":"AssignResult","variable":"$result","value":"`Discovery Job Submit Completed, Submitted ${$successfulSubmittedJobs} Discovery Jobs out of ${$discoveryIngestionJobIds.length}`"}],"variables":[{"name":"concertAuth","required":true,"isInput":true,"isOutput":false,"level":"INTERMEDIATE","type":{"type":"string"},"value":"\"\"","meta":{"authType":["IBM/ConcertAPIKey","IBM/HubSelf"],"subType":"authentication"}},{"name":"discoveryIngestionJobName","required":true,"isInput":true,"isOutput":false,"level":"INTERMEDIATE","type":{"type":"array"},"value":"[\"\"]"},{"name":"discoveryIngestionJobIds","required":false,"isInput":false,"isOutput":false,"level":"INTERMEDIATE","type":{"type":"array"},"value":"[]"},{"name":"discoveryIngestionJobTypes","required":false,"isInput":false,"isOutput":false,"level":"INTERMEDIATE","type":{"type":"array"},"value":"[]"},{"name":"successfulSubmittedJobs","required":false,"isInput":false,"isOutput":false,"level":"INTERMEDIATE","type":{"type":"number"},"value":"0"},{"name":"failedJobs","required":false,"isInput":false,"isOutput":true,"level":"INTERMEDIATE","type":{"type":"array"},"value":"[]"},{"name":"jobSubmitPayload","required":false,"isInput":false,"isOutput":false,"level":"INTERMEDIATE","type":{"type":"object"},"value":"{\n    \"job_details\": {\n        \"job_id\": \"\",\n        \"job_type\": \"\"\n    }\n}"},{"name":"result","required":false,"isInput":false,"isOutput":true,"level":"INTERMEDIATE","type":{"type":"object"},"value":"{}"}],"meta":{"workerGroup":"default","created":1771273421175,"lastUpdated":1771273463043,"layout":"flow","updatedByUsername":"admin","numberOfBlocks":22,"version":5,"tags":[{"name":"Consumer","value":"Concert"},{"name":"Concert version","value":"2.3.0"},{"name":"Category","value":"Discovery Jobs"}]},"finally":null}