{"name":"Scan Images","platform":"node","hash":"m+lzQvXe03Yknw7HSwvFYWkwHB4B9GWYgPkFB1kkdZ8=","blocks":[{"action":"comment","value":"Check Empty Variables"}, {"name":"Function_3","function":"function isEmptyValue(val) {\n    if (val === null || val === undefined)\n        return true;\n\n    if (typeof val === \"string\") {\n        const stripped = val.trim().replace(/^\"|\"$/g, \"\");\n        return stripped === \"\";\n    }\n\n    if (typeof val === \"number\") {\n        return isNaN(val);\n    }\n\n    return false;\n};\n\nconst varsWithNames = [{\n    name: \"applicationsImagesList\",\n    value: $applicationsImagesList\n}, {\n    name: \"ssh_auth\",\n    value: $ssh_auth\n}];\n\n$emptyFields = varsWithNames.filter(v => isEmptyValue(v.value)).map(v => v.name);\n\nif ($fileSystem.docker_socket_permission_needed === \"yes\") {\n    $docker_socket = \"  --group-add \\\"$(getent group docker | cut -d: -f3)\\\" \\\\\\n\";\n}"}, {"action":"if","name":"If_1","condition":"$emptyFields.length == 0","then":[{"action":"comment","value":"Prepare Paylaod"},{"action":"if","name":"CheckSSM","condition":"$ssmEnabled === true","then":[{"action":"system/AWS/ssm/Send Command","name":"SSM_MakeDirectory","inputs":[{"name":"authKey","value":"$ssh_auth"},{"name":"region","value":"$region"},{"name":"body","value":"{\n    \"InstanceIds\": $instanceID,\n    \"DocumentName\": $documentName,\n\n    \"Parameters\": {\n        \"commands\": [\n            \"sudo mkdir -p \" + $fileSystem.folderLocation + \" && sudo chmod 777 \" + $fileSystem.folderLocation + \" && sudo systemctl enable --now podman.socket\"\n        ]\n    }\n}"}]},{"action":"system/Common/Sleep","name":"Sleep_1","inputs":[{"name":"seconds","value":"10"}]},{"action":"system/AWS/ssm/List Command Invocations","name":"AWS_2","inputs":[{"name":"authKey","value":"$ssh_auth"},{"name":"region","value":"$region"},{"name":"body","value":"{\n    \"Details\": true,\n    \"CommandId\": $SSM_MakeDirectory.result.Command.CommandId\n}"}]},{"action":"if","name":"CheckMakeDirectory","condition":"$AWS_2.result.CommandInvocations[0].CommandPlugins[0].Status == \"Success\"","then":[{"action":"assign","name":"Assign_1","variable":"$ssmResult.SSM_MakeDirectory","value":"$AWS_2.result.CommandInvocations[0].CommandPlugins[0].Output.trim()"}],"else":[{"name":"Function_2_1_1","function":"\nthrow new Error(\n  `SSM command did not succeed. Status: ${$SSM_MakeDirectory.result.Command.Status}`\n);\n\n"}]}],"else":[{"action":"system/Common/SSH/SSH","name":"MakeDirectory","inputs":[{"name":"authKey","value":"$ssh_auth"},{"name":"command","value":"\"sudo mkdir -p \" + $fileSystem.folderLocation + \" && sudo chmod 777 \" + $fileSystem.folderLocation + \" && sudo systemctl enable --now podman.socket\""}]}]},{"action":"foreach","name":"applicationList","list":"$applicationsImagesList","blocks":[{"action":"comment","value":"Syft Scan"},{"name":"Function_1","function":"$metadataJSON.scanner_name = \"image\";\n$metadataJSON.application_name = $applicationList.item[\"app_name\"];\n$metadataJSON.application_version = $applicationList.item[\"version\"]"},{"action":"foreach-parallel","name":"cycleSyftImages","list":"[...new Set($applicationList.item[\"image_list\"])]","concurrency":"1","blocks":[{"name":"Function_6","function":"function buildSingleImageScan(imageStr) {\n    return {\n        imageScan: {\n            images: [{\n                uri: \"docker:\" + imageStr\n            }]\n        }\n    };\n};\n\n$inputJSON = JSON.stringify(\"'\" + JSON.stringify(buildSingleImageScan($cycleSyftImages.item)) + \"'\")"},{"action":"comment","value":"Create Syft Scan Files"},{"action":"if","name":"If_3","condition":"$ssmEnabled === true","then":[{"action":"system/AWS/ssm/Send Command","name":"SSM_scanSyft","inputs":[{"name":"authKey","value":"$ssh_auth"},{"name":"region","value":"$region"},{"name":"body","value":"{\n    \"InstanceIds\": $instanceID,\n    \"DocumentName\": $documentName,\n\n    \"Parameters\": {\n        \"commands\": [\n            $fileSystem.docker_commands + \" run --rm -u 0:0 \\\\\\n\" + $docker_socket + \"  -v /var/run/docker.sock:/var/run/docker.sock \\\\\\n\" + \"  -v \" + $fileSystem.folderLocation + \":/tmp/output \\\\\\n\" + \"  -v /root/ibm-concert/ibm-concert-std/localstorage/volumes/infra:/mnt/infra:z,rw \\\\\\n\" + $fileSystem.automation_scan_file + \" \\\\\\n\" + \"  concert-scan-module \\\\\\n\" + \"  --module \" + $fileSystem.packsbom_module + \" \\\\\\n\" + \"  --input \" + $inputJSON + \" \\\\\\n\" + \"  --metadata '{\\\"api_url\\\":\\\"\\\",\\\"token\\\":\\\"\\\",\\\"InstanceId\\\":\\\"\\\",\\\"application_name\\\":\\\"\\\",\\\"application_version\\\":\\\"\\\",\\\"profile\\\":\\\"\\\"}'\"\n        ]\n    }\n}"}]},{"action":"system/Common/Sleep","name":"Sleep_2","inputs":[{"name":"seconds","value":"10"}]},{"action":"system/AWS/ssm/List Command Invocations","name":"AWS_1","inputs":[{"name":"authKey","value":"$ssh_auth"},{"name":"region","value":"$region"},{"name":"body","value":"{\n    \"Details\": true,\n    \"CommandId\": $SSM_scanSyft.result.Command.CommandId\n}"}]},{"action":"if","name":"CheckScanSyft","condition":"$AWS_1.result.CommandInvocations[0].CommandPlugins[0].Status == \"Success\"","then":[{"action":"assign","name":"Assign_2","variable":"$ssmResult.SSM_scanSyft","value":"$AWS_1.result.CommandInvocations[0].CommandPlugins[0].Output.trim()"}],"else":[{"name":"Function_2_1","function":"\nthrow new Error(\n  `SSM command did not succeed. Status: ${$SSM_scanSyft.result.Command.Status}`\n);\n\n"}]}],"else":[{"action":"system/Common/SSH/SSH","name":"scanSyft","inputs":[{"name":"authKey","value":"$ssh_auth"},{"name":"command","value":"$fileSystem.docker_commands + \" run --rm -u 0:0 \\\\\\n\" + $docker_socket + \"  -v /var/run/docker.sock:/var/run/docker.sock \\\\\\n\" + \"  -v \" + $fileSystem.folderLocation + \":/tmp/output \\\\\\n\" + \"  -v /root/ibm-concert/ibm-concert-std/localstorage/volumes/infra:/mnt/infra:z,rw \\\\\\n\" + $fileSystem.automation_scan_file + \" \\\\\\n\" + \"  concert-scan-module \\\\\\n\" + \"  --module \" + $fileSystem.packsbom_module + \" \\\\\\n\" + \"  --input \" + $inputJSON + \" \\\\\\n\" + \"  --metadata '{\\\"api_url\\\":\\\"\\\",\\\"token\\\":\\\"\\\",\\\"InstanceId\\\":\\\"\\\",\\\"application_name\\\":\\\"\\\",\\\"application_version\\\":\\\"\\\",\\\"profile\\\":\\\"\\\"}'\""},{"name":"timeout","value":"120"}]}]},{"action":"comment","value":"Get File which tells Location of Syft Scan Files"},{"action":"system/Common/SFTP/SFTP Get File","name":"GetSyftFilePointer","inputs":[{"name":"authKey","value":"$ssh_auth"},{"name":"file","value":"$fileSystem.folderLocation + \"/\" + $fileSystem.syft_ScanFile"}]},{"action":"system/Common/SFTP/SFTP Get File","name":"GetSyftScanFile","inputs":[{"name":"authKey","value":"$ssh_auth"},{"name":"file","value":"$fileSystem.folderLocation + \"/\" + JSON.parse($GetSyftFilePointer.result).files[0].split(\"/\").pop()"}]},{"action":"comment","value":"Ingest Syft Scan Files into Concert as Package SBOMs"},{"action":"./utils/uploadFileToConcert","name":"UploadSyftScanFile","inputs":[{"name":"filename","value":"$GetSyftScanFile.result"},{"name":"datatype","value":"$fileSystem.syft_data_type"},{"name":"filetype","value":"$fileSystem.fileType"},{"name":"metadata","value":"$metadataJSON"}]},{"action":"system/Common/Array/Array Push","name":"AppendSyftScanResult","inputs":[{"name":"array","value":"$ingestResult"},{"name":"item","value":"{\n    \"App_Name\": $cycleSyftImages.item,\n    \"file_scanned\": JSON.parse($GetSyftFilePointer.result).files[0],\n    \"IngestResult\": $UploadSyftScanFile.result\n}"}]}]},{"action":"comment","value":"Trivy Scan"},{"name":"Function_2","function":"$metadataJSON.scanner_name = \"trivy\";\n$metadataJSON.application_name = $applicationList.item[\"app_name\"];\n$metadataJSON.application_version = $applicationList.item[\"version\"];\n$metadataJSON.profile = $applicationList.item[\"profile_name\"]"},{"action":"foreach","name":"cycleTrivyImages","list":"[...new Set($applicationList.item[\"image_list\"])]","blocks":[{"name":"Function_7","function":"function buildSingleImageScan(imageStr) {\n    return {\n        imageScan: {\n            images: [{\n                uri: imageStr\n            }]\n        }\n    };\n};\n\n$inputJSON = JSON.stringify(\"'\" + JSON.stringify(buildSingleImageScan($cycleTrivyImages.item)) + \"'\")"},{"action":"comment","value":"Create Trivy Scan Files"},{"action":"if","name":"If_4","condition":"$ssmEnabled === true","then":[{"action":"system/AWS/ssm/Send Command","name":"SSM_scanTrivy","inputs":[{"name":"authKey","value":"$ssh_auth"},{"name":"region","value":"$region"},{"name":"body","value":"{\n    \"InstanceIds\": $instanceID,\n    \"DocumentName\": $documentName,\n\n    \"Parameters\": {\n        \"commands\": [\n            $fileSystem.docker_commands + \" run --rm -u 0:0 \\\\\\n\" + $docker_socket + \"  -v /var/run/docker.sock:/var/run/docker.sock \\\\\\n\" + \"  -v \" + $fileSystem.folderLocation + \":/tmp/output \\\\\\n\" + \"  -v /root/ibm-concert/ibm-concert-std/localstorage/volumes/infra:/mnt/infra:z,rw \\\\\\n\" + $fileSystem.automation_scan_file + \" \\\\\\n\" + \"  concert-scan-module \\\\\\n\" + \"  --module \" + $fileSystem.imgscan_module + \" \\\\\\n\" + \"  --input \" + $inputJSON + \" \\\\\\n\" + \"  --metadata '{\\\"api_url\\\":\\\"\\\",\\\"token\\\":\\\"\\\",\\\"InstanceId\\\":\\\"\\\",\\\"application_name\\\":\\\"\\\",\\\"application_version\\\":\\\"\\\",\\\"profile\\\":\\\"\\\"}'\"\n        ]\n    }\n}"}]},{"action":"system/Common/Sleep","name":"Sleep_3","inputs":[{"name":"seconds","value":"10"}]},{"action":"system/AWS/ssm/List Command Invocations","name":"AWS_3","inputs":[{"name":"authKey","value":"$ssh_auth"},{"name":"region","value":"$region"},{"name":"body","value":"{\n    \"Details\": true,\n    \"CommandId\": $SSM_scanTrivy.result.Command.CommandId\n}"}]},{"action":"if","name":"CheckScanTrivy","condition":"$AWS_3.result.CommandInvocations[0].CommandPlugins[0].Status == \"Success\"","then":[{"action":"assign","name":"Assign_3","variable":"$ssmResult.SSM_scanTrivy","value":"$AWS_3.result.CommandInvocations[0].CommandPlugins[0].Output.trim()"}],"else":[{"name":"Function_2_1_1_1","function":"\nthrow new Error(\n  `SSM command did not succeed. Status: ${$SSM_scanTrivy.result.Command.Status}`\n);\n\n"}]}],"else":[{"action":"system/Common/SSH/SSH","name":"scanTrivy","inputs":[{"name":"authKey","value":"$ssh_auth"},{"name":"command","value":"$fileSystem.docker_commands + \" run --rm -u 0:0 \\\\\\n\" + $docker_socket + \"  -v /var/run/docker.sock:/var/run/docker.sock \\\\\\n\" + \"  -v \" + $fileSystem.folderLocation + \":/tmp/output \\\\\\n\" + \"  -v /root/ibm-concert/ibm-concert-std/localstorage/volumes/infra:/mnt/infra:z,rw \\\\\\n\" + $fileSystem.automation_scan_file + \" \\\\\\n\" + \"  concert-scan-module \\\\\\n\" + \"  --module \" + $fileSystem.imgscan_module + \" \\\\\\n\" + \"  --input \" + $inputJSON + \" \\\\\\n\" + \"  --metadata '{\\\"api_url\\\":\\\"\\\",\\\"token\\\":\\\"\\\",\\\"InstanceId\\\":\\\"\\\",\\\"application_name\\\":\\\"\\\",\\\"application_version\\\":\\\"\\\",\\\"profile\\\":\\\"\\\"}'\""},{"name":"timeout","value":"120"}]}]},{"action":"comment","value":"Get File which tells Location of Trivy Scan Files"},{"action":"system/Common/SFTP/SFTP Get File","name":"GetTrivyFilePointer","inputs":[{"name":"authKey","value":"$ssh_auth"},{"name":"file","value":"$fileSystem.folderLocation + \"/\" + $fileSystem.trivy_ScanFile"}]},{"action":"system/Common/SFTP/SFTP Get File","name":"GetTrivyScanFile","inputs":[{"name":"authKey","value":"$ssh_auth"},{"name":"file","value":"$fileSystem.folderLocation + \"/\" + JSON.parse($GetTrivyFilePointer.result).files[0].split(\"/\").pop()"}]},{"action":"comment","value":"Ingest Trivy Scan Files into Concert as Image Scans"},{"action":"./utils/uploadFileToConcert","name":"UploadTrivyScanFile","inputs":[{"name":"filename","value":"$GetTrivyScanFile.result"},{"name":"datatype","value":"$fileSystem.trivy_data_type"},{"name":"filetype","value":"$fileSystem.fileType"},{"name":"metadata","value":"$metadataJSON"}]},{"action":"system/Common/Array/Array Push","name":"AppendTrivyScanResult","inputs":[{"name":"array","value":"$ingestResult"},{"name":"item","value":"{\n    \"App_Name\": $cycleTrivyImages.item,\n    \"file_scanned\": JSON.parse($GetTrivyFilePointer.result).files[0],\n    \"IngestResult\": $UploadTrivyScanFile.result\n}"}]}]}]}],"else":[{"action":"assign","name":"EmptyFieldsError","variable":"$ingestResult","value":"{\n    result: \"Error\",\n    message: `${$emptyFields.join(\", \")} field${($emptyFields.length > 1) ? \"s are\" : \" is\"} empty`\n}"}]}],"variables":[{"name":"applicationsImagesList","required":true,"isInput":true,"isOutput":false,"level":"INTERMEDIATE","type":{"type":"array"},"value":"[]"},{"name":"ssh_auth","required":false,"isInput":true,"isOutput":false,"level":"INTERMEDIATE","type":{"type":"string"},"value":"\"\"","meta":{"description":"Auth of the VM to Run the Shell commands","authType":["AWS","Common/SSH"],"subType":"authentication"}},{"name":"ingestResult","required":false,"isInput":false,"isOutput":true,"level":"INTERMEDIATE","type":{"type":"array"},"value":"[]"},{"name":"inputJSON","required":false,"isInput":false,"isOutput":false,"level":"INTERMEDIATE","type":{"type":"any"},"value":"\"\""},{"name":"metadataJSON","required":false,"isInput":false,"isOutput":false,"level":"INTERMEDIATE","type":{"type":"object"},"value":"{}","meta":{"description":"metadata payload"}},{"name":"fileSystem","required":false,"isInput":false,"isOutput":false,"level":"INTERMEDIATE","type":{"type":"object"},"value":"{\n    \"docker_commands\": \"docker\",\n    \"docker_socket_permission_needed\": \"yes\",\n    \"folderLocation\": \"/home/ubuntu/scan-reports\",\n    \"fileType\": \"json\",\n    \"syft_data_type\": \"package_sbom\",\n    \"syft_ScanFile\": \"sbom_paths.json\",\n    \"packsbom_module\": \"image_package_sbom\",\n    \"trivy_data_type\": \"image_scan\",\n    \"trivy_ScanFile\": \"trivyimagescan_output.json\",\n    \"imgscan_module\": \"image_cve_scan\",\n    \"automation_scan_file\": \"cp.stg.icr.io/cp/concert/ibm-concert-auto-mod:v1\"\n}","meta":{"description":"File System Details where scan takes place "}},{"name":"emptyFields","required":false,"isInput":false,"isOutput":false,"level":"INTERMEDIATE","type":{"type":"array"},"value":"[]"},{"name":"docker_socket","required":false,"isInput":false,"isOutput":false,"level":"INTERMEDIATE","type":{"type":"string"},"value":"\"\""},{"name":"ssmEnabled","required":true,"isInput":true,"isOutput":false,"level":"INTERMEDIATE","type":{"type":"boolean"},"value":"false"},{"name":"aws_ssm_auth","required":false,"isInput":false,"isOutput":false,"level":"INTERMEDIATE","type":{"type":"string"},"value":"\"\"","meta":{"authType":"AWS","subType":"authentication"}},{"name":"region","required":false,"isInput":true,"isOutput":false,"level":"INTERMEDIATE","type":{"type":"string"},"value":"\"\""},{"name":"documentName","required":false,"isInput":true,"isOutput":false,"level":"INTERMEDIATE","type":{"type":"string"},"value":"\"\""},{"name":"instanceID","required":false,"isInput":true,"isOutput":false,"level":"INTERMEDIATE","type":{"type":"array"},"value":"[]"},{"name":"ssmResult","required":false,"isInput":false,"isOutput":false,"level":"INTERMEDIATE","type":{"type":"object"},"value":"{\n  \"SSM_MakeDirectory\": \"\",\n  \"SSM_scanSyft\": \"\",\n  \"SSM_scanTrivy\": \"\"\n}"}],"meta":{"workerGroup":"default","created":1771279995405,"lastUpdated":1771280025575,"description":"Workflow to Run the Trivy Scan and Syft Scan on the Images in the Application and Ingest the Image Scans and Packages SBOMs to Concert","layout":"flow","updatedByUsername":"admin","numberOfBlocks":52,"version":5,"tags":[{"name":"Consumer","value":"Concert"},{"name":"Concert version","value":"2.3.0"},{"name":"Category","value":"Resilience"}]},"finally":null}