{"name":"Windows_Keystore_Cert_Discovery","platform":"node","hash":"vTOCsQ9Zbbqx2w6v4NpJhLuVnTvz0mmMEG7rsB84TiU=","blocks":[{"action":"if","name":"EnvNameCheck","condition":"!$env_name","then":[{"action":"throw","error":"' \"400 Bad Request\" \\n {\"error\": \"Missing required field: env_name\"}'"}],"else":[{"action":"system/Common/Config Data/Get Config Data","name":"GetKeystoreMap","inputs":[{"name":"authKey","value":"$passwordMap"}]},{"action":"comment","value":"Get keystore password from password map"},{"action":"assign","name":"GetPassword","variable":"$keystore_password","value":"$GetKeystoreMap.result[$keystore_path] || \"\""},{"name":"Function_1","function":"if (!$keystore_path) {\n  throw new Error(' \"400 Bad Request\" \\n {\"error\": \"Missing required field: Keystore path\"}');\n}else if(!$keystore_password) {\n  throw new Error(' \"400 Bad Request\" \\n {\"error\": \"Password not found for keystore_path\"}');\n}"},{"action":"comment","value":"Ansible script to get certs from given keystore"},{"action":"system/Ansible/Playbook","name":"fetchCertsfromWindows","inputs":[{"name":"authKey","value":"$windows_auth"},{"name":"playbook","value":"`---\n- name: Extract certificate details from JKS keystore and output as JSON\n  hosts: windows\n  gather_facts: no\n  vars:\n    keystore_path: ${JSON.stringify($keystore_path)}\n    keystore_password: ${JSON.stringify($keystore_password)}\n  tasks:\n    - name: Get detailed certificate information\n      ansible.windows.win_shell: |\n        keytool -list -v -keystore \"{{ keystore_path }}\" -storepass \"{{ keystore_password }}\"\n      register: keystore_cert_details\n      ignore_errors: true\n\n    - name: Exit play if keystore password is incorrect\n      ansible.builtin.meta: end_play\n      when: >\n        'keystore password was incorrect' in keystore_cert_details.stdout | lower or\n        'unrecoverablekeyexception' in keystore_cert_details.stdout | lower or\n        'badpaddingexception' in keystore_cert_details.stdout | lower or\n        keystore_cert_details.rc != 0\n\n    - name: Parse certificate details into clean JSON\n      set_fact:\n        certificates_json: >-\n          {% set certs = [] %}\n          {% set keystore_path_local = keystore_path %}\n          {% set current_cert = {} %}\n          {% for line in keystore_cert_details.stdout_lines %}\n            {% if \"Alias name:\" in line %}\n              {% if current_cert %}{% set _ = certs.append(current_cert.copy()) %}{% endif %}\n              {% set _ = current_cert.update({\n                \"alias\": line.split(\":\", 1)[1]|trim,\n                \"subject\": \"\",\n                \"issuer\": \"\",\n                \"validFrom\": \"\",\n                \"validTo\": \"\",\n                \"sha1Thumbprint\": \"\",\n                \"sha256Thumbprint\": \"\",\n                \"serialNumber\": \"\",\n                \"dnsNames\": [],\n                \"additional_data\": {\n                    \"keystore_path\": keystore_path_local\n                  }\n              }) %}\n            {% elif \"Owner:\" in line %}\n              {% set _ = current_cert.update({\"subject\": line.split(\":\", 1)[1]|trim}) %}\n            {% elif \"Issuer:\" in line %}\n              {% set _ = current_cert.update({\"issuer\": line.split(\":\", 1)[1]|trim}) %}\n            {% elif \"Serial number:\" in line %}\n              {% set _ = current_cert.update({\"serialNumber\": line.split(\":\", 1)[1]|trim}) %}\n            {% elif \"Valid from:\" in line %}\n              {% set parts = line.split(\"until:\") %}\n              {% set _ = current_cert.update({\n                \"validFrom\": parts[0].split(\":\", 1)[1]|trim,\n                \"validTo\": parts[1]|trim if parts|length > 1 else \"\"\n              }) %}\n            {% elif \"SHA1:\" in line %}\n              {% set _ = current_cert.update({\"sha1Thumbprint\": line.split(\"SHA1:\", 1)[1]|trim}) %}\n            {% elif \"SHA256:\" in line %}\n              {% set _ = current_cert.update({\"sha256Thumbprint\": line.split(\"SHA256:\", 1)[1]|trim}) %}\n            {% elif \"*******************************************\" in line and current_cert %}\n              {% set _ = certs.append(current_cert.copy()) %}\n              {% set _ = current_cert.clear() %}\n            {% endif %}\n          {% endfor %}\n          {% if current_cert %}{% set _ = certs.append(current_cert.copy()) %}{% endif %}\n          {{ certs | to_json }}\n\n    - name: Display clean JSON output\n      debug:\n        var: certificates_json\n        verbosity: 0\n\n    - name: Save clean JSON to variable\n      set_fact:\n        clean_json: \"{{ certificates_json | from_json | to_nice_json }}\"\n\n    - name: Display properly formatted JSON\n      debug:\n        msg: \"{{ clean_json }}\"\n      when: clean_json is defined`"}]},{"name":"Function_2","function":"if ($fetchCertsfromWindows.result.plays[0].tasks.length < 4) {\n  throw new Error(' \"400 Bad Request\" \\n {\"error\": \"Incorrect keystore password\"}');\n}"},{"action":"comment","value":"Get certificates and details from the result"},{"action":"assign","name":"GetResult","variable":"$result","value":"$fetchCertsfromWindows.result"},{"action":"assign","name":"GetCertificatetasks","variable":"$certificates","value":"$result.plays[0].tasks[4].hosts"},{"name":"GetCertificateKey","function":" $firstKey = Object.keys($certificates)[0];"},{"action":"assign","name":"AssignServerValue","variable":"$api_server","value":"$firstKey"},{"action":"assign","name":"GetCertificates","value":" $certificates[$firstKey].ansible_facts.clean_json","variable":"$finalcertificates"},{"name":"GetFormattedJson","function":"\n\n// Parse and format\n$formattedJson = JSON.parse($finalcertificates);\n"},{"action":"comment","value":"Call helper workflows to create and ingest certificates into Concert."},{"action":"./helper/Create_JSON_Certificate","name":"CreateJsonfromCerts","inputs":[{"name":"certificates","value":"$formattedJson"},{"name":"env_name","value":"$env_name"},{"name":"api_server","value":"$firstKey"}]},{"action":"assign","name":"assignResults","value":"$CreateJsonfromCerts.result","variable":"$result"}]}],"variables":[{"name":"result","required":false,"isInput":false,"isOutput":true,"level":"INTERMEDIATE","type":{"type":"any"},"value":"\"\""},{"name":"windows_auth","required":true,"isInput":true,"isOutput":false,"level":"INTERMEDIATE","type":{"type":"string"},"value":"\"\"","meta":{"authType":"ANY","subType":"authentication"}},{"name":"certificates","required":false,"isInput":false,"isOutput":false,"level":"INTERMEDIATE","type":{"type":"array"},"value":"[]"},{"name":"finalcertificates","required":false,"isInput":false,"isOutput":false,"level":"INTERMEDIATE","type":{"type":"string"},"value":"\"\""},{"name":"firstKey","required":false,"isInput":false,"isOutput":false,"level":"INTERMEDIATE","type":{"type":"string"},"value":"\"\""},{"name":"env_name","required":true,"isInput":true,"isOutput":false,"level":"INTERMEDIATE","type":{"type":"string"},"value":"\"\""},{"name":"api_server","required":false,"isInput":false,"isOutput":false,"level":"INTERMEDIATE","type":{"type":"string"},"value":"\"\""},{"name":"formattedJson","required":false,"isInput":false,"isOutput":false,"level":"INTERMEDIATE","type":{"type":"array"},"value":"[]"},{"name":"keystore_path","required":true,"isInput":true,"isOutput":false,"level":"INTERMEDIATE","type":{"type":"string"},"value":"\"\"","meta":{"notLogged":true,"subType":"password"}},{"name":"keystore_password","required":false,"isInput":false,"isOutput":false,"level":"INTERMEDIATE","type":{"type":"string"},"value":"\"\""},{"name":"passwordMap","required":true,"isInput":true,"isOutput":false,"level":"INTERMEDIATE","type":{"type":"string"},"value":"\"\"","meta":{"authType":"ANY","subType":"authentication"}}],"meta":{"workerGroup":"default","created":1771277723090,"lastUpdated":1771277744926,"description":"This workflow gets connection to windows machine and fetch all certificates present in given keystore. It then ingests the certificates fetched into Concert.","layout":"flow","updatedByUsername":"admin","numberOfBlocks":19,"version":5,"tags":[{"name":"Consumer","value":"Concert"},{"name":"Concert version","value":"2.3.0"},{"name":"Category","value":"Certificates"}]},"finally":null}