{"name":"EKS_cloudwatch","platform":"node","hash":"hsRMUIvWXFCLjE3SVzeqVqAq/1exlRL3NsSL1aC+7fM=","blocks":[{"name":"Function_4","function":"const missingFields = [];\n\n// New checks based on your screenshot\nif (!$awsauthkey) missingFields.push(\"authKey\");\nif (!$region) missingFields.push(\"region\");\nif (!$RelevantMetrics) missingFields.push(\"RelevantMetrics\");\nif (!$clustername) missingFields.push(\"Clustername\");\nif (!$application_name) missingFields.push(\"application_name\");\nif (!$application_version) missingFields.push(\"application_version\");\nif (!$profile_name) missingFields.push(\"profile_name\");\nif (!$namespace) missingFields.push(\"namespace\");\nif (!$startTimestamp) missingFields.push(\"startTimestamp\");\nif (!$endTimestamp) missingFields.push(\"endTimestamp\");\n\nif (missingFields.length > 0) {\n  throw new Error(\n    `400 Bad Request: Missing required input field(s): ${missingFields.join(\", \")}`\n  );\n}\n"}, {"action":"system/AWS/eks/ListClusters","name":"ListClusters","inputs":[{"name":"authKey","value":"$awsauthkey"},{"name":"region","value":"$region"}]}, {"action":"assign","name":"Assign_6","variable":"$valid_clustername","value":"$ListClusters.result"}, {"action":"system/AWS/cloudwatch/List Metrics","name":"ToFetchNamespace","inputs":[{"name":"authKey","value":"$awsauthkey"},{"name":"region","value":"$region"},{"name":"body","value":"{\n    \"Namespace\": $namespace,\n    \"ClusterName\": $clustername\n}"}]}, {"action":"assign","name":"Assign_7","variable":"$valid_namespace","value":"$ToFetchNamespace?.result?.Metrics?.[0]?.Namespace ?? \"NamespaceNotFound\""}, {"name":"Function_6","function":"function validateClusterAndNamespace(userClusterName, userNamespace, valid_clustername, valid_namespace) {\n  const errors = [];\n\n  if (userClusterName !== valid_clustername) {\n    errors.push(`ClusterName '${userClusterName}' could not be found, Please check the ClusterName`);\n  }\n\n  if (userNamespace !== valid_namespace) {\n    errors.push(`Namespace '${userNamespace}' is not valid, Please check the Namespace`);\n  }\n\n  if (errors.length > 0) {\n    throw new Error(errors.join(\" | \"));\n  }\n};\n\n\ntry {\n  const valid_clustername_obj = $valid_clustername;\n\n  // Complete cluster list\n  const clusterList = valid_clustername_obj?.clusters || [];\n\n  const clustername = $clustername;\n  const namespace = $namespace;\n\n  // Iterate and check if the cluster exists in the list\n  let valid_clustername = null;\n  for (const c of clusterList) {\n    if (c === clustername) {\n      valid_clustername = c;\n      break;\n    }\n  }\n\n  const valid_namespace = $valid_namespace?.Namespace || $valid_namespace;\n\n  if (!valid_clustername) {\n    throw new Error(\n      `Cluster '${clustername}' not found. Available clusters: ${JSON.stringify(clusterList)}`\n    );\n  }\n\n  if (!valid_namespace) {\n    throw new Error(`Missing valid namespace: '${valid_namespace}'`);\n  }\n\n  validateClusterAndNamespace(clustername, namespace, valid_clustername, valid_namespace);\n\n} catch (err) {\n  throw err;\n}\n\n\n"}, {"action":"while","name":"While_1","condition":"($firstrun || $nextToken !== \"\")","blocks":[{"action":"if","name":"If_1","condition":"$nextToken == \"\"","then":[{"action":"system/AWS/cloudwatch/List Metrics","name":"ListMetrics_noToken","inputs":[{"name":"authKey","value":"$awsauthkey"},{"name":"region","value":"$region"},{"name":"body","value":"{\n    \"Namespace\": $namespace,\n    \"ClusterName\": $clustername\n}"}]},{"action":"assign","name":"Assign_2","variable":"$listmet_result","value":"$ListMetrics_noToken.result"}],"else":[{"action":"system/AWS/cloudwatch/List Metrics","name":"ListMetrics_Token","inputs":[{"name":"authKey","value":"$awsauthkey"},{"name":"region","value":"$region"},{"name":"body","value":"{\n    \"Namespace\": $namespace,\n    \"NextToken\": $nextToken,\n    \"ClusterName\": $clustername\n}"}]},{"action":"assign","name":"Assign_4","variable":"$listmet_result","value":"$ListMetrics_Token.result"}]},{"action":"if","name":"If_2","condition":"$listmet_result.hasOwnProperty(\"NextToken\")","then":[{"action":"assign","name":"TokenValue","variable":"$nextToken","value":"$listmet_result.NextToken"}],"else":[{"action":"assign","name":"Assign_5","variable":"$nextToken","value":"\"\""}]},{"action":"assign","name":"firstRun","variable":"$firstrun","value":"false"},{"action":"system/Common/Array/Array Push","name":"ArrayPush_2","inputs":[{"name":"array","value":"$allMetrics"},{"name":"item","value":"$listmet_result.Metrics"}]}]}, {"name":"Function_5","function":"function getUniqueMetricNames(allmetrics) {\n    return [...new Set(allmetrics.flat().map(item => item.MetricName))];\n};\n\n$unique_metrics = getUniqueMetricNames($allMetrics)"}, {"name":"Function_1","function":"// shorthand enum of relevant metrics + desired stat \nlet RelevantMetrics = $RelevantMetrics; \nlet UniqueMetricNames = $unique_metrics;\n\n// mapping to CloudWatch-compatible stats\nconst statMap = {\n  \"AVG\": \"Average\",\n  \"MAX\": \"Maximum\",\n  \"MIN\": \"Minimum\",\n  \"SUM\": \"Sum\",\n  \"COUNT\": \"SampleCount\"\n};\n\n$result = Object.entries(RelevantMetrics)\n  // only keep metrics that exist in uniqueMetricNames\n  .filter(([metric]) => UniqueMetricNames.includes(metric))\n  // map to CW-compatible format\n  .map(([metric, stat]) => ({\n    metric_name: metric,\n    query_stat: statMap[stat] || stat\n  }));\n"}, {"action":"foreach","name":"ForEach_1","list":"$result","blocks":[{"name":"Function_2","function":"function toEpochSeconds(value) {\n  // If value is a pure number string → treat as epoch\n  if (/^\\d+$/.test(value)) {\n    return parseInt(value, 10);\n  }\n\n  // Otherwise assume ISO format\n  return Math.floor(new Date(value).getTime() / 1000);\n}\n\n\nlet metric = $ForEach_1.item.metric_name;\nlet stat   = $ForEach_1.item.query_stat;\n\n// Convert start & end timestamps (supports both formats)\nlet start = toEpochSeconds($startTimestamp);\nlet end   = toEpochSeconds($endTimestamp);\n\n$allquery = {\n  MetricDataQueries: [\n    {\n      Id: metric + \"_id\",\n      MetricStat: {\n        Metric: {\n          Namespace: $namespace,\n          MetricName: metric,\n          Dimensions: [\n            { Name: \"ClusterName\", Value: $clustername }\n          ]\n        },\n        Period: 3600,\n        Stat: stat\n      },\n      ReturnData: true\n    }\n  ],\n\n  StartTime: start,\n  EndTime: end,\n};\n\nreturn $allquery;\n"},{"action":"system/AWS/cloudwatch/Get Metric Data","name":"AWS_1","inputs":[{"name":"authKey","value":"$awsauthkey"},{"name":"region","value":"$region"},{"name":"body","value":"$allquery"}]},{"action":"assign","name":"Assign_3","variable":"$get_met","value":"$AWS_1.result.MetricDataResults"},{"action":"system/Common/Array/Array Push","name":"ArrayPush_1","inputs":[{"name":"array","value":"$final_array"},{"name":"item","value":"$get_met"}]}]}, {"name":"Function_3","function":"$assessmentResult = ($final_array || []).flat().reduce((acc, item) => {\n    if (!item || !item.Id)\n        return acc;\n\n    let value = Array.isArray(item.Values) && item.Values.length > 0 ? item.Values[0] : 0;\n\n    if (item.Id.includes(\"memory\")) {\n        value = value / (1024 * 1024);\n    } else if (item.Id.includes(\"utilization\")) {\n        value = value * 100;\n    }\n\n    function normalizeKey(id, prefix) {\n        return id.replace(prefix, \"\").replace(/_id$/, \"\");\n    }\n\n    if (item.Id.startsWith(\"container_\")) {\n        acc.container.push({\n            [normalizeKey(item.Id, \"container_\")]: value\n        });\n    } else if (item.Id.startsWith(\"node_\")) {\n        acc.node.push({\n            [normalizeKey(item.Id, \"node_\")]: value\n        });\n    } else if (item.Id.startsWith(\"pod_\")) {\n        acc.pod.push({\n            [normalizeKey(item.Id, \"pod_\")]: value\n        });\n    } else if (item.Id.startsWith(\"replicas_\")) {\n        acc.replicas.push({\n            [normalizeKey(item.Id, \"replicas_\")]: value\n        });\n    }\n\n    return acc;\n}, {\n    container: [],\n    node: [],\n    pod: [],\n    replicas: []\n});\n\nfunction percentMissing(arr, key) {\n    if (!arr || !arr.length)\n        return 0;\n\n    let missing = arr.filter(x => !x[key] || x[key] === 0).length;\n    return (missing / arr.length) * 100;\n}\n\nfunction percentWithinLimit(arr, utilKey, limitKey, threshold) {\n    if (!arr || !arr.length)\n        return 100;\n\n    let validItems = arr.filter(x => x[limitKey] !== undefined && x[utilKey] !== undefined);\n\n    if (validItems.length === 0)\n        return 100;\n\n    let within = validItems.filter(x => x[utilKey] <= threshold).length;\n    return (within / validItems.length) * 100;\n}\n\n$AssessmentMetrics = {\n    pct_containers_missing_cpu_limit: percentMissing($assessmentResult.container, \"cpu_limit\"),\n    pct_containers_missing_memory_limit: percentMissing($assessmentResult.container, \"memory_limit\"),\n    pct_workloads_within_90pct_cpu_limits: percentWithinLimit($assessmentResult.pod, \"cpu_utilization_over_pod_limit\", \"cpu_limit\", 90),\n    pct_workloads_missing_cpu_limits: percentMissing($assessmentResult.pod, \"cpu_limit\"),\n    pct_workloads_missing_cpu_requests: percentMissing($assessmentResult.pod, \"cpu_request\"),\n\n    pct_workloads_within_90pct_memory_limits: percentWithinLimit(\n        $assessmentResult.pod,\n        \"memory_utilization_over_pod_limit\",\n        \"memory_limit\",\n        90\n    ),\n    pct_workloads_missing_memory_requests: percentMissing($assessmentResult.pod, \"memory_request\"),\n    pct_workloads_missing_memory_limits: percentMissing($assessmentResult.pod, \"memory_limit\"),\n    avg_number_of_replicas: $assessmentResult.replicas.length ? $assessmentResult.replicas.reduce((sum, r) => sum + (r.desired || 0), 0) / $assessmentResult.replicas.length : 0,\n    pct_workloads_gt_3_replicas: $assessmentResult.replicas.length ? ($assessmentResult.replicas.filter(r => (r.desired || 0) > 3).length / $assessmentResult.replicas.length) * 100 : 0\n}"}, {"action":"system/IBM/Concert/Concert HTTP Request","name":"IBM_1","inputs":[{"name":"method","value":"\"POST\""},{"name":"path","value":"\"/resilience/assessment/api/v1/evaluate\""},{"name":"body","value":"{\n    \"timestamp\": new Date().toISOString(),\n    \"version\": $application_version,\n    \"origin\": \"scanner\",\n    \"profile\": $profile_name,\n    \"target_type\": \"app\",\n    \"target\": $application_name,\n    \"data\": $AssessmentMetrics\n}"}]}, {"action":"assign","name":"Assign_1","variable":"$posture","value":"$IBM_1.result"}],"variables":[{"name":"result","required":false,"isInput":false,"isOutput":false,"level":"INTERMEDIATE","type":{"type":"any"},"value":"\"\""},{"name":"allquery","required":false,"isInput":false,"isOutput":false,"level":"INTERMEDIATE","type":{"type":"any"},"value":"\"\""},{"name":"query","required":false,"isInput":false,"isOutput":false,"level":"INTERMEDIATE","type":{"type":"any"},"value":"\"\""},{"name":"final_array","required":false,"isInput":false,"isOutput":false,"level":"INTERMEDIATE","type":{"type":"array"},"value":"[]"},{"name":"assessmentResult","required":false,"isInput":false,"isOutput":true,"level":"INTERMEDIATE","type":{"type":"object"},"value":"{}"},{"name":"posture","required":false,"isInput":false,"isOutput":true,"level":"INTERMEDIATE","type":{"type":"any"},"value":"\"\""},{"name":"AssessmentMetrics","required":false,"isInput":false,"isOutput":true,"level":"INTERMEDIATE","type":{"type":"object"},"value":"{}"},{"name":"region","required":true,"isInput":true,"isOutput":false,"level":"INTERMEDIATE","type":{"type":"string"},"value":"\"\""},{"name":"RelevantMetrics","required":true,"isInput":true,"isOutput":false,"level":"INTERMEDIATE","type":{"type":"object"},"value":"{\n    container_cpu_limit: \"AVG\",\n    container_memory_limit: \"AVG\",\n    pod_cpu_request: \"AVG\",\n    pod_memory_request: \"AVG\",\n    node_cpu_limit: \"AVG\",\n    pod_cpu_limit: \"AVG\",\n    pod_cpu_utilization_over_pod_limit: \"MAX\",\n    node_cpu_utilization: \"MAX\",\n    node_memory_utilization: \"MAX\",\n    pod_memory_utilization_over_pod_limit: \"MAX\",\n    replicas_desired: \"MIN\",\n    replicas_ready: \"MIN\",\n    abc: \"MIN\",\n    pod_memory_reserved_capacity: \"SUM\",\n    node_filesystem_inodes: \"MIN\"\n}"},{"name":"get_met","required":false,"isInput":false,"isOutput":false,"level":"INTERMEDIATE","type":{"type":"any"},"value":"\"\""},{"name":"clustername","required":true,"isInput":true,"isOutput":false,"level":"INTERMEDIATE","type":{"type":"string"},"value":"\"\""},{"name":"application_name","required":true,"isInput":true,"isOutput":false,"level":"INTERMEDIATE","type":{"type":"string"},"value":"\"\""},{"name":"application_version","required":true,"isInput":true,"isOutput":false,"level":"INTERMEDIATE","type":{"type":"string"},"value":"\"\""},{"name":"profile_name","required":true,"isInput":true,"isOutput":false,"level":"INTERMEDIATE","type":{"type":"string"},"value":"\"\""},{"name":"allMetrics","required":false,"isInput":false,"isOutput":false,"level":"INTERMEDIATE","type":{"type":"array"},"value":"[]"},{"name":"nextToken","required":false,"isInput":false,"isOutput":false,"level":"INTERMEDIATE","type":{"type":"string"},"value":"\"\""},{"name":"firstrun","required":false,"isInput":false,"isOutput":false,"level":"INTERMEDIATE","type":{"type":"boolean"},"value":"true"},{"name":"listmet_result","required":false,"isInput":false,"isOutput":false,"level":"INTERMEDIATE","type":{"type":"object"},"value":"{}"},{"name":"unique_metrics","required":false,"isInput":false,"isOutput":false,"level":"INTERMEDIATE","type":{"type":"any"},"value":"\"\""},{"name":"namespace","required":true,"isInput":true,"isOutput":false,"level":"INTERMEDIATE","type":{"type":"string"},"value":"\"\""},{"name":"awsauthkey","required":true,"isInput":true,"isOutput":false,"level":"INTERMEDIATE","type":{"type":"string"},"value":"\"\"","meta":{"authType":"AWS","subType":"authentication"}},{"name":"valid_clustername","required":false,"isInput":false,"isOutput":false,"level":"INTERMEDIATE","type":{"type":"any"},"value":"\"\""},{"name":"valid_namespace","required":false,"isInput":false,"isOutput":false,"level":"INTERMEDIATE","type":{"type":"any"},"value":"\"\""},{"name":"startTimestamp","required":true,"isInput":true,"isOutput":false,"level":"INTERMEDIATE","type":{"type":"string"},"value":"\"\""},{"name":"endTimestamp","required":true,"isInput":true,"isOutput":false,"level":"INTERMEDIATE","type":{"type":"string"},"value":"\"\""}],"meta":{"workerGroup":"default","created":1771279037825,"lastUpdated":1771279059229,"layout":"flow","updatedByUsername":"admin","numberOfBlocks":27,"version":5,"tags":[{"name":"Consumer","value":"Concert"},{"name":"Concert version","value":"2.3.0"},{"name":"Category","value":"Resilience"}]},"finally":null}