{"name":"Calculate Metrics","platform":"node","hash":"oK5VV1fLZzofROW9cjcWuht97BCL74TVkSJofIZCwwc=","blocks":[{"name":"Function_1","function":"function isInvalid(value) {\n    return (value === null || value === undefined || isNaN(value) || value === -1);\n};\n\nfunction isValidIncident(incident) {\n    if (!incident || typeof incident !== \"object\")\n        return false;\n\n    const {\n        startTime,\n        endTime\n    } = incident;\n\n    if (typeof startTime !== \"number\" || typeof endTime !== \"number\")\n        return false;\n\n    if (isNaN(startTime) || isNaN(endTime))\n        return false;\n\n    if (endTime <= 0)\n        return false;\n\n    if (endTime <= startTime)\n        return false;\n\n    return true;\n}\n\nfunction percentageDetectedByMonitoring(monitoringArr, totalArr) {\n    if (!Array.isArray(monitoringArr) || monitoringArr.length === 0)\n        return null;\n\n    if (!Array.isArray(totalArr) || totalArr.length === 0)\n        return null;\n\n    return (monitoringArr.length / totalArr.length) * 100;\n}\n\nfunction CalculateMttr(incidents) {\n    if (!Array.isArray(incidents) || incidents.length === 0) {\n        return null;\n    }\n\n    const validIncidents = incidents.filter(isValidIncident);\n\n    if (validIncidents.length === 0) {\n        return null;\n    }\n\n    const totalMinutes = validIncidents.reduce((sum, incident) => {\n        return sum + (incident.endTime - incident.startTime) / 60000;\n    }, 0);\n\n    return totalMinutes / validIncidents.length;\n}\n\nfunction percentageByChange(byChangeArr, totalArr) {\n    if (!Array.isArray(totalArr) || totalArr.length === 0)\n        return null;\n\n    if (!Array.isArray(byChangeArr) || byChangeArr.length === 0)\n        return null;\n\n    return (byChangeArr.length / totalArr.length) * 100;\n}\n\nconst pct_sev1_by_change = percentageByChange($ITSMMetrics[\"sev1_incidents_by_change\"], $ITSMMetrics[\"sev1_incidents\"]);\nconst pct_sev2_by_change = percentageByChange($ITSMMetrics[\"sev2_incidents_by_change\"], $ITSMMetrics[\"sev2_incidents\"]);\n\nconst pct_incidents_detected_by_monitoring = Array.isArray($ITSMMetrics[\"incidents_detected_by_monitoring\"]) ? percentageDetectedByMonitoring(\n    $ITSMMetrics[\"incidents_detected_by_monitoring\"],\n    $ITSMMetrics[\"sev1_incidents\"]\n) : null;\n\nconst pct_sev1_incidents_detected_by_monitoring = Array.isArray($ITSMMetrics[\"sev1_incidents_detected_by_monitoring\"]) ? percentageDetectedByMonitoring(\n    $ITSMMetrics[\"sev1_incidents_detected_by_monitoring\"],\n    $ITSMMetrics[\"sev1_incidents\"]\n) : null;\n\nconst pct_sev2_incidents_detected_by_monitoring = Array.isArray($ITSMMetrics[\"sev2_incidents_detected_by_monitoring\"]) ? percentageDetectedByMonitoring(\n    $ITSMMetrics[\"sev2_incidents_detected_by_monitoring\"],\n    $ITSMMetrics[\"sev2_incidents\"]\n) : null;\n\nconst result = {\n    mins_mttr: CalculateMttr($ITSMMetrics[\"closed_incidents\"]),\n    mins_mttr_sev1: CalculateMttr($ITSMMetrics[\"sev1_incidents\"]),\n    mins_mttr_sev2: CalculateMttr($ITSMMetrics[\"sev2_incidents\"]),\n    mins_mttr_sev1_by_change: CalculateMttr($ITSMMetrics[\"sev1_incidents_by_change\"]),\n    mins_mttr_sev2_by_change: CalculateMttr($ITSMMetrics[\"sev2_incidents_by_change\"]),\n    pct_sev1_incidents_by_change: pct_sev1_by_change,\n    pct_sev2_incidents_by_change: pct_sev2_by_change,\n    pct_incidents_detected_by_monitoring: pct_incidents_detected_by_monitoring,\n    pct_sev1_incidents_detected_by_monitoring: pct_sev1_incidents_detected_by_monitoring,\n    pct_sev2_incidents_detected_by_monitoring: pct_sev2_incidents_detected_by_monitoring\n};\n\nconst finalResult = {};\n\nObject.keys(result).forEach(key => {\n    if (!isInvalid(result[key])) {\n        finalResult[key] = result[key];\n    }\n});\n\n$MTTRProcessedMetricData = finalResult"}, {"name":"calculate_application_metrics","function":"function transformMetrics(result, operation) {\n    const resultData = {};\n\n    const outputToInputMap = {\n        pct_slo_error_rate_errorbudget: \"slo_error_rate_errorbudget\",\n        num_throughput_transactions: \"throughput_transactions\",\n        pct_availability_by_error_rate: \"availability_by_error_rate\",\n        pct_availability_by_synthetic_tests: \"availability_by_synthetic_tests\",\n    };\n\n    function calculate(values, op) {\n        const allowedOps = [\"max\", \"min\", \"avg\", \"sum\"];\n\n        if (!allowedOps.includes(op)) {\n            throw new Error(\n                `Unsupported operation \"${op}\". Supported operations are: ${allowedOps.join(\", \")}`\n            );\n        }\n\n        const filtered = values.filter(v => v != null);\n        if (filtered.length === 0) return 0;\n\n        switch (op) {\n            case \"max\":\n                return Math.max(...filtered);\n            case \"min\":\n                return Math.min(...filtered);\n            case \"avg\":\n                return (\n                    filtered.reduce((a, b) => a + b, 0) / filtered.length\n                );\n            case \"sum\":\n                return filtered.reduce((a, b) => a + b, 0);\n        }\n    }\n\n    for (const [outputKey, op] of Object.entries(operation)) {\n        const inputKey = outputToInputMap[outputKey];\n        const list = result[inputKey] || [];\n        const values = [];\n\n        for (const item of list) {\n            const metricResults = item.result?.result || [];\n\n            for (const metric of metricResults) {\n                const dataItems = metric.data || [];\n\n                for (const dataItem of dataItems) {\n                    const metricValues = dataItem.values || [];\n                    values.push(...metricValues);\n                }\n            }\n        }\n\n        const computedValue = calculate(values, op);\n\n        if (computedValue > 0) {\n            resultData[outputKey] = Number(computedValue.toFixed(2));\n        }\n    }\n\n    return { data: resultData };\n}\n\n$APMProcessedMetricData = transformMetrics($ApmMetrics, $operation);\n"}, {"name":"construct_result_obj","function":"$result = Object.assign({}, $APMProcessedMetricData.data, $MTTRProcessedMetricData)"}],"variables":[{"name":"result","required":false,"isInput":false,"isOutput":true,"level":"INTERMEDIATE","type":{"type":"any"},"value":"\"\""},{"name":"ApmMetrics","required":true,"isInput":true,"isOutput":false,"level":"INTERMEDIATE","type":{"type":"object"},"value":"{}"},{"name":"MTTRProcessedMetricData","required":false,"isInput":false,"isOutput":false,"level":"INTERMEDIATE","type":{"type":"object"},"value":"{}"},{"name":"APMProcessedMetricData","required":false,"isInput":false,"isOutput":false,"level":"INTERMEDIATE","type":{"type":"object"},"value":"{}"},{"name":"ITSMMetrics","required":true,"isInput":true,"isOutput":false,"level":"INTERMEDIATE","type":{"type":"object"},"value":"{}"},{"name":"operation","required":true,"isInput":true,"isOutput":false,"level":"INTERMEDIATE","type":{"type":"object"},"value":"{\n    \"pct_slo_error_rate_errorbudget\": \"avg\",\n    \"num_throughput_transactions\": \"max\",\n    \"pct_availability_by_error_rate\": \"avg\",\n    \"pct_availability_by_synthetic_tests\": \"avg\"\n}"}],"meta":{"workerGroup":"default","created":1772005727596,"lastUpdated":1772005883229,"description":"This workflow calculates the collected metrics","layout":"flow","updatedByUsername":"anton.cholakov","numberOfBlocks":3,"version":5,"tags":[{"name":"Consumer","value":"Concert"},{"name":"Concert version","value":"2.3.0"},{"name":"Category","value":"Resilience"}]},"finally":null}