{"name":"Dynatrace_Resilience_Sample","platform":"node","hash":"eDxcCtjmOvQZHaYakxix89T2mC5YsG+93cbUZBC7lzw=","blocks":[{"action":"if","name":"If_origin_url","condition":"/^https:\\/\\/[a-zA-Z0-9-]+\\.apps\\.dynatrace\\.com$/.test($origin_url)","then":[],"else":[{"action":"assign","name":"incorrect_url","value":"{\n    \"status\": \"Error\",\n    \"message\": \"Incorrect origin_url\"\n}","variable":"$result"},{"action":"exit"}]}, {"action":"comment","value":"Fetches the start and end time (from resilience )for which we need to find the metric"}, {"action":"./helper/FetchAssessmentTime","name":"FetchTimeWindow","inputs":[{"name":"applicationName","value":"$application_name"},{"name":"profileName","value":"$profile_name"},{"name":"origin","value":"$origin"},{"name":"origin_name","value":"$origin_name"},{"name":"defaultWindowSize","value":"$defaultWindowSize"}]}, {"action":"comment","value":"Enhance the timestamp and error handing"}, {"name":"Function_1","function":"function isEmpty(value) {\n    return value === null || value === undefined || value === \"\" || (typeof value === \"object\" && Object.keys(value).length === 0);\n};\n\nif (isEmpty($startTimestamp)) {\n    $startTimestamp = String($FetchTimeWindow.result.startTimestamp);\n}\n\nif (isEmpty($endTimestamp)) {\n    $endTimestamp = String($FetchTimeWindow.result.endTimestamp);\n    $endTime = Number($FetchTimeWindow.result.endTimestamp);\n} else {\n    $endTime = Number($endTimestamp);\n}\n\nif ($startTimestamp === \"\" || $endTimestamp === \"\" || isNaN($endTime)) {\n    $result = \"Error\";\n} else {\n    $result = \"Success\";\n}"}, {"action":"if","name":"If","condition":"$result === \"Success\"","then":[{"action":"comment","value":"Fetches the metrics from dynatrace"},{"action":"./Get_ITSM_Metrics","name":"Get_Mttr_metrics","inputs":[{"name":"dynatrace_auth","value":"$dynatrace_auth"},{"name":"startTimestamp","value":"$startTimestamp"},{"name":"endTimestamp","value":"$endTimestamp"},{"name":"managementZone","value":"$managementZone"},{"name":"sev_mapping","value":"$sev_mapping"}]},{"action":"./Get_APM_Metrics","name":"Get_Apm_metrics","inputs":[{"name":"dynatrace_auth","value":"$dynatrace_auth"},{"name":"startTimestamp","value":"$startTimestamp"},{"name":"endTimestamp","value":"$endTimestamp"},{"name":"managementZone","value":"$managementZone"}]},{"action":"./Calculate Metrics","name":"Calculate_metrics","inputs":[{"name":"ApmMetrics","value":"$Get_Apm_metrics.result"},{"name":"ITSMMetrics","value":"$Get_Mttr_metrics.result"},{"name":"operation","value":"$operation"}]},{"action":"assign","name":"Assign_1","variable":"$result","value":"$Calculate_metrics.result"},{"action":"./helper/LoadAssessments","name":"Load_Assessment","inputs":[{"name":"applicationName","value":"$application_name"},{"name":"profileName","value":"$profile_name"},{"name":"data","value":"$result"},{"name":"timestamp","value":"$endTime"},{"name":"origin_name","value":"$origin_name"},{"name":"origin_url","value":"$origin_url"},{"name":"applicationVersion","value":"$applicationVersion"},{"name":"origin","value":"$origin"}]},{"action":"assign","name":"FinalResult","value":"{\n    \"response\": $Load_Assessment.result,\n    \"assessment_data\": $Load_Assessment.assessment_data\n}","variable":"$result"}],"else":[{"action":"assign","name":"ErrFetchingTimestamp","value":"{\n    \"status\": \"Error\",\n    \"message\": \"Error while fetching assesment time window\"\n}","variable":"$result"}]}],"variables":[{"name":"result","required":false,"isInput":false,"isOutput":true,"level":"INTERMEDIATE","type":{"type":"any"},"value":"\"\""},{"name":"applicationVersion","required":true,"isInput":true,"isOutput":false,"level":"INTERMEDIATE","type":{"type":"string"},"value":"\"\""},{"name":"origin_name","required":true,"isInput":true,"isOutput":false,"level":"INTERMEDIATE","type":{"type":"string"},"value":"\"Dynatrace\""},{"name":"origin","required":false,"isInput":false,"isOutput":false,"level":"INTERMEDIATE","type":{"type":"string"},"value":"\"APM\""},{"name":"origin_url","required":true,"isInput":true,"isOutput":false,"level":"INTERMEDIATE","type":{"type":"string"},"value":"\"\""},{"name":"application_name","required":true,"isInput":true,"isOutput":false,"level":"INTERMEDIATE","type":{"type":"string"},"value":"\"\""},{"name":"profile_name","required":true,"isInput":true,"isOutput":false,"level":"INTERMEDIATE","type":{"type":"string"},"value":"\"\""},{"name":"defaultWindowSize","required":true,"isInput":true,"isOutput":false,"level":"INTERMEDIATE","type":{"type":"number"},"value":"30000"},{"name":"startTimestamp","required":false,"isInput":true,"isOutput":true,"level":"INTERMEDIATE","type":{"type":"string"},"value":"\"\""},{"name":"endTimestamp","required":false,"isInput":true,"isOutput":true,"level":"INTERMEDIATE","type":{"type":"string"},"value":"\"\""},{"name":"endTime","required":false,"isInput":false,"isOutput":false,"level":"INTERMEDIATE","type":{"type":"number"},"value":"0"},{"name":"dynatrace_auth","required":true,"isInput":true,"isOutput":false,"level":"INTERMEDIATE","type":{"type":"string"},"value":"\"\"","meta":{"authType":"Dynatrace","subType":"authentication"}},{"name":"managementZone","required":true,"isInput":true,"isOutput":false,"level":"INTERMEDIATE","type":{"type":"string"},"value":"\"\""},{"name":"operation","required":true,"isInput":true,"isOutput":false,"level":"INTERMEDIATE","type":{"type":"object"},"value":"{\n    \"pct_slo_error_rate_errorbudget\": \"avg\",\n    \"num_throughput_transactions\": \"max\",\n    \"pct_availability_by_error_rate\": \"avg\",\n    \"pct_availability_by_synthetic_tests\": \"avg\"\n}"},{"name":"sev_mapping","required":false,"isInput":true,"isOutput":false,"level":"INTERMEDIATE","type":{"type":"object"},"value":"{\n    \"AVAILABILITY\": \"sev1\",\n    \"ERROR\": \"sev2\",\n    \"PERFORMANCE\": \"sev2\",\n    \"RESOURCE_CONTENTION\": \"sev3\",\n    \"CUSTOM_ALERT\": \"sev3\"\n}"}],"meta":{"workerGroup":"default","created":1772005727513,"lastUpdated":1772005883355,"layout":"flow","updatedByUsername":"anton.cholakov","numberOfBlocks":16,"version":5,"tags":[{"name":"Consumer","value":"Concert"},{"name":"Concert version","value":"2.3.0"},{"name":"Category","value":"Resilience"}]},"finally":null}