{"name":"Get_ITSM_Metrics","platform":"node","hash":"y4EOigsC7hgADMS0B4xx/1kN/oSzJNCRqJSyebkj2Z0=","blocks":[{"action":"system/Dynatrace/Environment/Problems/Get Problems","name":"get_problems","inputs":[{"name":"authKey","value":"\"admin/dynatrace\""},{"name":"from","value":"$startTimestamp"},{"name":"to","value":"$endTimestamp"}]}, {"name":"Function_1","function":"const targetStatus = \"closed\"\nconst isChangeRelated = (item) =>\n  Array.isArray(item.problemFilters) &&\n  item.problemFilters.some(f =>\n    f.name?.toLowerCase().includes(\"change\")\n);\n\nconst isProblemIdExist = (item) => !!item?.problemId;\n\nconst sev1Types = Object.keys($sev_mapping).filter(\n  key => $sev_mapping[key].toLowerCase() === \"sev1\"\n);\n\nconst sev2Types = Object.keys($sev_mapping).filter(\n  key => $sev_mapping[key].toLowerCase() === \"sev2\"\n);\n\n$ClosedIncidents = $get_problems.result.problems.filter(item =>\n  item.status?.toUpperCase() === targetStatus.toUpperCase()\n);\n\n$Sev1Incidents = $get_problems.result.problems.filter(item =>\n  sev1Types.includes(item.severityLevel)\n);\n\n$Sev2Incidents = $get_problems.result.problems.filter(item =>\n  sev2Types.includes(item.severityLevel)\n);\n\n$Sev1IncidentsByChange = $Sev1Incidents.filter(isChangeRelated);\n\n$Sev2IncidentsByChange = $Sev2Incidents.filter(isChangeRelated);\n\n$IncidentsDetectedByMonitoring = $get_problems.result.problems.filter(item => isProblemIdExist(item));\n\n$Sev1IncidentsDetectedByMonitoring =\n  $IncidentsDetectedByMonitoring.filter(item =>\n    sev1Types.includes(item.severityLevel)\n  );\n\n$Sev2IncidentsDetectedByMonitoring =\n  $IncidentsDetectedByMonitoring.filter(item =>\n    sev2Types.includes(item.severityLevel)\n  );\n"}, {"action":"assign","name":"output","variable":"$result","value":"{\n    \"closed_incidents\": $ClosedIncidents,\n    \"sev1_incidents\": $Sev1Incidents,\n    \"sev2_incidents\": $Sev2Incidents,\n    \"sev1_incidents_by_change\": $Sev1IncidentsByChange,\n    \"sev2_incidents_by_change\": $Sev1IncidentsByChange,\n    \"incidents_detected_by_monitoring\": $IncidentsDetectedByMonitoring,\n    \"sev1_incidents_detected_by_monitoring\": $Sev1IncidentsDetectedByMonitoring,\n    \"sev2_incidents_detected_by_monitoring\": $Sev2IncidentsDetectedByMonitoring\n}"}],"variables":[{"name":"dynatrace_auth","required":true,"isInput":true,"isOutput":false,"level":"INTERMEDIATE","type":{"type":"string"},"value":"\"\""},{"name":"throughput","required":false,"isInput":false,"isOutput":false,"level":"INTERMEDIATE","type":{"type":"array"},"value":"[]"},{"name":"errorBudgetBurnRate","required":false,"isInput":false,"isOutput":false,"level":"INTERMEDIATE","type":{"type":"array"},"value":"[]"},{"name":"availabilityByErrorRate","required":false,"isInput":false,"isOutput":false,"level":"INTERMEDIATE","type":{"type":"array"},"value":"[]"},{"name":"synthetic_test","required":false,"isInput":false,"isOutput":false,"level":"INTERMEDIATE","type":{"type":"array"},"value":"[]"},{"name":"result","required":false,"isInput":false,"isOutput":true,"level":"INTERMEDIATE","type":{"type":"string"},"value":"\"\""},{"name":"startTimestamp","required":true,"isInput":true,"isOutput":false,"level":"INTERMEDIATE","type":{"type":"string"},"value":"\"\""},{"name":"endTimestamp","required":true,"isInput":true,"isOutput":false,"level":"INTERMEDIATE","type":{"type":"string"},"value":"\"\""},{"name":"managementZone","required":true,"isInput":true,"isOutput":false,"level":"INTERMEDIATE","type":{"type":"string"},"value":"\"\""},{"name":"problem_output","required":false,"isInput":false,"isOutput":false,"level":"INTERMEDIATE","type":{"type":"string"},"value":"\"\""},{"name":"Sev1Incidents","required":false,"isInput":false,"isOutput":false,"level":"INTERMEDIATE","type":{"type":"any"},"value":"\"\""},{"name":"Sev2Incidents","required":false,"isInput":false,"isOutput":false,"level":"INTERMEDIATE","type":{"type":"any"},"value":"\"\""},{"name":"ClosedIncidents","required":false,"isInput":false,"isOutput":false,"level":"INTERMEDIATE","type":{"type":"any"},"value":"\"\""},{"name":"Sev1IncidentsByChange","required":false,"isInput":false,"isOutput":false,"level":"INTERMEDIATE","type":{"type":"any"},"value":"\"\""},{"name":"Sev2IncidentsByChange","required":false,"isInput":false,"isOutput":false,"level":"INTERMEDIATE","type":{"type":"any"},"value":"\"\""},{"name":"IncidentsDetectedByMonitoring","required":false,"isInput":false,"isOutput":false,"level":"INTERMEDIATE","type":{"type":"any"},"value":"\"\""},{"name":"Sev1IncidentsDetectedByMonitoring","required":false,"isInput":false,"isOutput":false,"level":"INTERMEDIATE","type":{"type":"any"},"value":"\"\""},{"name":"Sev2IncidentsDetectedByMonitoring","required":false,"isInput":false,"isOutput":false,"level":"INTERMEDIATE","type":{"type":"any"},"value":"\"\""},{"name":"sev_mapping","required":true,"isInput":true,"isOutput":false,"level":"INTERMEDIATE","type":{"type":"object"},"value":"{\n    \"AVAILABILITY\": \"sev1\",\n    \"ERROR\": \"sev2\",\n    \"PERFORMANCE\": \"sev2\",\n    \"RESOURCE_CONTENTION\": \"sev3\",\n    \"CUSTOM_ALERT\": \"sev3\"\n}"}],"meta":{"workerGroup":"default","created":1772005727578,"lastUpdated":1772005883606,"layout":"flow","updatedByUsername":"anton.cholakov","numberOfBlocks":3,"version":5,"tags":[{"name":"Consumer","value":"Concert"},{"name":"Concert version","value":"2.3.0"},{"name":"Category","value":"Resilience"}]},"finally":null}