{"name":"Linux_Keystore_Cert_Renewal","platform":"node","hash":"ien0131Yt6cbirpq7EcaJ3UqY3YFzbZe2fYUVpXSQgs=","blocks":[{"action":"system/Common/Config Data/Get Config Data","name":"GetKeystorePass","inputs":[{"name":"authKey","value":"$passwordMap"}]}, {"name":"Function_1","function":"if (!$tomcatPath) {\n  throw new Error(' \"400 Bad Request\" \\n {\"error\": \"Missing required field: Tomcat path\"}');\n}else if(!$validity) {\n  throw new Error(' \"400 Bad Request\" \\n {\"error\": \"Missing required field: Validity\"}');\n}"}, {"action":"foreach","name":"ForEachCert","list":"$certificates","blocks":[{"action":"comment","value":"Get keystore name from input "},{"action":"assign","name":"Assign_1","variable":"$additional_data","value":"JSON.parse($ForEachCert.item.additional_data)"},{"action":"foreach","name":"ForEachEntry","list":"Object.keys($additional_data).filter(k => k !== \"policy_check_result\")","blocks":[{"action":"comment","value":"Get keystore password from config auth set by user -  using keystore path as key"},{"name":"StorePass","function":"let keystore = $additional_data[$ForEachEntry.item][\"keystore_path\"]\nconst passwordMap = $GetKeystorePass.result\n\n$storepass = passwordMap[keystore] || \"\";"},{"action":"try","name":"Catch","try":[{"action":"comment","value":"Script to renew the cert and restart tomcat application running."},{"action":"system/Ansible/Playbook","name":"RenewalScript","inputs":[{"name":"authKey","value":"$ansibleAuth"},{"name":"playbook","value":"`---\n- name: Renew certificate in Java keystore and restart Tomcat (Linux)\n  become: yes\n  vars:\n    aliasName: ${JSON.stringify($additional_data[$ForEachEntry.item][\"alias\"])}\n    keystore_path: ${JSON.stringify($additional_data[$ForEachEntry.item][\"keystore_path\"])}\n    jkspath: \"{{ keystore_path.split('/')[:-1] | join('/') }}\"\n    storepass: ${JSON.stringify($storepass)}\n    validity: ${JSON.stringify($validity)}\n    tomcat_path: ${JSON.stringify($tomcatPath)}\n    apachebin_path: \"{{ tomcat_path }}/bin\"\n    tomcat_service: \"tomcat\"\n    host: ${JSON.stringify($additional_data[$ForEachEntry.item][\"server\"])}\n  hosts: \"{{ host }}\"\n\n  tasks:\n\n    - name: Set Java path into environment\n      set_fact:\n        java_env: \"PATH={{ jkspath }}:{{ ansible_env.PATH }}\"\n\n    - name: Ensure /tmp/keystore directory exists\n      file:\n        path: /tmp/keystore\n        state: directory\n        mode: '0755'\n\n    - name: Verify Java and keytool availability\n      shell: |\n        which java && java -version 2>&1\n        which keytool\n      environment:\n        PATH: \"{{ java_env }}\"\n      register: java_check\n      changed_when: false\n\n    - name: Extract DName from keystore\n      shell: |\n        keytool -list -v -keystore \"{{ keystore_path }}\" -alias \"{{ aliasName }}\" -storepass \"{{ storepass }}\" > /tmp/keystore/{{ aliasName }}_output.txt\n        grep -E 'Owner:|Subject:' /tmp/keystore/{{ aliasName }}_output.txt | head -n 1 | sed 's/.*: //' > /tmp/keystore/{{ aliasName }}_dname.txt\n      environment:\n        PATH: \"{{ java_env }}\"\n      args:\n        executable: /bin/bash\n\n    - name: Read extracted DName\n      command: cat /tmp/keystore/{{ aliasName }}_dname.txt\n      register: dname_output\n\n    - name: Set DName fact\n      set_fact:\n        dname: \"{{ dname_output.stdout | trim }}\"\n\n    - name: Generate self-signed certificate\n      shell: |\n        keytool -selfcert -alias \"{{ aliasName }}\" -keystore \"{{ keystore_path }}\" -dname \"{{ dname }}\" -validity {{ validity }} -storepass \"{{ storepass }}\"\n      environment:\n        PATH: \"{{ java_env }}\"\n      args:\n        executable: /bin/bash\n\n    - name: Set CATALINA_HOME environment variable system-wide\n      copy:\n        dest: /etc/profile.d/catalina_home.sh\n        content: |\n          export CATALINA_HOME={{ tomcat_path }}\n        mode: '0755'\n\n    - name: Stop Tomcat using shutdown.sh\n      ansible.builtin.shell: \"{{ tomcat_path }}/bin/shutdown.sh 2>&1\"\n      ignore_errors: yes  #in case Tomcat is already stopped\n\n    - name: Wait for Tomcat to stop completely\n      pause:\n        seconds: 2\n\n    - name: Start Tomcat using startup.sh\n      ansible.builtin.shell: \"nohup {{ tomcat_path }}/bin/startup.sh\"\n      become: yes\n      become_user: root\n\n    - name: Delay to make sure service has time to start\n      pause:\n        seconds: 5\n\n`"}]},{"action":"if","name":"IfRenewalSuccess","condition":"$RenewalScript.success","then":[{"action":"system/Common/Array/Array Push","name":"AddResult_1","inputs":[{"name":"array","value":"$renewal_result"},{"name":"item","value":"{\n    \"success\": \"Renewal success for - \" + $additional_data[$ForEachEntry.item][\"alias\"],\n    \"stack\": \"Renewal Script\"\n}"}]},{"name":"Function_2_1","function":"$additional_data[$ForEachEntry.item][\"renewed\"] = true"}],"else":[{"name":"Function_2_1_1","function":"$additional_data[$ForEachEntry.item][\"renewed\"] = false"},{"name":"Function_2","function":"if ($RenewalScript.error.includes(\"password was incorrect\")){\n    throw new Error(\"Keystore password incorrect\")\n} else if (($RenewalScript.error.includes(\"Validity must be greater than zero\")) || $RenewalScript.error.includes(\"java.lang.NumberFormatException: For input string:\")){\n    throw new Error(\"New validity must be a valid value (greater than zero)\")\n} else if ($RenewalScript.result.includes(\"Could not match supplied host pattern\")){\n    throw new Error(\"Incorrect ansible auth provided\")\n}"}]}],"catch":[{"action":"system/Common/Array/Array Push","name":"AddErrorResult","inputs":[{"name":"array","value":"$renewal_result"},{"name":"item","value":"{\n    \"error\": $Catch.message,\n    \"stack\": $Catch.stack\n}"}]}]}]},{"action":"system/IBM/Concert v2/Certificates/Edit Certificate Data","name":"EditCertificate","inputs":[{"name":"authKey","value":"$concert_auth"},{"name":"Body","value":"{\n    \"certificates\": [{\n        \"serial_number\": $ForEachCert.item.serial_number,\n        \"additional_data\": JSON.stringify($additional_data)\n    }]\n}"}]},{"action":"system/Common/Array/Array Push","name":"AddErrorResultConcert","inputs":[{"name":"array","value":"$concert_results"},{"name":"item","value":"$EditCertificate.result"}]}]}],"variables":[{"name":"renewal_result","required":false,"isInput":false,"isOutput":true,"level":"INTERMEDIATE","type":{"type":"array"},"value":"[]"},{"name":"additional_data","required":false,"isInput":false,"isOutput":false,"level":"INTERMEDIATE","type":{"type":"object"},"value":"{}"},{"name":"storepass","required":false,"isInput":false,"isOutput":false,"level":"INTERMEDIATE","type":{"type":"string"},"value":"\"\""},{"name":"concert_results","required":false,"isInput":false,"isOutput":true,"level":"INTERMEDIATE","type":{"type":"array"},"value":"[]"},{"name":"ansibleAuth","required":true,"isInput":true,"isOutput":false,"level":"INTERMEDIATE","type":{"type":"string"},"value":"\"\"","meta":{"authType":"ANY","subType":"authentication"}},{"name":"validity","required":true,"isInput":true,"isOutput":false,"level":"INTERMEDIATE","type":{"type":"string"},"value":"\"\""},{"name":"tomcatPath","required":true,"isInput":true,"isOutput":false,"level":"INTERMEDIATE","type":{"type":"string"},"value":"\"\"","meta":{"notLogged":true,"subType":"password"}},{"name":"passwordMap","required":true,"isInput":true,"isOutput":false,"level":"INTERMEDIATE","type":{"type":"string"},"value":"\"\"","meta":{"authType":"ANY","subType":"authentication"}},{"name":"certificates","required":false,"isInput":true,"isOutput":true,"level":"INTERMEDIATE","type":{"type":"array"},"value":"[]"},{"name":"concert_auth","required":true,"isInput":true,"isOutput":false,"level":"INTERMEDIATE","type":{"type":"string"},"value":"\"\""}],"meta":{"workerGroup":"default","created":1765523589494,"lastUpdated":1765523663529,"description":"This workflow manages a Java keystore on a Linux host by extracting the distinguished name (DName) and generating a self-signed certificate. It updates the CATALINA_HOME environment variable, and safely stops and restarts the Tomcat server using its batch scripts. The playbook ensures proper environment setup and introduces delays to handle service readiness.","layout":"flow","updatedByUsername":"concert","numberOfBlocks":19,"version":5,"tags":[{"name":"Consumer","value":"Concert"},{"name":"Category","value":"Certificates"}]},"finally":null}