{"name":"Linux_Keystore_Cert_Discovery","platform":"node","hash":"yHvJKA+t4ymJPhaD00c5bzkRACjnnsrU/h+L+9aJWi4=","blocks":[{"action":"if","name":"EnvNameCheck","condition":"!$env_name","then":[{"action":"throw","error":"' \"400 Bad Request\" \\n {\"error\": \"Missing required field: env_name\"}'"}],"else":[{"action":"comment","value":"Getting the keystore password and keystore path from config data."},{"action":"system/Common/Config Data/Get Config Data","name":"GetPasswordMap","inputs":[{"name":"authKey","value":"$passwordMap"}]},{"action":"assign","name":"GetkeystorePass","variable":"$keystorePass","value":"$GetPasswordMap.result[$keystorePath] || \"\""},{"name":"Function_1","function":"if (!$keystorePath) {\n  throw new Error(' \"400 Bad Request\" \\n {\"error\": \"Missing required field: Keystore path\"}');\n}else if(!$keystorePass) {\n  throw new Error(' \"400 Bad Request\" \\n {\"error\": \"Password not found for keystore_path\"}');\n}"},{"action":"comment","value":"Ansible script to get certificates from given keystore"},{"action":"system/Ansible/Playbook","name":"GetCerts","inputs":[{"name":"authKey","value":"$linuxAuth"},{"name":"playbook","value":"`---\n- name: Manage Tomcat Installation and Upgrade\n  hosts: canary\n  become: yes\n  vars:\n    keystore_pass: ${JSON.stringify($keystorePass)}\n    keystore: ${JSON.stringify($keystorePath)}\n  tasks:\n\n    - name: Get certificate info for all certs from keystore\n      ansible.builtin.shell: |\n        keytool -list -v -keystore \"{{ keystore }}\" -storepass \"{{ keystore_pass }}\"\n      register: keystore_cert_details\n      ignore_errors: true\n\n    - name: Exit play if keystore password is incorrect\n      ansible.builtin.meta: end_play\n      when: >\n        'keystore password was incorrect' in keystore_cert_details.stdout | lower or\n        'unrecoverablekeyexception' in keystore_cert_details.stdout | lower or\n        'badpaddingexception' in keystore_cert_details.stdout | lower or\n        keystore_cert_details.rc != 0\n\n    - name: Parse certificate details into clean JSON\n      set_fact:\n        certificates_json: >-\n          {% set certs = [] %}\n          {% set keystore_path_local = keystore %}\n          {% set current_cert = {} %}\n          {% for line in keystore_cert_details.stdout_lines %}\n            {% if \"Alias name:\" in line %}\n              {% if current_cert %}{% set _ = certs.append(current_cert.copy()) %}{% endif %}\n              {% set _ = current_cert.update({\n                \"alias\": line.split(\":\", 1)[1]|trim,\n                \"subject\": \"\",\n                \"issuer\": \"\",\n                \"validFrom\": \"\",\n                \"validTo\": \"\",\n                \"sha1Thumbprint\": \"\",\n                \"sha256Thumbprint\": \"\",\n                \"serialNumber\": \"\",\n                \"dnsNames\": [],\n                \"CertificateType\":\"keystore\",\n                \"namespace\" : \"\",\n                \"keystore_path\": keystore_path_local\n              }) %}\n            {% elif \"Owner:\" in line %}\n              {% set _ = current_cert.update({\"subject\": line.split(\":\", 1)[1]|trim}) %}\n            {% elif \"Issuer:\" in line %}\n              {% set _ = current_cert.update({\"issuer\": line.split(\":\", 1)[1]|trim}) %}\n            {% elif \"Serial number:\" in line %}\n              {% set _ = current_cert.update({\"serialNumber\": line.split(\":\", 1)[1]|trim}) %}\n            {% elif \"Valid from:\" in line %}\n              {% set parts = line.split(\"until:\") %}\n              {% set _ = current_cert.update({\n                \"validFrom\": parts[0].split(\":\", 1)[1]|trim,\n                \"validTo\": parts[1]|trim if parts|length > 1 else \"\"\n              }) %}\n            {% elif \"SHA1:\" in line %}\n              {% set _ = current_cert.update({\"sha1Thumbprint\": line.split(\"SHA1:\", 1)[1]|trim}) %}\n            {% elif \"SHA256:\" in line %}\n              {% set _ = current_cert.update({\"sha256Thumbprint\": line.split(\"SHA256:\", 1)[1]|trim}) %}\n            {% elif \"*******************************************\" in line and current_cert %}\n              {% set _ = certs.append(current_cert.copy()) %}\n              {% set _ = current_cert.clear() %}\n            {% endif %}\n          {% endfor %}\n          {% if current_cert %}{% set _ = certs.append(current_cert.copy()) %}{% endif %}\n          {{ certs | to_json }}\n\n    - name: Print parsed certificate JSON\n      debug:\n        var: certificates_json\n        verbosity: 0\n\n    - name: Save clean JSON to variable\n      set_fact:\n        clean_json: \"{{ certificates_json | from_json | to_nice_json }}\"\n\n    - name: Display properly formatted JSON\n      debug:\n        msg: \"{{ clean_json }}\"\n      when: clean_json is defined\n\n    - name: Print the OS type\n      debug:\n        msg: \"This host is running {{ ansible_os_family }}\"\n\n`"}]},{"action":"comment","value":"Get certificates from the result"},{"name":"Function_2","function":"if ($GetCerts.result.plays[0].tasks.length < 4) {\n  throw new Error(' \"400 Bad Request\" \\n {\"error\": \"Incorrect keystore password\"}');\n}"},{"action":"assign","name":"AnsibleResult","variable":"$ansibleResult","value":"$GetCerts.result[\"plays\"][0][\"tasks\"][6][\"hosts\"]"},{"action":"assign","name":"AssignServerValue","variable":"$apiserver","value":"Object.keys($ansibleResult)[0]"},{"action":"assign","name":"GetCertificates","variable":"$certs","value":"$ansibleResult[$apiserver][\"msg\"]"},{"name":"ParseCerts","function":"$certificatesJson = JSON.parse($certs)"},{"action":"comment","value":"Call helper workflows to create and ingest certificates into Concert."},{"action":"./helper/Create_JSON_of_Certificate","name":"IngestHelper","inputs":[{"name":"certificates","value":"$certificatesJson"},{"name":"concert_auth","value":"$concertAuth"},{"name":"env_name","value":"$env_name"},{"name":"api_server","value":"$apiserver"}]},{"action":"assign","name":"IngestionResult","variable":"$result","value":"$IngestHelper.result"}]}],"variables":[{"name":"ansibleResult","required":false,"isInput":false,"isOutput":false,"level":"INTERMEDIATE","type":{"type":"any"},"value":"\"\""},{"name":"keystorePass","required":false,"isInput":false,"isOutput":false,"level":"INTERMEDIATE","type":{"type":"string"},"value":"\"\""},{"name":"certificatesJson","required":false,"isInput":false,"isOutput":false,"level":"INTERMEDIATE","type":{"type":"array"},"value":"[]"},{"name":"certs","required":false,"isInput":false,"isOutput":false,"level":"INTERMEDIATE","type":{"type":"string"},"value":"\"\""},{"name":"apiserver","required":false,"isInput":false,"isOutput":false,"level":"INTERMEDIATE","type":{"type":"string"},"value":"\"\""},{"name":"result","required":false,"isInput":false,"isOutput":true,"level":"INTERMEDIATE","type":{"type":"string"},"value":"\"\""},{"name":"keystorePath","required":true,"isInput":true,"isOutput":false,"level":"INTERMEDIATE","type":{"type":"string"},"value":"\"\"","meta":{"notLogged":true,"subType":"password"}},{"name":"passwordMap","required":true,"isInput":true,"isOutput":false,"level":"INTERMEDIATE","type":{"type":"string"},"value":"\"\"","meta":{"authType":"ANY","subType":"authentication"}},{"name":"concertAuth","required":true,"isInput":true,"isOutput":false,"level":"INTERMEDIATE","type":{"type":"string"},"value":"\"\"","meta":{"authType":"ANY","subType":"authentication"}},{"name":"env_name","required":true,"isInput":true,"isOutput":false,"level":"INTERMEDIATE","type":{"type":"string"},"value":"\"\""},{"name":"linuxAuth","required":true,"isInput":true,"isOutput":false,"level":"INTERMEDIATE","type":{"type":"string"},"value":"\"\"","meta":{"authType":"ANY","subType":"authentication"}}],"meta":{"workerGroup":"default","created":1761552755355,"lastUpdated":1761897745508,"description":"This workflow gets connection to linux machine and fetch all certificates present in given keystore. It then ingests the certificates fetched into Concert.","layout":"flow","updatedByUsername":"concert","numberOfBlocks":17,"version":5},"finally":null}