{"name":"Linux_Keystore_Cert_Renewal_UI","platform":"node","hash":"K6d/qijG40OqRvdIlIhNZd7mFW0pkylZmhpLxc1jl/w=","blocks":[{"action":"system/IBM/Concert v2/Certificates/View a Certificate Associated With an Environment","name":"GetCertificate","inputs":[{"name":"certificate_id","value":"$certificate.certificate_id"}]}, {"action":"system/Common/JSON/JSON Parse","name":"CertificateAdditionalData","inputs":[{"name":"jsonString","value":"$GetCertificate.result.additional_data"}]}, {"action":"system/Common/Config Data/Get Config Data","name":"GetKeystorePass","inputs":[{"name":"authKey","value":"$passwordMap"}]}, {"name":"Function_1","function":"if(!$validity) {\n  throw new Error(' \"400 Bad Request\" \\n {\"error\": \"Missing required field: Validity\"}');\n}"}, {"name":"Function_2","function":"function processAdditionalData(additionalData, tableData, main) {\n    const resultTable = [];\n    let certificateObject = {};\n\n    const isInTable = entry => {\n        return tableData.some(\n            t => t.alias === entry.alias && t.server === entry.server && t.keystore_path === entry.keystore_path\n        );\n    };\n\n    for (const [key, value] of Object.entries(additionalData)) {\n        if (key === \"policy_check_result\")\n            continue;\n\n        const entry = value;\n\n        if (!entry || typeof entry !== \"object\")\n            continue;\n\n        if (entry[\"renewed\"] === true)\n            continue;\n\n        if (isInTable(entry)) {\n            const updated = tableData.find(\n                t => t.alias === entry[\"alias\"] && t.server === entry[\"server\"] && t.keystore_path === entry[\"keystore_path\"]\n            );\n\n            if (updated) {\n                resultTable.push({\n                    ...updated,\n                    key\n                });\n            }\n        } else {\n            certificateObject = {\n                \"alias\": entry[\"alias\"],\n                \"subject\": main.subject,\n                \"issuer\": main.issuer,\n                \"validFrom\": main.validity_start_date,\n                \"validTo\": main.validity_end_date,\n                \"sha1Thumbprint\": \"\",\n                \"sha256Thumbprint\": \"\",\n                \"serialNumber\": main.serial_number,\n                \"dnsNames\": [],\n                \"CertificateType\": \"keystore\",\n                \"namespace\": \"\",\n                \"keystore_path\": entry[\"keystore_path\"],\n                \"server\": entry[\"server\"]\n            };\n        }\n    }\n\n    return {\n        resultTable,\n        certificateObject\n    };\n};\n\nlet out = processAdditionalData(\n    $CertificateAdditionalData.result,\n    $certificate.table_data,\n    $GetCertificate.result\n);\n\n$certificateJson = out.certificateObject;\n$certificate.table_data = out.resultTable"}, {"action":"foreach","name":"ForEachEntry","list":"$certificate.table_data","blocks":[{"action":"comment","value":"Get keystore password from config auth set by user -  using keystore path as key"},{"name":"StorePass","function":"let keystore = $ForEachEntry.item[\"keystore_path\"]\nconst passwordMap = $GetKeystorePass.result\n\n$storepass = passwordMap[keystore] || \"\";"},{"action":"try","name":"Catch","try":[{"action":"comment","value":"Script to renew the cert and restart tomcat application running."},{"action":"system/Ansible/Playbook","name":"RenewalScript","inputs":[{"name":"authKey","value":"$ansibleAuth"},{"name":"playbook","value":"`---\n- name: Renew certificate in Java keystore and restart Tomcat (Linux)\n  become: yes\n  vars:\n    aliasName: ${JSON.stringify($ForEachEntry.item[\"alias\"])}\n    keystore_path: ${JSON.stringify($ForEachEntry.item[\"keystore_path\"])}\n    jkspath: \"{{ keystore_path.split('/')[:-1] | join('/') }}\"\n    storepass: ${JSON.stringify($storepass)}\n    validity: ${JSON.stringify($validity)}\n    tomcat_path: ${JSON.stringify($tomcatPath)}\n    apachebin_path: \"{{ tomcat_path }}/bin\"\n    tomcat_service: \"tomcat\"\n    host: ${JSON.stringify($ForEachEntry.item[\"server\"])}\n  hosts: \"{{ host }}\"\n\n  tasks:\n\n    - name: Set Java path into environment\n      set_fact:\n        java_env: \"PATH={{ jkspath }}:{{ ansible_env.PATH }}\"\n\n    - name: Ensure /tmp/keystore directory exists\n      file:\n        path: /tmp/keystore\n        state: directory\n        mode: '0755'\n\n    - name: Verify Java and keytool availability\n      shell: |\n        which java && java -version 2>&1\n        which keytool\n      environment:\n        PATH: \"{{ java_env }}\"\n      register: java_check\n      changed_when: false\n\n    - name: Extract DName from keystore\n      shell: |\n        keytool -list -v -keystore \"{{ keystore_path }}\" -alias \"{{ aliasName }}\" -storepass \"{{ storepass }}\" > /tmp/keystore/{{ aliasName }}_output.txt\n        grep -E 'Owner:|Subject:' /tmp/keystore/{{ aliasName }}_output.txt | head -n 1 | sed 's/.*: //' > /tmp/keystore/{{ aliasName }}_dname.txt\n      environment:\n        PATH: \"{{ java_env }}\"\n      args:\n        executable: /bin/bash\n\n    - name: Read extracted DName\n      command: cat /tmp/keystore/{{ aliasName }}_dname.txt\n      register: dname_output\n\n    - name: Set DName fact\n      set_fact:\n        dname: \"{{ dname_output.stdout | trim }}\"\n\n    - name: Generate self-signed certificate\n      shell: |\n        keytool -selfcert -alias \"{{ aliasName }}\" -keystore \"{{ keystore_path }}\" -dname \"{{ dname }}\" -validity {{ validity }} -storepass \"{{ storepass }}\"\n      environment:\n        PATH: \"{{ java_env }}\"\n      args:\n        executable: /bin/bash\n\n    - name: Set CATALINA_HOME environment variable system-wide\n      copy:\n        dest: /etc/profile.d/catalina_home.sh\n        content: |\n          export CATALINA_HOME={{ tomcat_path }}\n        mode: '0755'\n\n    - name: Stop Tomcat using shutdown.sh\n      ansible.builtin.shell: \"{{ tomcat_path }}/bin/shutdown.sh 2>&1 || true\"\n      ignore_errors: yes\n      when: tomcat_path is defined and tomcat_path | length > 0\n\n    - name: Wait for Tomcat to stop completely\n      pause:\n        seconds: 2\n      when: tomcat_path is defined and tomcat_path | length > 0\n\n    - name: Start Tomcat using startup.sh\n      ansible.builtin.shell: \"nohup {{ tomcat_path }}/bin/startup.sh || true\"\n      become: yes\n      become_user: root\n      ignore_errors: yes\n      when: tomcat_path is defined and tomcat_path | length > 0\n\n    - name: Delay to make sure service has time to start\n      pause:\n        seconds: 5\n      when: tomcat_path is defined and tomcat_path | length > 0\n\n`"}]},{"action":"if","name":"IfRenewalSuccess","condition":"$RenewalScript.success && !(typeof $RenewalScript.result === \"string\" && $RenewalScript.result.includes(\"[WARNING]\"))","then":[{"action":"system/Common/Array/Array Push","name":"AddResult_1","inputs":[{"name":"array","value":"$renewal_result"},{"name":"item","value":"{\n    \"success\": \"Renewal success for - \" + $ForEachEntry.item[\"alias\"],\n    \"stack\": \"Renewal Script\"\n}"}]},{"name":"Function_2_1","function":"$CertificateAdditionalData.result[$ForEachEntry.item.key][\"renewed\"] = true"}],"else":[{"name":"Function_2_1_1","function":"$CertificateAdditionalData.result[$ForEachEntry.item.key][\"renewed\"] = false"},{"action":"assign","name":"Assign_1","variable":"$certificateJson","value":"{\n    \"alias\": $ForEachEntry.item[\"alias\"],\n    \"subject\": $GetCertificate.result.subject,\n    \"issuer\": $GetCertificate.result.issuer,\n    \"validFrom\": $GetCertificate.result.validity_start_date,\n    \"validTo\": $GetCertificate.result.validity_end_date,\n    \"sha1Thumbprint\": \"\",\n    \"sha256Thumbprint\": \"\",\n    \"serialNumber\": $GetCertificate.result.serial_number,\n    \"dnsNames\": [],\n    \"CertificateType\": \"keystore\",\n    \"namespace\": \"\",\n    \"keystore_path\": $ForEachEntry.item[\"keystore_path\"],\n    \"server\": $ForEachEntry.item[\"server\"]\n}"},{"name":"Function_3","function":"if ($RenewalScript.error.includes(\"keystore password was incorrect\")){\n    throw new Error(\"Keystore password incorrect\")\n} else if (($RenewalScript.error.includes(\"Validity must be greater than zero\")) || $RenewalScript.error.includes(\"java.lang.NumberFormatException: For input string:\")){\n    throw new Error(\"New validity must be a valid value (greater than zero)\")\n} else if ($RenewalScript.result.includes(\"Could not match supplied host pattern\")){\n    throw new Error(\"Incorrect ansible auth provided\")\n}"}]}],"catch":[{"action":"system/Common/Array/Array Push","name":"AddErrorResult","inputs":[{"name":"array","value":"$renewal_result"},{"name":"item","value":"{\n    \"error\": $Catch.message,\n    \"stack\": $Catch.stack,\n    \"message\": \"Renewal failed for \" + $ForEachEntry.item[\"alias\"]\n}"}]}]}]}, {"action":"system/IBM/Concert v2/Certificates/Edit Certificate Data","name":"EditCertificate","inputs":[{"name":"authKey","value":"$concert_auth"},{"name":"Body","value":"{\n    \"certificates\": [{\n        \"serial_number\": $GetCertificate.result.serial_number,\n        \"additional_data\": JSON.stringify($CertificateAdditionalData.result)\n    }]\n}"}]}, {"action":"system/Common/Array/Array Push","name":"AddErrorResultConcert","inputs":[{"name":"array","value":"$concert_results"},{"name":"item","value":"$EditCertificate.result"}]}, {"action":"if","name":"If_1","condition":"$certificateJson != {}","then":[{"action":"./helper/Create_JSON_of_Certificate","name":"User_1","inputs":[{"name":"certificates","value":"[$certificateJson]"},{"name":"env_name","value":"$GetCertificate.result.environment.name"},{"name":"api_server","value":"$certificateJson[\"server\"]"},{"name":"concert_auth","value":"$concert_auth"}]}],"else":[]}],"variables":[{"name":"renewal_result","required":false,"isInput":false,"isOutput":true,"level":"INTERMEDIATE","type":{"type":"array"},"value":"[]"},{"name":"additional_data","required":false,"isInput":false,"isOutput":false,"level":"INTERMEDIATE","type":{"type":"object"},"value":"{}"},{"name":"storepass","required":false,"isInput":false,"isOutput":false,"level":"INTERMEDIATE","type":{"type":"string"},"value":"\"\""},{"name":"concert_results","required":false,"isInput":false,"isOutput":true,"level":"INTERMEDIATE","type":{"type":"array"},"value":"[]"},{"name":"certificateJson","required":false,"isInput":false,"isOutput":false,"level":"INTERMEDIATE","type":{"type":"object"},"value":"{}"},{"name":"api_server","required":false,"isInput":false,"isOutput":false,"level":"INTERMEDIATE","type":{"type":"string"},"value":"\"\""},{"name":"ansibleAuth","required":true,"isInput":true,"isOutput":false,"level":"INTERMEDIATE","type":{"type":"string"},"value":"\"\"","meta":{"authType":"ANY","subType":"authentication"}},{"name":"validity","required":true,"isInput":true,"isOutput":false,"level":"INTERMEDIATE","type":{"type":"string"},"value":"\"365\""},{"name":"tomcatPath","required":true,"isInput":true,"isOutput":false,"level":"INTERMEDIATE","type":{"type":"string"},"value":"\"\"","meta":{"notLogged":true,"subType":"password"}},{"name":"passwordMap","required":true,"isInput":true,"isOutput":false,"level":"INTERMEDIATE","type":{"type":"string"},"value":"\"\"","meta":{"authType":"ANY","subType":"authentication"}},{"name":"certificate","required":true,"isInput":true,"isOutput":false,"level":"INTERMEDIATE","type":{"type":"object"},"value":"{}"},{"name":"concert_auth","required":true,"isInput":true,"isOutput":false,"level":"INTERMEDIATE","type":{"type":"string"},"value":"\"\""}],"meta":{"workerGroup":"default","created":1765523589402,"lastUpdated":1765523589402,"description":"This workflow rotates certificates selected from Concert UI by accessing linux machines and renewing certificates in the provided keystore paths.","layout":"flow","updatedByUsername":"concert","numberOfBlocks":22,"version":5,"tags":[{"name":"Consumer","value":"Concert"},{"name":"Category","value":"Certificates"}]},"finally":null}