{"name":"dis_java_processes","platform":"node","hash":"Ug2cbiaRXcXMv8ELllsCTF29vohQZ3E5PhchjQ27sSw=","blocks":[{"action":"assign","name":"Assign_t_cmd_https","variable":"$t_cmd","value":"\"ps -ef | grep java\""}, {"action":"try","name":"Try_1","try":[{"action":"if","name":"If_auth","condition":"$in_is_concert_vault","then":[],"else":[{"action":"system/Common/Array/Array Push","name":"push_not_implemented","inputs":[{"name":"array","value":"$error"},{"name":"item","value":"\"hardcodded cred not implemented\""}]},{"action":"throw","error":""}]},{"action":"system/Common/SSH/SSH","name":"ssh_ps","inputs":[{"name":"authKey","value":"$in_server_authkey"},{"name":"command","value":"$t_cmd"},{"name":"host","value":"$in_server_host"},{"name":"port","value":"$in_ssh_port"}]},{"action":"if","name":"If_1_1","condition":"$ssh_ps.success","then":[],"else":[{"action":"system/Common/Array/Array Push","name":"ArrayPush_1","inputs":[{"name":"array","value":"$error"},{"name":"item","value":"$ssh_ps.error"}]},{"action":"throw","error":"\"Failed to run ps on \" + $in_server_host + \".\""}]},{"action":"assign","name":"asgn_ssh_result","variable":"$t_processes","value":"$ssh_ps.result"},{"name":"prse_toJSON","function":"const lines = $t_processes.split('\\n')\nconst lns = []\nconst obs = []\nconst regex = /\\s+/g\nfor (const line of lines)\n\tlns.push(line.replaceAll(regex, '&&&').split('&&&'));\nfor (const ln of lns) {\n\tif (ln[0] == \"\" || ln[0] == \"UID\") {\n\t\tcontinue;\n  }\n\tconst ob = {\n  \t\"user\": ln[0],\n    \"pid\": ln[1],\n    \"priviledged\": false,\n    \"isService\": false,\n    \"layer\": \"proc\",\n    \"cmd\": ln.slice(7)\n  };\n  obs.push(ob);\n}\n$t_processes = obs\n"},{"name":"fltr_byLayer","function":"const obs = $t_processes\nconst jvms = []\nconst tomcats = []\nconst jmxs = []\nconst procs = []\nvar filters = $in_application_info.filter((f) => \"discovery\" in f && \"matchCriteria\" in f)\nfunction cmd_to_kv(cmd) {\n    var kvs = {}\n    var cmd_stack = cmd.slice()\n    while (cmd_stack.length > 0) {\n        var arg = cmd_stack.shift()\n        if (arg.startsWith(\"-\")) {\n            if (arg.includes(\"=\")) {\n                var kv = arg.split(\"=\")\n                var k = kv[0]\n                var v = kv.slice(1).join(\"=\")\n                kvs[k] = v\n            } else if (cmd_stack.length > 0 && !(cmd_stack[0].startsWith(\"-\"))) {\n                var k = arg\n                var v = cmd_stack.shift()\n                kvs[k] = v\n            } else {\n                var k = arg\n                var v = \"\"\n                kvs[k] = v\n            }\n        }\n    }\n    return kvs\n}\nfor (const ob of obs) {\n    var kvs = cmd_to_kv(ob.cmd);\n    var discovery = \"\";\n    var filtered = false;\n    var component_name = null;\n    for (var filter of filters) {\n        var mcs = filter.matchCriteria.map((criteria) => criteria.key in kvs && criteria.value === kvs[criteria.key]);\n        if (mcs.every((mc) => mc)) {\n            discovery = filter.discovery;\n            filtered = true;\n            if(\"component_name\" in filter){\n                component_name = filter.component_name\n            }\n            break;\n        }\n    }\n    var base1 =\"\";\n    var home1 =\"\";\n    if (filtered) {\n        if (\"component_name\" in filter) {\n            ob.overrideName = filter.component_name\n        }\n        switch (discovery) {\n            case \"jdk\":\n                ob.layer = \"jmx\"\n                ob.app_prop = []\n                base1 = ob.cmd.find((e) => e.slice(0,16) === \"-Dcatalina.base=\")\n                if (base1 === undefined) {\n                    $t_tomcat_arg_parse_success = false;\n                } else {\n                    ob['catalina_base'] = base1.slice(16)\n                }\n                home1 = ob.cmd.find((e) => e.slice(0,16) === \"-Dcatalina.home=\")\n                if (home1 === undefined) {\n                    $t_tomcat_arg_parse_success = false;\n                } else {\n                    ob['catalina_home'] = home1.slice(16)\n                }\n                jmxs.push(ob);\n                break;\n            case \"tomcat\":\n                ob.layer = \"tomcat\"\n                ob['catalina_base'] = \"\"\n                if (\"-Dcatalina.base=\" in kvs) {\n                    ob['catalina_base'] = kvs[\"-Dcatalina.base\"]\n                }\n                ob['catalina_home'] = \"\"\n                if (\"-Dcatalina.home=\" in kvs) {\n                    ob[\"catalina_home\"] = kvs[\"-Dcatalina.home\"]\n                }\n                tomcats.push(ob);\n                break;\n            case \"jvm\":\n                ob.layer = \"jvm\"\n                base1 = ob.cmd.find((e) => e.slice(0,16) === \"-Dcatalina.base=\")\n                if (base1 === undefined) {\n                    $t_tomcat_arg_parse_success = false;\n                } else {\n                    ob['catalina_base'] = base1.slice(16)\n                }\n                home1 = ob.cmd.find((e) => e.slice(0,16) === \"-Dcatalina.home=\")\n                if (home1 === undefined) {\n                    $t_tomcat_arg_parse_success = false;\n                } else {\n                    ob['catalina_home'] = home1.slice(16)\n                }\n                jvms.push(ob);\n                break;\n            default:\n                procs.push(ob);\n        }\n    } else if (ob.cmd.join(\" \").includes(\"tomcat\") && ob.cmd[0].includes(\"java\")) {\n        ob.layer = \"tomcat\"\n        ob['catalina_base'] = \"\"\n        ob['catalina_home'] = \"\"\n        const base = ob.cmd.find((e) => e.slice(0,16) === \"-Dcatalina.base=\")\n        if (base === undefined) {\n            $t_tomcat_arg_parse_success = false;\n            $error.push(\"tomcat process was not found to have -Dcatalina.base=\")\n        } else {\n            ob['catalina_base'] = base.slice(16)\n        }\n        const home = ob.cmd.find((e) => e.slice(0,16) === \"-Dcatalina.home=\")\n        if (home === undefined) {\n            $t_tomcat_arg_parse_success = false;\n            $error.push(\"tomcat process was not found to have -Dcatalina.home=\")\n        } else {\n            ob['catalina_home'] = home.slice(16)\n        }\n        tomcats.push(ob)\n    } else if (ob.cmd.join(\" \").includes('jmxremote') && ob.cmd[0].includes(\"java\")) {\n        ob.layer = \"jmx\"\n        jmxs.push(ob)\n    } else if (ob.cmd[0].includes(\"jvm\") || (ob.cmd[0].includes(\"java\") && ob.cmd.includes(\"-jar\"))){\n        ob.layer = \"jvm\"\n        jvms.push(ob)\n    } else {\n        procs.push(ob)\n    }\n}\n$t_processes = {procs: procs, jvms: jvms, jmxs: jmxs, tomcats: tomcats}\n"},{"action":"if","name":"if_tomcatArgParseSuccess","condition":"$t_tomcat_arg_parse_success","then":[],"else":[{"action":"throw","error":"\"\""}]}],"catch":[{"action":"system/Common/Array/Array Push","name":"push_errorMessage","inputs":[{"name":"array","value":"$error"},{"name":"item","value":"$Try_1.message"}]},{"action":"assign","name":"asgn_failure_catch","variable":"$success","value":"false"}]}, {"action":"switch","name":"case_lsof_netstat","expression":"$in_lsof_or_netstat","cases":[{"name":"netstat","value":"\"netstat\"","blocks":[{"action":"system/Common/SSH/SSH","name":"ssh_netstat","inputs":[{"name":"authKey","value":"$in_server_authkey"},{"name":"command","value":"netstat -plunt","type":"const"},{"name":"host","value":"$in_server_host"},{"name":"port","value":"$in_ssh_port"}]},{"name":"Function_5","function":"var raw = $ssh_netstat.result;\nvar lines = raw.split(\"\\n\")\nconst ws_pattern = /\\s+/g;\nconst pid_pattern = /(\\d+)\\/.*/;\nconst port_pattern = /.*:(\\d+)$/;\nvar pid_port = {}\n\nfor (var line of lines.slice(2)) {\n  if (line === \"\") {\n    continue\n  }\n  var pid = 0;\n  var port = 0;\n  var row = line.replace(ws_pattern, \",\")\n  row = row.split(',')\n  if (row.length > 6 && row[0].includes(\"tcp\")) {\n    var pid_m = row[6].match(pid_pattern)\n  } else {\n    var pid_m = row[5].match(pid_pattern)  \n  }\n  if (pid_m != null) {\n    pid = pid_m[1]\n  } \n  var port_m = row[3].match(port_pattern);\n  if (port_m != null) {\n    port = port_m[1]\n  }\n  if (!(pid in pid_port)) {\n    pid_port[pid] = []\n  }\n  if (!(pid_port[pid].includes(port))) {\n    pid_port[pid].push(port)\n  }\n}\n$t_map_pid_port = pid_port"}]},{"value":"\"lsof\"","blocks":[{"action":"system/Common/SSH/SSH","name":"ssh_lsof","inputs":[{"name":"authKey","value":"$in_server_authkey"},{"name":"command","value":"lsof -Pan -i","type":"const"},{"name":"host","value":"$in_server_host"},{"name":"port","value":"$in_ssh_port"}]},{"name":"Function_6","function":"var raw = $ssh_lsof.result;\nvar lines = raw.split(\"\\n\")\nconst ws_pattern = /\\s+/g;\nconst port_pattern = /.*:(\\d+)$/;\nvar pid_port = {}\n\nfor (var line of lines.slice(2)) {\n  var pid = 0;\n  var port = 0;\n  var row = line.replace(ws_pattern, \",\")\n  row = row.split(',')\n  if (row.length < 9 || (row[7] === \"TCP\" && !(row[9].includes(\"LISTEN\")))) {\n    continue\n  }\n  pid = row[1]\n  var port_m = row[8].match(port_pattern);\n  if (port_m != null) {\n    port = port_m[1]\n  }\n  if (!(pid in pid_port)) {\n    pid_port[pid] = []\n  }\n  if (!(pid_port[pid].includes(port))) {\n    pid_port[pid].push(port)\n  }\n}\n$t_map_pid_port = pid_port;"}]}],"default":[]}, {"action":"foreach","name":"for_jmx_in_jmxs","list":"$t_processes.jmxs","blocks":[{"name":"Function_4","function":"var jmx = $for_jmx_in_jmxs.item;\nvar filename = \"\";\nvar port = 0;\nvar authenticate = \"\";\nvar ssl = \"\";\nvar rmi_server = \"\";\nvar jarIndex = jmx.cmd.findIndex(e => e === \"-jar\") + 1;\nvar overrideName = jmx.overrideName;\nvar springProfiles = []\nif (jarIndex > 0 && jarIndex < jmx.cmd.length) {\n  filename = jmx.cmd[jarIndex]; \n}\nvar args = {jmxremote: {}};\nconst pattern = /-D(.*)=(.*)/;\nconst jmx_pattern = /.*jmxremote\\.(.*)/;\nfor (var arg of jmx.cmd) {\n  var m = arg.match(pattern);\n  if (m != null) {\n    var mm = m[1].match(jmx_pattern);\n    if (mm != null) {\n      args.jmxremote[mm[1]] = m[2];\n    } else {\n      args[m[1]] = m[2];\n    }\n\n  }\n}\nif (\"java.rmi.server.hostname\" in args) {\n  rmi_server = args[\"java.rmi.server.hostname\"];\n}\nif(\"spring.profiles.active\" in args){\n springProfiles.push(args[\"spring.profiles.active\"])\n}\nif (\"port\" in args.jmxremote) {\n  port = args.jmxremote.port;\n}\nif (\"authenticate\" in args.jmxremote) {\n  authenticate = args.jmxremote.authenticate;\n}\nif (\"ssl\" in args.jmxremote) {\n  ssl = args.jmxremote.ssl;\n}\nif (jmx.pid in $t_map_pid_port) {\n  jmx[\"port\"] = []\n  for (var p of $t_map_pid_port[jmx.pid]) {\n    if (p != port) {\n      jmx.port.push(p)\n    }\n  }\n}\njmx[\"rmi_server\"] = rmi_server;\njmx[\"filename\"] = filename\njmx[\"name\"] = filename.split(\"/\").pop().replace(/\\.(jar|war)$/, \"\")\njmx[\"jmxremote\"] = {}\njmx.jmxremote[\"port\"] = port;\njmx.jmxremote[\"authenticate\"] = authenticate;\njmx.jmxremote[\"ssl\"] = ssl;\n\nvar app_info = $in_application_info.filter(app => app.jvm_filename === filename.split(\"/\").pop().trim())[0]\nif(app_info != {} && app_info != null){\n  if(\"log_path\" in app_info){\n    jmx[\"log_path\"] = app_info[\"log_path\"]\n  }\n  if(\"application_prop_path\" in app_info){\n    if(typeof app_info.application_prop_path === \"object\" && Array.isArray(app_info.application_prop_path)){\n      jmx[\"app_prop\"] = app_info[\"application_prop_path\"]\n    }\n    else{\n      jmx[\"app_prop\"] =[]\n      jmx[\"app_prop\"].push(app_info[\"application_prop_path\"])\n    }\n  }\n  if(\"component_name\" in app_info){\n    jmx[\"overrideName\"] = app_info[\"component_name\"]\n  }\n}\nelse{\n  app_info = $in_application_info.filter(app => app.component_name === overrideName)[0]\n  if(app_info != {} && app_info != null){\n    if(\"log_path\" in app_info){\n      jmx[\"log_path\"] = app_info[\"log_path\"]\n    }\n    if(\"application_prop_path\" in app_info){\n      if(typeof app_info.application_prop_path === \"object\" && Array.isArray(app_info.application_prop_path)){\n        jmx[\"app_prop\"] = app_info[\"application_prop_path\"]\n      }\n      else{\n        jmx[\"app_prop\"] =[]\n        jmx[\"app_prop\"].push(app_info[\"application_prop_path\"])\n      }\n    }\n    if(\"component_name\" in app_info){\n      jmx[\"overrideName\"] = app_info[\"component_name\"]\n    }\n  }\n}\nif(jmx.cmd.filter(e=>e.includes(\"-Dspring.profiles.active=\")).length>0){\n  const match = jmx.cmd.filter(e=>e.includes(\"-Dspring.profiles.active=\"))[0].match(/-Dspring\\.profiles\\.active=([^\\s]+)/)\n  for(var m of match[1].split(',')){\n    jmx[\"app_prop\"].push(\"application-\"+m+\".properties\")\n  }\n  if(jmx.app_prop.filter(e=>e.includes(\"application.properties\")).length==0){\n    jmx[\"app_prop\"].push(\"application.properties\")\n  }\n}\n\n$result.jmxs.push(jmx)"}]}, {"action":"foreach","name":"ForEach_jvms","list":"$t_processes.jvms","blocks":[{"action":"if","name":"If_no_app_prop","condition":"$t_processes.jvms[$ForEach_jvms.index].app_prop == undefined","then":[{"action":"assign","name":"Assign_app_props","variable":"$t_processes.jvms[$ForEach_jvms.index].app_prop","value":"[]"}],"else":[]},{"action":"foreach","name":"ForEach_cmd","list":"$ForEach_jvms.item.cmd","blocks":[{"action":"if","name":"If_jar","condition":"$ForEach_cmd.item == \"-jar\"","then":[{"action":"if","name":"If_jar_name","condition":"$ForEach_jvms.item.cmd.length >= ($ForEach_cmd.index + 1)","then":[{"action":"assign","name":"Assign_name","variable":"$t_processes.jvms[$ForEach_jvms.index].name","value":"$t_processes.jvms[$ForEach_jvms.index].cmd[($ForEach_cmd.index + 1)].split(\"/\").pop().replace(/\\.(jar|war)$/, \"\")"},{"action":"assign","name":"Assign_ogDocBase","variable":"$t_processes.jvms[$ForEach_jvms.index].originalDocBase","value":"$t_processes.jvms[$ForEach_jvms.index].cmd[($ForEach_cmd.index + 1)]"},{"action":"if","name":"if_check_originalDocBase","condition":"$t_processes.jvms[$ForEach_jvms.index].originalDocBase.startsWith(\"/\")","then":[],"else":[{"action":"system/Common/SSH/SSH","name":"ssh_check_proc","inputs":[{"name":"authKey","value":"$in_server_authkey"},{"name":"command","value":"`ls -l /proc/${$t_processes.jvms[$ForEach_jvms.index].pid}/cwd`"},{"name":"host","value":"$in_server_host"},{"name":"port","value":"$in_ssh_port"}]},{"name":"func_parse_ls","function":"var raw = $ssh_check_proc.result\nconst pattern = /.*-> (\\S*)/\nvar m = $ssh_check_proc.result.match(pattern)\nif (m != null) {\n  var relativePath = $t_processes.jvms[$ForEach_jvms.index].originalDocBase\n  var absolutePath = m[1] + \"/\" + relativePath\n  $t_processes.jvms[$ForEach_jvms.index].originalDocBase = absolutePath\n}"}]},{"action":"assign","name":"Assign_filename","value":"$t_processes.jvms[$ForEach_jvms.index].cmd[($ForEach_cmd.index + 1)].split(\"/\").pop()","variable":"$t_processes.jvms[$ForEach_jvms.index].filename"}],"else":[]}],"else":[]},{"action":"if","name":"If_port","condition":"$ForEach_cmd.item.includes(\"-Dserver.port=\") && $t_processes.jvms[$ForEach_jvms.index].port == null","then":[{"action":"assign","name":"Assign_port","variable":"$t_processes.jvms[$ForEach_jvms.index].d_port","value":"$ForEach_cmd.item.match(/-Dserver.port=(\\d+)/) ? $ForEach_cmd.item.match(/-Dserver.port=(\\d+)/)[1] : null"}],"else":[]},{"action":"if","name":"If_context_path","condition":"$ForEach_cmd.item.includes(\"-Dserver.servlet.context-path=\") && $t_processes.jvms[$ForEach_jvms.index].context_path == null","then":[{"action":"assign","name":"Assign_context_path","variable":"$t_processes.jvms[$ForEach_jvms.index].d_context_path","value":"$ForEach_cmd.item.match(/server\\.servlet\\.context-path=([^\\s]+)/) ? $ForEach_cmd.item.match(/server\\.servlet\\.context-path=([^\\s]+)/)[1] : null"}],"else":[]},{"action":"if","name":"If_application_props","condition":"$ForEach_cmd.item.includes(\"-Dspring.config.location=\") || $ForEach_cmd.item.includes(\"-Dspring.config.additional-location=\")","then":[{"action":"system/Common/Array/Array Push","name":"ArrayPush_2","inputs":[{"name":"array","value":"$t_processes.jvms[$ForEach_jvms.index].app_prop"},{"name":"item","value":"$ForEach_cmd.item.match(/spring\\.config\\.location=file:\\.\\/([^\\s]+)/) ? $ForEach_cmd.item.match(/spring\\.config\\.location=file:\\.\\/([^\\s]+)/)[1] : ($ForEach_cmd.item.match(/spring\\.config\\.additional-location=file:\\.\\/([^\\s]+)/) ? $ForEach_cmd.item.match(/spring\\.config\\.additional-location=file:\\.\\/([^\\s]+)/)[1] : null)"}]}],"else":[]},{"action":"if","name":"If_application_props_2","condition":"$ForEach_cmd.item.includes(\"-Dspring.profiles.active=\")","then":[{"name":"Function_7","function":"const match = $ForEach_cmd.item.match(/-Dspring\\.profiles\\.active=([^\\s]+)/)\nfor(var m of match[1].split(',')){\n  $t_processes.jvms[$ForEach_jvms.index][\"app_prop\"].push(\"application-\"+m+\".properties\")\n}\n"}],"else":[]},{"action":"if","name":"If_no_app_props","condition":"$t_processes.jvms[$ForEach_jvms.index][\"app_prop\"].filter(e => e.includes(\"application.properties\")).length == 0","then":[{"action":"system/Common/Array/Array Push","name":"ArrayPush_3","inputs":[{"name":"array","value":"$t_processes.jvms[$ForEach_jvms.index][\"app_prop\"]"},{"name":"item","value":"\"application.properties\""}]}],"else":[]}]}]}, {"action":"assign","name":"Assign_3","variable":"$result.jvms","value":"[]"}, {"action":"foreach","name":"ForEach_jvms_2","list":"$t_processes.jvms","blocks":[{"action":"if","name":"If_2","condition":"$ForEach_jvms_2.item.filename !== undefined","then":[{"action":"if","name":"If_no_d_port","condition":"$ForEach_jvms_2.item.d_port == undefined","then":[{"action":"assign","name":"Assign_d_port","variable":"$t_processes.jvms[$ForEach_jvms_2.index].d_port","value":"\"\""},{"action":"assign","name":"Assign_forEach_conf_port_1","variable":"$ForEach_jvms_2.item.d_port","value":"\"\""}],"else":[]},{"action":"foreach","name":"ForEach_app","list":"$in_application_info","blocks":[{"action":"if","name":"If_name_and_port","condition":"$ForEach_app.item.jvm_filename == $ForEach_jvms_2.item.filename","then":[{"action":"assign","name":"Assign_conf_port","variable":"$t_processes.jvms[$ForEach_jvms_2.index].config_port","value":"$ForEach_app.item.port"},{"action":"assign","name":"Assign_conf_context_path","variable":"$t_processes.jvms[$ForEach_jvms_2.index].config_context_path","value":"$ForEach_app.item.context_path"},{"name":"Function_2","function":"$ForEach_jvms_2.item.config_context_path = $ForEach_app.item.context_path;\n$ForEach_jvms_2.item.config_port = $ForEach_app.item.port;\n\nif ($ForEach_app.item.component_name != undefined && $ForEach_app.item.component_name != \"\") {\n    $t_processes.jvms[$ForEach_jvms_2.index].overrideName = $ForEach_app.item.component_name;\n    $ForEach_jvms_2.item.overrideName = $ForEach_app.item.component_name;\n}"}],"else":[]}]},{"action":"assign","name":"Assign_base_context_path","variable":"$t_processes.jvms[$ForEach_jvms_2.index].base_context_path","value":"\"/\" + $ForEach_jvms_2.item.name"},{"action":"assign","name":"Assign_2","variable":"$ForEach_jvms_2.item.base_context_path","value":"\"/\" + $ForEach_jvms_2.item.name"},{"action":"if","name":"If_no_conf_port","condition":"$ForEach_jvms_2.item.config_port == undefined","then":[{"action":"assign","name":"Assign_conf_port_1","variable":"$t_processes.jvms[$ForEach_jvms_2.index].config_port","value":"\"\""},{"action":"assign","name":"Assign_forEach_conf_port","variable":"$ForEach_jvms_2.item.config_port","value":"\"\""}],"else":[]},{"action":"if","name":"If_conf_port","condition":"$ForEach_jvms_2.item.config_port == \"\"","then":[{"action":"if","name":"If_d_conf_port","condition":"$ForEach_jvms_2.item.d_port == \"\"","then":[{"action":"if","name":"If_no_port","condition":"($ForEach_jvms_2.item.config_port == null || $ForEach_jvms_2.item.config_port == \"\") && ($ForEach_jvms_2.item.d_config_port == null || $ForEach_jvms_2.item.d_config_port == \"\")","then":[{"action":"if","name":"If_1","condition":"$ForEach_jvms_2.item.filename.endsWith(\".jar\")","then":[{"action":"if","name":"If_lsof","condition":"$in_lsof_or_netstat == \"lsof\"","then":[{"action":"try","name":"Try_3","try":[{"action":"assign","name":"Assign_t_cmd_lsof","variable":"$t_cmd","value":"\"lsof -Pan -p \" + $ForEach_jvms_2.item.pid + \" -i\""},{"action":"system/Common/SSH/SSH","name":"SSH_curlJavaProcesses_lsof","inputs":[{"name":"authKey","value":"$in_server_authkey"},{"name":"command","value":"$t_cmd"},{"name":"host","value":"$in_server_host"},{"name":"port","value":"$in_ssh_port"}]},{"action":"if","name":"If_3","condition":"$SSH_curlJavaProcesses_lsof.error != null && $SSH_curlJavaProcesses_lsof.error !== \"\"","then":[{"action":"throw","error":""}],"else":[]},{"action":"assign","name":"Assign_port_lsof","variable":"$t_processes.jvms[$ForEach_jvms_2.index].port","value":"$SSH_curlJavaProcesses_lsof.result.match(/:(\\d+)\\s+\\(LISTEN\\)/) ? $SSH_curlJavaProcesses_lsof.result.match(/:(\\d+)\\s+\\(LISTEN\\)/)[1] : null"}],"catch":[{"action":"system/Common/Array/Array Push","name":"ArrayPush_debug_netstat_1","inputs":[{"name":"array","value":"$debug"},{"name":"item","value":"\"WARNING - \" + $in_server_host + \": We cannot use 'lsof' to discover the port used by \" + $ForEach_jvms_2.item.filename + \" due to permissions. Please provide the port in the '0 - id_target_list' flow.\""}]}]}],"else":[{"action":"if","name":"If_netstat","condition":"$in_lsof_or_netstat == \"netstat\"","then":[{"action":"try","name":"Try_2","try":[{"action":"assign","name":"Assign_t_cmd_netstat","variable":"$t_cmd","value":"\"netstat -tulpn | grep \" + $ForEach_jvms_2.item.pid"},{"action":"system/Common/SSH/SSH","name":"SSH_curlJavaProcesses_netstat","inputs":[{"name":"authKey","value":"$in_server_authkey"},{"name":"command","value":"$t_cmd"},{"name":"host","value":"$in_server_host"},{"name":"port","value":"$in_ssh_port"}]},{"action":"assign","name":"Assign_5","variable":"$t_netstqt","value":"$SSH_curlJavaProcesses_netstat.result.trim()"},{"action":"assign","name":"Assign_port_netstat","variable":"$t_processes.jvms[$ForEach_jvms_2.index].port","value":"$SSH_curlJavaProcesses_netstat.result.trim().split(/\\s+/)[3].split(\":\").pop() ? $SSH_curlJavaProcesses_netstat.result.trim().split(/\\s+/)[3].split(\":\").pop() : null"}],"catch":[{"action":"system/Common/Array/Array Push","name":"ArrayPush_debug_netstat","inputs":[{"name":"array","value":"$debug"},{"name":"item","value":"\"WARNING - \" + $in_server_host + \": We cannot use 'netstat' to discover the port used by \" + $ForEach_jvms_2.item.filename + \" due to permissions. Please provide the port in the '0 - id_target_list' flow.\""}]}]}],"else":[{"action":"system/Common/Array/Array Concat","name":"ArrayConcat_1","inputs":[{"name":"array1","value":"$error"},{"name":"array2","value":"[\n    \"Unable to get port for \" + $ForEach_jvms_2.item.name + \" on server: \" + $in_server_host\n]"}]},{"action":"assign","name":"Assign_4","variable":"$error","value":"$ArrayConcat_1.result"}]}]}],"else":[{"action":"if","name":"If_war","condition":"$ForEach_jvms_2.item.filename.endsWith(\".war\")","then":[{"action":"try","name":"Try_4","try":[{"action":"assign","name":"Assign_t_cmd_https_1","variable":"$t_cmd","value":"\"jcmd \" + $ForEach_jvms_2.item.pid + \" VM.system_properties | grep catalina.home\""},{"action":"if","name":"If_jdk_path","condition":"$in_jdk_path == \"\"","then":[],"else":[{"action":"assign","name":"Assign_jdk","variable":"$t_cmd","value":"$in_jdk_path + \"/\" + $t_cmd"}]},{"action":"system/Common/SSH/SSH","name":"SSH_curlJavaProcesses_1","inputs":[{"name":"authKey","value":"$in_server_authkey"},{"name":"command","value":"$t_cmd"},{"name":"host","value":"$in_server_host"},{"name":"port","value":"$in_ssh_port"}]},{"action":"assign","name":"Assign_1","variable":"$t_processes.jvms[$ForEach_jvms_2.index].port","value":"$SSH_curlJavaProcesses_1.result.match(/tomcat\\.(\\d+)\\./)[1]"}],"catch":[{"action":"system/Common/Array/Array Push","name":"ArrayPush_debug_","inputs":[{"name":"array","value":"$debug"},{"name":"item","value":"\"WARNING - \" + $in_server_host + \": We cannot find the port through jcmd for:\" + $ForEach_jvms_2.item.filename + \". Please provide the port in the '0 - id_target_list' flow.\""}]}]}],"else":[{"action":"system/Common/Array/Array Push","name":"ArrayPush_debug_no_file","inputs":[{"name":"array","value":"$debug"},{"name":"item","value":"\"WARNING - \" + $in_server_host + \": We cannot discover the port used by \" + $ForEach_jvms_2.filename + \". Please provide the port in the '0 - id_target_list' flow.\""}]}]}]},{"action":"if","name":"If_no_port_disc","condition":"$t_processes.jvms[$ForEach_jvms_2.index].port === undefined","then":[{"action":"assign","name":"Assign_6","variable":"$t_processes.jvms[$ForEach_jvms_2.index].port","value":"\"\""}],"else":[]}],"else":[]}],"else":[{"action":"assign","name":"Assign_port_from_conf_1","variable":"$t_processes.jvms[$ForEach_jvms_2.index].port","value":"$ForEach_jvms_2.item.d_port"}]}],"else":[{"action":"assign","name":"Assign_port_from_conf","variable":"$t_processes.jvms[$ForEach_jvms_2.index].port","value":"$ForEach_jvms_2.item.config_port.toString()"}]},{"name":"Function_3","function":"const keys = [\"d_context_path\", \"config_context_path\", \"base_context_path\", \"overrideName\"]\nfor (const key of keys) {\n    if (!(key in $ForEach_jvms_2.item)) {\n      $t_processes.jvms[$ForEach_jvms_2.index][key] = \"\";\n  }\n}\n\n$t_processes.jvms[$ForEach_jvms_2.index][\"base_url\"] = $in_server_host;"},{"action":"system/Common/Array/Array Push","name":"ArrayPush_result","inputs":[{"name":"array","value":"$result.jvms"},{"name":"item","value":"$t_processes.jvms[$ForEach_jvms_2.index]"}]}],"else":[]}]}, {"name":"Function_1","function":"$result.procs = $t_processes.procs;\n$result.tomcats = $t_processes.tomcats;\n$result.target = $in_server_host"}, {"name":"Function_8","function":"$result.jmxs = $result.jmxs.filter(\n    proc => !$in_ignored_apps.includes(proc.filename) && !$in_ignored_apps.includes(proc.name)\n);\n\n$result.jvms = $result.jvms.filter(\n    proc => !$in_ignored_apps.includes(proc.filename) && !$in_ignored_apps.includes(proc.name)\n);\n\nconst ar = [$result.jmxs, $result.jvms];\nconst seen = new Map();\n\nfor (var arr of ar) {\n    for (var proc of arr) {\n        if (proc.name) {\n            const found = seen.get(proc.name);\n\n            if (found) {\n                if (!found.ref.name.includes(found.pid)) {\n                    found.ref.name = found.ref.name + \"-\" + found.pid;\n                }\n\n                proc.name = proc.name + \"-\" + proc.pid;\n            } else {\n                seen.set(proc.name, {\n                    \"pid\": proc.pid,\n                    \"ref\": proc\n                });\n            }\n        }\n    }\n}"}, {"action":"if","name":"If_success","condition":"Object.keys($result).length > 0","then":[{"action":"assign","name":"Assign_success","variable":"$success","value":"true"}],"else":[]}],"variables":[{"name":"in_is_concert_vault","required":false,"isInput":false,"isOutput":false,"level":"INTERMEDIATE","type":{"type":"boolean"},"value":"true"},{"name":"in_server_authkey","required":true,"isInput":true,"isOutput":false,"level":"INTERMEDIATE","type":{"type":"string"},"value":"\"\""},{"name":"in_server_host","required":true,"isInput":true,"isOutput":false,"level":"INTERMEDIATE","type":{"type":"string"},"value":"\"\""},{"name":"in_ssh_port","required":true,"isInput":true,"isOutput":false,"level":"INTERMEDIATE","type":{"type":"number"},"value":"22"},{"name":"in_jdk_path","required":true,"isInput":true,"isOutput":false,"level":"INTERMEDIATE","type":{"type":"string"},"value":"\"\""},{"name":"in_application_info","required":true,"isInput":true,"isOutput":false,"level":"INTERMEDIATE","type":{"type":"any"},"value":"[]"},{"name":"in_lsof_or_netstat","required":true,"isInput":true,"isOutput":false,"level":"INTERMEDIATE","type":{"type":"string"},"value":"\"netstat\""},{"name":"in_ignored_apps","required":false,"isInput":true,"isOutput":false,"level":"INTERMEDIATE","type":{"type":"array"},"value":"[]"},{"name":"result","required":false,"isInput":false,"isOutput":true,"level":"INTERMEDIATE","type":{"type":"object"},"value":"{jmxs: []}"},{"name":"success","required":false,"isInput":false,"isOutput":true,"level":"INTERMEDIATE","type":{"type":"boolean"},"value":"false"},{"name":"debug","required":false,"isInput":false,"isOutput":true,"level":"INTERMEDIATE","type":{"type":"array"},"value":"[]"},{"name":"error","required":false,"isInput":false,"isOutput":true,"level":"INTERMEDIATE","type":{"type":"array"},"value":"[]"},{"name":"t_up_status","required":false,"isInput":false,"isOutput":false,"level":"INTERMEDIATE","type":{"type":"any"},"value":"\"\""},{"name":"t_cmd","required":false,"isInput":false,"isOutput":false,"level":"INTERMEDIATE","type":{"type":"any"},"value":"\"\""},{"name":"t_http","required":false,"isInput":false,"isOutput":false,"level":"INTERMEDIATE","type":{"type":"string"},"value":"\"\""},{"name":"t_ssh_res","required":false,"isInput":false,"isOutput":false,"level":"INTERMEDIATE","type":{"type":"string"},"value":"\"\""},{"name":"t_lines","required":false,"isInput":false,"isOutput":false,"level":"INTERMEDIATE","type":{"type":"any"},"value":"\"\""},{"name":"t_app_names","required":false,"isInput":false,"isOutput":false,"level":"INTERMEDIATE","type":{"type":"array"},"value":"[]"},{"name":"t_processes","required":false,"isInput":false,"isOutput":false,"level":"INTERMEDIATE","type":{"type":"array"},"value":"[]"},{"name":"t_tomcat_arg_parse_success","required":false,"isInput":false,"isOutput":false,"level":"INTERMEDIATE","type":{"type":"boolean"},"value":"true"},{"name":"t_netstqt","required":false,"isInput":false,"isOutput":false,"level":"INTERMEDIATE","type":{"type":"string"},"value":"\"\""},{"name":"t_map_pid_port","required":false,"isInput":false,"isOutput":false,"level":"INTERMEDIATE","type":{"type":"object"},"value":"{}"}],"meta":{"workerGroup":"default","layout":"flow","version":5,"lastUpdated":1762456413161,"updatedByUsername":"ibmconcert","numberOfBlocks":103},"finally":null}