{"name":"dis_get_libraries","platform":"node","hash":"6/LCMV+iANLnLlMq+cOq/JyNRAbsiC09fKzq/3a1rZ8=","blocks":[{"name":"Function_3","function":"if ($in_target.tmpPath === undefined || $in_target.tmpPath === null || $in_target.tmpPath === \"\") {\n    $t_tmp_dir = \"/tmp\";\n} else {\n    $t_tmp_dir = $in_target.tmpPath;\n}\n\nif ($in_target.unzipPath === undefined || $in_target.unzipPath === null || $in_target.tmpPath === \"\") {\n    $t_unzip_path = \"unzip\";\n} else {\n    $t_unzip_path = $in_target.unzipPath;\n}"}, {"action":"if","name":"If_2","condition":"$in_gen_sbom","then":[{"action":"foreach","name":"for_apps","list":"$in_apps","blocks":[{"action":"if","name":"If_1","condition":"\"App\" in $for_apps.item","then":[{"action":"assign","name":"assign_lib","variable":"$for_apps.item.Lib","value":"[]"},{"action":"if","name":"if_og_doc_base_jwar","condition":"$for_apps.item.App.originalDocBase.endsWith(\"jar\") || $for_apps.item.App.originalDocBase.endsWith(\"war\")","then":[{"action":"system/Common/SSH/SSH","name":"ssh_check_jars","inputs":[{"name":"authKey","value":"$in_target.cred.cred"},{"name":"command","value":"`${$t_unzip_path} -l ${$for_apps.item.App.originalDocBase} | grep -v 'Archive' | grep -e '\\.[jw]ar$'`"},{"name":"host","value":"$in_target.target"},{"name":"port","value":"22"}]},{"action":"if","name":"if_check_jars","condition":"$ssh_check_jars.result != \"\"","then":[{"action":"system/Common/Cryptography/Random UUID v4","name":"uuid"},{"action":"assign","name":"assign_result","variable":"$t_cmd","value":"`ls ${$for_apps.item.App.originalDocBase} && mkdir -p ${$t_tmp_dir}/unzip/${$uuid.result} && ${$t_unzip_path} ${$for_apps.item.App.originalDocBase} \\`unzip -l ${$for_apps.item.App.originalDocBase} | tr -s ' ' | cut -d ' ' -f 5 | grep '.jar$'\\` -d ${$t_tmp_dir}/unzip/${$uuid.result}`"},{"action":"system/Common/SSH/SSH","name":"ssh_unzip","inputs":[{"name":"authKey","value":"$in_target.cred.cred"},{"name":"command","value":"$t_cmd"},{"name":"host","value":"$in_target.target"},{"name":"port","value":"22"}]},{"action":"if","name":"if_unzip","condition":"$ssh_unzip.success","then":[{"name":"Function_1","function":"var raw = $ssh_unzip.result\nvar lines = raw.split('\\n')\n$t_tmp_dir\nconst pattern = ` extracting: (\\\\${$t_tmp_dir}\\\\/unzip\\\\/.*\\\\/(([^/]+)-((?:\\\\d+\\\\.){1,2}\\\\d+))\\\\.jar)`\nvar libraries = []\nfor (var line of lines) {\n  var m = line.match(pattern)\n  if (m != null) {\n    libraries.push({\n      name: m[3],\n      version: m[4],\n      fullName: m[2],\n      filepath: m[1]\n    })\n  } \n}\n$for_apps.item[\"Lib\"] = libraries\n"},{"action":"./dis_tomcat/dis_composition_unzip","name":"dis_composition_unzip","inputs":[{"name":"in_server_authkey","value":"$in_target.cred.cred"},{"name":"in_server_host","value":"$in_target.target"},{"name":"in_comp","value":"$for_apps.item.Lib"},{"name":"in_ssh_port","value":"22"},{"name":"in_unzip_path","value":"$t_unzip_path"}]},{"action":"assign","name":"assign_libraries","variable":"$for_apps.item.Lib","value":"$dis_composition_unzip.result"}],"else":[]},{"action":"system/Common/SSH/SSH","name":"ssh_cleanup_unzip","inputs":[{"name":"authKey","value":"$in_target.cred.cred"},{"name":"command","value":"`ls ${$t_tmp_dir}/unzip/${$uuid.result} && rm -rf ${$t_tmp_dir}/unzip/${$uuid.result}`"},{"name":"host","value":"$in_target.target"},{"name":"port","value":"22"}]}],"else":[{"action":"assign","name":"assign_default","variable":"$t_libraries","value":"{}"},{"action":"assign","name":"assign_cmd_pom","variable":"$t_cmd","value":"`for file in \\`${$t_unzip_path} -l ${$for_apps.item.App.originalDocBase} | grep -o -e '\\\\S*pom.xml'\\`; do ${$t_unzip_path} -p ${$for_apps.item.App.originalDocBase} $file; echo ---; done`"},{"action":"system/Common/SSH/SSH","name":"ssh_expand_pom","inputs":[{"name":"authKey","value":"$in_target.cred.cred"},{"name":"command","value":"$t_cmd"},{"name":"host","value":"$in_target.target"},{"name":"port","value":"22"}]},{"action":"if","name":"if_expand_pom","condition":"$ssh_expand_pom.success","then":[{"action":"system/Common/String/String Split","name":"split_by_sep","inputs":[{"name":"str","value":"$ssh_expand_pom.result"},{"name":"separator","value":"\"---\\n\""}]},{"action":"foreach","name":"for_pom","list":"$split_by_sep.result","blocks":[{"action":"system/Common/XML/XML to JSON","name":"xml_convert_to_json","inputs":[{"name":"xml","value":"$for_pom.item"}]},{"name":"Function_2","function":"var input = $xml_convert_to_json.result\nif (input != undefined && \"project\" in input && \"dependencies\" in input.project) {\n    for (var ds of input.project.dependencies) {\n        for (var d of ds.dependency) {\n            if ([\"groupId\", \"artifactId\"].every(arg => arg in d) && [\"groupId\", \"artifactId\"].every(arg => d[arg].length > 0)) {\n                $debug.push([d, \"version\" in d, \"version\" in d && d.version.length > 0])\n                var groupId = d.groupId[0];\n                var artifactId = d.artifactId[0];\n                var version = \"UNKNOWN\"\n                if (\"version\" in d && d.version.length > 0) {\n                    version = d.version[0];\n                }\n                if (version === \"${project.version}\" && \"parent\" in input.project && input.project.parent.length > 0 && \"version\") {\n                    var parent = input.project.parent.find(p => p.groupId == groupId)\n                    \n                    version = parent.version[0]\n                }\n                if (version.startsWith(\"$\")) {\n                    version = \"UNKNOWN\"\n                }\n                var purl = `pkg:maven/${groupId}/${artifactId}`;\n                if (version != \"UNKNOWN\") {\n                    purl = purl + `@${version}`\n                }\n                $debug.push(purl)\n                if (!(purl in $t_libraries)) {\n                    $t_libraries[purl] = true\n                    $for_apps.item.Lib.push({\n                        name: artifactId,\n                        version: version,\n                        purl: purl\n                    })\n                }\n            }\n        }\n    }\n} else {\n    $debug.push(input)\n}\n"}]}],"else":[]}]}],"else":[{"action":"system/Common/SSH/SSH","name":"ssh_find_jwars","inputs":[{"name":"authKey","value":"$in_target.cred.cred"},{"name":"command","value":"`find ${$for_apps.item.App.originalDocBase} -regex '.*\\.[jw]ar'`"},{"name":"host","value":"$in_target.target"},{"name":"port","value":"22"}]},{"action":"if","name":"if_ssh_found_jwars","condition":"$ssh_find_jwars.result != \"\"","then":[{"name":"Function_4","function":"var raw = $ssh_find_jwars.result\nvar lines = raw.split('\\n')\nconst pattern = `(.*\\\\/(([^/]+)-((?:\\\\d+\\\\.){1,2}\\\\d+))\\\\.jar)`\nvar libraries = []\nfor (var line of lines) {\n  var m = line.match(pattern)\n  if (m != null) {\n    libraries.push({\n      name: m[3],\n      version: m[4],\n      fullName: m[2],\n      filepath: m[1]\n    })\n  } \n}\n$for_apps.item[\"Lib\"] = libraries\n"},{"action":"./dis_tomcat/dis_composition_unzip","name":"dis_composition_unzip_1","inputs":[{"name":"in_server_authkey","value":"$in_target.cred.cred"},{"name":"in_server_host","value":"$in_target.target"},{"name":"in_comp","value":"$for_apps.item.Lib"},{"name":"in_ssh_port","value":"22"},{"name":"in_unzip_path","value":"$t_unzip_path"}]},{"action":"assign","name":"assign_libraries_1","variable":"$for_apps.item.Lib","value":"$dis_composition_unzip_1.result"}],"else":[{"action":"assign","name":"assign_reset_t_libraries","variable":"$t_libraries","value":"{}"},{"action":"system/Common/SSH/SSH","name":"ssh_expand_pom_from_extracted","inputs":[{"name":"authKey","value":"$in_target.cred.cred"},{"name":"command","value":"`for file in \\`find ${$for_apps.item.App.originalDocBase} -regex '.*pom.xml'\\`; do cat $file; echo ---; done`"},{"name":"host","value":"$in_target.target"},{"name":"port","value":"22"}]},{"action":"if","name":"if_expanded_pom_from_extracted","then":[{"action":"system/Common/String/String Split","name":"split_pomfe","inputs":[{"name":"str","value":"$ssh_expand_pom_from_extracted.result"},{"name":"separator","value":"\"---\""}]},{"action":"foreach","name":"for_pomfes","list":"$split_pomfe.result","blocks":[{"action":"system/Common/XML/XML to JSON","name":"xml_pomfe_to_json","inputs":[{"name":"xml","value":"$for_pomfes.item"}]},{"name":"Function_5","function":"var input = $xml_pomfe_to_json.result\nif (input != undefined && \"project\" in input && \"dependencies\" in input.project) {\n    for (var ds of input.project.dependencies) {\n        for (var d of ds.dependency) {\n            if ([\"groupId\", \"artifactId\", \"version\"].every(arg => arg in d) && [\"groupId\", \"artifactId\", \"version\"].every(arg => d[arg].length > 0)) {\n                var purl = `pkg:maven/${d.groupId[0]}/${d.artifactId[0]}@${d.version[0]}`\n                $debug.push(purl)\n                if (!(purl in $t_libraries)) {\n                    $t_libraries[purl] = true\n                    $for_apps.item.Lib.push({\n                        name: d.artifactId[0],\n                        version: d.version[0],\n                        purl: purl\n                    })\n                }\n            }\n        }\n    }\n} else {\n    $debug.push(input)\n}\n"}]}],"else":[]}]}]},{"action":"system/Common/Array/Array Push","name":"push_result","inputs":[{"name":"array","value":"$result"},{"name":"item","value":"$for_apps.item"}]}],"else":[]}]}],"else":[{"action":"assign","name":"Assign_2","variable":"$result","value":"$in_apps"}]}],"variables":[{"name":"result","required":false,"isInput":false,"isOutput":true,"level":"INTERMEDIATE","type":{"type":"array"},"value":"[]"},{"name":"in_apps","required":true,"isInput":true,"isOutput":false,"level":"INTERMEDIATE","type":{"type":"array"},"value":"[]"},{"name":"in_target","required":true,"isInput":true,"isOutput":false,"level":"INTERMEDIATE","type":{"type":"object"},"value":"{}"},{"name":"in_prequisites","required":false,"isInput":false,"isOutput":false,"level":"INTERMEDIATE","type":{"type":"object"},"value":"{}"},{"name":"t_cmd","required":false,"isInput":false,"isOutput":false,"level":"INTERMEDIATE","type":{"type":"string"},"value":"\"\""},{"name":"error","required":false,"isInput":false,"isOutput":true,"level":"INTERMEDIATE","type":{"type":"array"},"value":"[]"},{"name":"debug","required":false,"isInput":false,"isOutput":true,"level":"INTERMEDIATE","type":{"type":"array"},"value":"[]"},{"name":"success","required":false,"isInput":false,"isOutput":true,"level":"INTERMEDIATE","type":{"type":"boolean"},"value":"true"},{"name":"t_libraries","required":false,"isInput":false,"isOutput":false,"level":"INTERMEDIATE","type":{"type":"object"},"value":"{}"},{"name":"in_gen_sbom","required":false,"isInput":true,"isOutput":false,"level":"INTERMEDIATE","type":{"type":"boolean"},"value":"true"},{"name":"t_tmp_dir","required":false,"isInput":false,"isOutput":false,"level":"INTERMEDIATE","type":{"type":"string"},"value":"\"/tmp\""},{"name":"t_unzip_path","required":false,"isInput":false,"isOutput":false,"level":"INTERMEDIATE","type":{"type":"string"},"value":"\"unzip\""}],"meta":{"workerGroup":"default","layout":"flow","version":5,"lastUpdated":1762456413129,"updatedByUsername":"ibmconcert","numberOfBlocks":38},"finally":null}