{"name":"1-prerequisites","platform":"node","hash":"7Dz52VhWQItKUYPXRYnZoiNcayEfIicIqkIy2NY1Jto=","blocks":[{"action":"comment","value":"Check the application object"}, {"action":"system/Common/JSON/JSON Schema Validation","name":"app_group_json_validation","inputs":[{"name":"JSON","value":"$in_application_grouping"},{"name":"schema","value":"{\n    \"$schema\": \"http://json-schema.org/draft-07/schema#\",\n    \"type\": \"object\",\n\n    \"properties\": {\n        \"applications\": {\n            \"type\": \"array\",\n\n            \"items\": {\n                \"type\": \"object\",\n\n                \"properties\": {\n                    \"ecs\": {\n                        \"type\": \"object\",\n\n                        \"properties\": {\n                            \"cluster\": {\n                                \"type\": \"array\",\n\n                                \"items\": {\n                                    \"type\": \"string\"\n                                },\n                                \"minItems\": 1\n                            },\n                            \"services\": {\n                                \"type\": \"array\",\n\n                                \"items\": {\n                                    \"type\": \"string\"\n                                }\n                            },\n                            \"tags\": {\n                                \"type\": \"array\",\n\n                                \"items\": {\n                                    \"type\": \"string\"\n                                }\n                            },\n                            \"namespaces\": {\n                                \"type\": \"array\",\n\n                                \"items\": {\n                                    \"type\": \"string\"\n                                }\n                            }\n                        },\n                        \"required\": [\"cluster\", \"services\", \"tags\", \"namespaces\"]\n                    },\n                    \"concert\": {\n                        \"type\": \"object\",\n\n                        \"properties\": {\n                            \"applicationName\": {\n                                \"type\": \"string\"\n                            },\n                            \"applicationCriticality\": {\n                                \"type\": \"integer\"\n                            },\n                            \"applicationDataAssessmentImpactRisk\": {\n                                \"type\": \"integer\"\n                            }\n                        },\n                        \"required\": [\n                            \"applicationName\",\n                            \"applicationCriticality\",\n                            \"applicationDataAssessmentImpactRisk\"\n                        ]\n                    }\n                },\n                \"required\": [\"ecs\", \"concert\"]\n            },\n            \"minItems\": 1\n        }\n    },\n    \"required\": [\"applications\"]\n}"},{"name":"allErrors","value":"true"}]}, {"action":"if","name":"If_1","condition":"typeof $app_group_json_validation.result == \"string\" || Object.keys($in_application_grouping).length === 0","then":[{"action":"assign","name":"increment_success_app_object","variable":"$t_successful_check","value":"$t_successful_check + 1"}],"else":[{"action":"system/Common/Array/Array Push","name":"validation_error_message","inputs":[{"name":"array","value":"$error"},{"name":"item","value":"\"Json validation Failed!\""}]},{"action":"system/Common/Array/Array Push","name":"validation_error_details","inputs":[{"name":"array","value":"$error"},{"name":"item","value":"$app_group_json_validation.result"}]}]}, {"action":"comment","value":"test the AWS credentials"}, {"action":"try","name":"Try_1","try":[{"action":"system/AWS/cloudwatch/List Metrics","name":"aws_get_account_metrics","inputs":[{"name":"authKey","value":"$in_aws_authkey"},{"name":"region","value":"$in_aws_region"}]},{"action":"assign","name":"increment_success_aws","variable":"$t_successful_check","value":"$t_successful_check + 1"}],"catch":[{"action":"system/Common/Array/Array Push","name":"aws_token_error","inputs":[{"name":"array","value":"$error"},{"name":"item","value":"$Try_1.message"}]}]}, {"action":"../utils/Concert_utils/concert_create_profile","name":"Creat_check_profile","inputs":[{"name":"in_profile_name","value":"$in_profile_name"},{"name":"in_concert_key","value":"$in_concert_authkey"}]}, {"action":"assign","name":"Assign_2","variable":"$success","value":"$t_target_successful_check == $t_successful_check"}],"variables":[{"name":"in_aws_authkey","required":true,"isInput":true,"isOutput":false,"level":"INTERMEDIATE","type":{"type":"string"},"value":"\"\""},{"name":"in_aws_region","required":true,"isInput":true,"isOutput":false,"level":"INTERMEDIATE","type":{"type":"string"},"value":"\"\""},{"name":"in_profile_name","required":true,"isInput":true,"isOutput":false,"level":"INTERMEDIATE","type":{"type":"string"},"value":"\"\""},{"name":"in_concert_authkey","required":true,"isInput":true,"isOutput":false,"level":"INTERMEDIATE","type":{"type":"string"},"value":"\"\""},{"name":"in_application_grouping","required":true,"isInput":true,"isOutput":false,"level":"INTERMEDIATE","type":{"applications":[{"ecs":{"cluster":["string"],"services":["string"],"tags":["string"],"namespaces":["string"]},"concert":{"application_name":"string","application_criticality":"number","application_data_assessment_impact_risk":"number"}}]},"value":"{}"},{"name":"result","required":false,"isInput":false,"isOutput":true,"level":"INTERMEDIATE","type":{"type":"any"},"value":"\"\""},{"name":"success","required":false,"isInput":false,"isOutput":true,"level":"INTERMEDIATE","type":{"type":"boolean"},"value":"false"},{"name":"debug","required":false,"isInput":false,"isOutput":true,"level":"INTERMEDIATE","type":{"type":"any"},"value":"\"\""},{"name":"error","required":false,"isInput":false,"isOutput":true,"level":"INTERMEDIATE","type":{"type":"array"},"value":"[]"},{"name":"t_successful_check","required":false,"isInput":false,"isOutput":false,"level":"INTERMEDIATE","type":{"type":"number"},"value":"0"},{"name":"t_target_successful_check","required":false,"isInput":false,"isOutput":false,"level":"INTERMEDIATE","type":{"type":"number"},"value":"2"}],"meta":{"workerGroup":"default","created":1763475817906,"lastUpdated":1763475817906,"layout":"flow","updatedByUsername":"ibmconcert","numberOfBlocks":13,"version":5},"finally":null}