{"name":"HCM_Resilience_Workflow","platform":"node","hash":"wJsVyxRuBu5KJiIBlJP6YUa3mzYICUJ7tjwSzN57I5w=","blocks":[{"action":"if","name":"InputCheck","condition":"$networkSegmentToAnalyze != \"\" && $resilienceLibraryName != \"\" && $environmentName != \"\"","then":[{"action":"system/IBM/Hybrid Cloud Mesh/Network Segment/List Networksegments","name":"GetNetworkSegmentId","inputs":[{"name":"authKey","value":"$hcmAuth"},{"name":"name","value":"$networkSegmentToAnalyze"}]}],"else":[{"action":"assign","name":"NotFoundErr","variable":"$result","value":"{\n    \"error\": \"network segment name or resilience library name or environment name not found\"\n}"},{"action":"exit"}]}, {"action":"if","name":"NetworkSegmentIdCheck","condition":"$GetNetworkSegmentId.result.network_segments.length > 0","then":[{"action":"assign","name":"AssignNetworkSegmentId","variable":"$networkSegmentToAnalyze","value":"$GetNetworkSegmentId.result.network_segments[0].resource_id"}],"else":[{"action":"assign","name":"NetworkSegmentIdNotFoundEr","variable":"$result","value":"{\n    \"error\": \"network segment ID not found\"\n}"},{"action":"exit"}]}, {"action":"comment","value":"Get HCM Topology Data"}, {"action":"system/IBM/Hybrid Cloud Mesh/Topology/Retrieve a List of Resource Objects","name":"GetHCMTopology","inputs":[{"name":"authKey","value":"$hcmAuth"}]}, {"name":"Function_1","function":"function getServicesInNetworkSegment(topologyData, networkSegment) {\n    return topologyData.filter(\n        item => item.entityType == \"service\" && item.network_segment_id == networkSegment\n    ).map(item => item.resource_id);\n};\n\n$serviceIds = getServicesInNetworkSegment($GetHCMTopology.result._items, $networkSegmentToAnalyze)"}, {"action":"foreach","name":"LoopServiceIds","list":"$serviceIds","blocks":[{"name":"Function_5","function":"function fetchAppDetails(serviceId, topologyData) {\n    const obj = topologyData.find(\n        item => item[\"entityType\"] == \"service\" && item[\"resource_id\"] == serviceId\n    );\n\n    const depEnv = fetchDeploymentEnvDetails(obj.application_id, serviceId, topologyData);\n    return fetchDeploymentDetails(depEnv, topologyData);\n};\n\nfunction fetchDeploymentEnvDetails(appId, serviceId, topologyData) {\n    const objs = topologyData.filter(\n        item => item[\"entityType\"] == \"deployment\" && item[\"application_id\"] == appId\n    );\n\n return objs.map(obj => ({\n        deploy_env_id: obj?.depl_env_id,\n        app_id: appId,\n        service_id: serviceId,\n        deployment_name: obj?.name\n    }));\n}\n\nfunction fetchDeploymentDetails(depEnvArr, topologyData) {\n  return depEnvArr.map((depEnv) => {\n    const obj = topologyData.find(\n      (item) =>\n        item.entityType === \"deplenv\" &&\n        item.intrinsicType === \"cluster\" &&\n        item.resource_id === depEnv.deploy_env_id\n    );\n\n    return {\n      cloud_id: obj?.cloud_id,\n      cluster_id: obj?.resource_id,\n      app_id: depEnv.app_id,\n      service_id: depEnv.service_id,\n      deployment_name: depEnv.deployment_name,\n      deployment_details: \"\",\n    };\n  });\n}\n\n$result = fetchAppDetails($LoopServiceIds.item, $GetHCMTopology.result._items)"},{"action":"if","name":"ClusterDetailsCheck","condition":"$result.length > 0","then":[{"action":"foreach","name":"LoopClusters","list":"$result","blocks":[{"action":"comment","value":"Get cluster details"},{"action":"system/IBM/Hybrid Cloud Mesh/Cluster/Get Cluster","name":"GetCluster","inputs":[{"name":"authKey","value":"$hcmAuth"},{"name":"cloud_id","value":"$LoopClusters.item.cloud_id"},{"name":"cluster_id","value":"$LoopClusters.item.cluster_id"}]},{"action":"assign","name":"AssignDeplDetails","variable":"$LoopClusters.item.deployment_details","value":"$GetCluster.result"},{"action":"system/Common/Array/Array Push","name":"PushDeploymentDetails","inputs":[{"name":"array","value":"$serviceAppDeploymentDetails"},{"name":"item","value":"$LoopClusters.item"}]}]}],"else":[{"action":"assign","name":"ClusterNotFoundErr","variable":"$result","value":"{\n    \"error\": \"service deployment not found\"\n}"},{"action":"exit"}]}]}, {"action":"comment","value":"Create application SBOM for network segment and ingest to IBM Concert\n"}, {"action":"./Helpers/CreateNetworkSegmentApplication","name":"CreateHCMApplication","inputs":[{"name":"environmentName","value":"$environmentName"},{"name":"networkSegmentName","value":"$GetNetworkSegmentId.result.network_segments[0].name"},{"name":"topologyData","value":"$GetHCMTopology.result"},{"name":"serviceIds","value":"$serviceIds"},{"name":"serviceDeploymentDetails","value":"$serviceAppDeploymentDetails"},{"name":"appVersion","value":"$applicationVersion"}]}, {"name":"SplitMetricsCalculation","action":"split","branches":[{"blocks":[{"action":"comment","value":"Service deployment redundancy\n calculation"},{"action":"foreach","name":"LoopServices","list":"$serviceIds","blocks":[{"name":"Function_3","function":"function countServiceEndpoints(topologyData, serviceId, serviceEndointArray) {\n    const count = topologyData._items.filter(\n        item => item.service_id == serviceId && item.entityType == \"service_endpoint\"\n    ).length;\n\n    serviceEndointArray.push(count);\n};\n\ncountServiceEndpoints($GetHCMTopology.result, $LoopServices.item, $serviceEndpointCountArr)"}]}]},{"blocks":[{"action":"comment","value":"Network path redundancy calculation"},{"name":"Function_2","function":"function createGatewayMap(topologyData, networkSegment) {\n    const gatewayScores = {};\n\n    const gatewayObjects = topologyData._items.filter(\n        item => item.entityType == \"gateway\" && item.network_segment_id == networkSegment\n    );\n\n    gatewayObjects.forEach(gatewayObject => {\n        const gatewayId = gatewayObject.resource_id;\n\n        if (gatewayId) {\n            gatewayScores[gatewayId] = 0;\n        }\n    });\n\n    return gatewayScores;\n};\n\n$gatewayScores = createGatewayMap($GetHCMTopology.result, $networkSegmentToAnalyze)"}]}]}, {"name":"PrepareAssessmentData","action":"split","branches":[{"blocks":[{"name":"Function_6","function":"function calculateMeshMetrics(gatewayScores, serviceEndpointCountArr, topologyData) {\n    const networkMetric = calculateNetworkMetrics(gatewayScores, topologyData);\n    const serviceCount = calculateServiceMetrics(serviceEndpointCountArr);\n\n    return {\n        \"network-path-redundancy\": networkMetric,\n        \"service-deployment-redundancy\": serviceCount\n    };\n};\n\nfunction calculateServiceMetrics(serviceEndpointCountArr) {\n    if (!Array.isArray(serviceEndpointCountArr) || serviceEndpointCountArr.length == 0)\n        return 0;\n\n    const totalPoints = serviceEndpointCountArr.reduce((sum, v) => sum + (v <= 0 ? 0 : v === 1 ? 1 : 2), 0);\n    return (totalPoints / (serviceEndpointCountArr.length * 2)) * 100;\n}\n\nfunction calculateNetworkMetrics(gatewayScores, topologyData) {\n        const gatewayCount = Object.keys(gatewayScores).length\n\n        if (gatewayCount < 2){\n            return 100\n        }\n\n        topologyData._items.forEach(item => {\n            (item._references ?? []).forEach(ref => {\n                if (ref._edgeType !== \"HAS_REMOTECONNECTION\") return;\n                const fromId = ref._fromUniqueId\n                const toId = ref._toUniqueId\n\n                if(fromId in gatewayScores){\n                    gatewayScores[fromId] = Math.min(2, gatewayScores[fromId] +1)\n                }\n\n                if(toId in gatewayScores) {\n                    gatewayScores[toId] = Math.min(2, gatewayScores[toId] +1)\n                }\n                 });\n            });\n\n            let totalScore = 0;\n            Object.values(gatewayScores).forEach(value => {\n                totalScore += Number(value)\n            })\n            \n            const maxScore = gatewayCount == 2 ? gatewayCount : gatewayCount * 2\n            return Math.round((totalScore/maxScore)* 100)\n}\n\n$result = calculateMeshMetrics($gatewayScores, $serviceEndpointCountArr, $GetHCMTopology.result)"}]},{"blocks":[{"action":"assign","name":"AssignAssessmentTime","variable":"$inputJSON.current_time","value":"Math.floor(Date.now())"}]}]}, {"action":"comment","value":"Create profile from the mesh library"}, {"action":"assign","name":"AssignProfileName","variable":"$resilienceProfileName","value":"`${$resilienceLibraryName}-profile`"}, {"action":"./Helpers/CreateResilienceProfile","name":"CreateProfileFromLibrary","inputs":[{"name":"libraryName","value":"$resilienceLibraryName"},{"name":"profileName","value":"$resilienceProfileName"}]}, {"action":"system/Common/Sleep","name":"DataLoadWait","inputs":[{"name":"seconds","value":"5"}]}, {"action":"comment","value":"Load the assessment data "}, {"action":"./Helpers/LoadAssessments","name":"LoadDataToConcert","inputs":[{"name":"applicationName","value":"$GetNetworkSegmentId.result.network_segments[0].name"},{"name":"profileName","value":"$resilienceProfileName"},{"name":"data","value":"$result"},{"name":"timestamp","value":"$inputJSON.current_time"},{"name":"origin_name","value":"$inputJSON.origin_name"},{"name":"applicationVersion","value":"$applicationVersion || \"1.0.0\""},{"name":"origin","value":"$inputJSON.origin"}]}, {"action":"assign","name":"AssignLoadDataResult","variable":"$result","value":"$LoadDataToConcert.result"}],"variables":[{"name":"hcmAuth","required":true,"isInput":true,"isOutput":false,"level":"INTERMEDIATE","type":{"type":"string"},"value":"\"\"","meta":{"authType":"IBM/Hybrid Cloud Mesh","subType":"authentication"}},{"name":"networkSegmentToAnalyze","required":true,"isInput":true,"isOutput":false,"level":"INTERMEDIATE","type":{"type":"string"},"value":"\"\""},{"name":"resilienceLibraryName","required":true,"isInput":true,"isOutput":false,"level":"INTERMEDIATE","type":{"type":"string"},"value":"\"\""},{"name":"environmentName","required":true,"isInput":true,"isOutput":false,"level":"INTERMEDIATE","type":{"type":"string"},"value":"\"\""},{"name":"applicationVersion","required":false,"isInput":true,"isOutput":false,"level":"INTERMEDIATE","type":{"type":"string"},"value":"\"\""},{"name":"serviceIds","required":false,"isInput":false,"isOutput":false,"level":"INTERMEDIATE","type":{"type":"array"},"value":"[]"},{"name":"serviceEndpointCountArr","required":false,"isInput":false,"isOutput":false,"level":"INTERMEDIATE","type":{"type":"array"},"value":"[]"},{"name":"gatewayScores","required":false,"isInput":false,"isOutput":false,"level":"INTERMEDIATE","type":{"type":"object"},"value":"{}"},{"name":"serviceAppDeploymentDetails","required":false,"isInput":false,"isOutput":false,"level":"INTERMEDIATE","type":{"type":"array"},"value":"[]"},{"name":"topologyObjectsForSbom","required":false,"isInput":false,"isOutput":false,"level":"INTERMEDIATE","type":{"type":"array"},"value":"[]"},{"name":"resilienceProfileName","required":false,"isInput":false,"isOutput":false,"level":"INTERMEDIATE","type":{"type":"string"},"value":"\"\""},{"name":"meshResilienceJSON","required":false,"isInput":false,"isOutput":false,"level":"INTERMEDIATE","type":{"type":"object"},"value":"{}"},{"name":"inputJSON","required":false,"isInput":false,"isOutput":false,"level":"INTERMEDIATE","type":{"type":"object"},"value":"{\n    \"origin_name\": \"HCM\",\n    \"origin\": \"APM\",\n    \"current_time\": 0\n}"},{"name":"result","required":false,"isInput":false,"isOutput":true,"level":"INTERMEDIATE","type":{"type":"object"},"value":"{}"}],"meta":{"workerGroup":"default","created":1771279115951,"lastUpdated":1771279162461,"layout":"flow","updatedByUsername":"admin","numberOfBlocks":43,"version":5,"tags":[{"name":"Consumer","value":"Concert"},{"name":"Concert version","value":"2.3.0"},{"name":"Category","value":"Resilience"}]},"finally":null}