{"name":"SSH_Key_Discovery","platform":"node","hash":"Cq3Fev6FkGp3BNnDhLJnkEUfApq3HgEEmgx55/ARqJQ=","blocks":[{"action":"comment","value":"Group according to environment"}, {"name":"Function_1","function":"let regroupedData = {};\nvar inputData = $key_json;\n\ninputData.clients.forEach(client => {\n    const env = client.environment_name;\n    // If the environment doesn't exist in the regroupedData object, create it\n    if (!regroupedData[env]) {\n        regroupedData[env] = [];\n    }\n\n    // Push the server details into the corresponding environment array\n    regroupedData[env].push(client);\n});\n\n$groupedData = regroupedData"}, {"action":"foreach","name":"ForEachEnvironment","list":"Object.keys($groupedData)","blocks":[{"action":"assign","name":"SingleEnvData","variable":"$env_data","value":"$groupedData[$ForEachEnvironment.item]"},{"action":"foreach","name":"ForEachClient","list":"$env_data","blocks":[{"action":"try","name":"Catch","try":[{"action":"foreach","name":"ForEachKeyPair","list":"$ForEachClient.item[\"ssh_key_pairs\"]","blocks":[{"name":"Function_3","function":"function validateSSHKeyPair(item) {\n    if (!item || typeof item !== \"object\") {\n        return {\n            ok: false,\n            msg: \"Invalid config: expected an object\"\n        };\n    }\n\n    if (!item.public_key_file || item.public_key_file.trim() === \"\") {\n        return {\n            ok: false,\n            msg: \"'public_key_file' missing or empty\"\n        };\n    }\n\n    if (!item.private_key_file || item.private_key_file.trim() === \"\") {\n        return {\n            ok: false,\n            msg: \"'private_key_file' missing or empty\"\n        };\n    }\n\n    if (!Array.isArray(item.servers)) {\n        return {\n            ok: false,\n            msg: \"'servers' must be an array (can be empty)\"\n        };\n    }\n\n    for (let i = 0; i < item.servers.length; i++) {\n        const server = item.servers[i];\n\n        if (!server.hostname || server.hostname.trim() === \"\") {\n            return {\n                ok: false,\n                msg: `servers[${i}]: 'hostname' missing or empty`\n            };\n        }\n\n        if (!server.username || server.username.trim() === \"\") {\n            return {\n                ok: false,\n                msg: `servers[${i}]: 'username' missing or empty`\n            };\n        }\n\n        if (!server.authorized_keys_file || server.authorized_keys_file.trim() === \"\") {\n            return {\n                ok: false,\n                msg: `servers[${i}]: 'authorized_keys_file' missing or empty`\n            };\n        }\n    }\n\n    return {\n        ok: true,\n        msg: \"Valid configuration\"\n    };\n};\n\nlet ans = validateSSHKeyPair($ForEachKeyPair.item);\n\nif (!ans.ok) {\n    throw new Error(ans.msg);\n}"},{"action":"system/Ansible/Playbook","name":"ReadSSHKeys","inputs":[{"name":"authKey","value":"$ansible_auth"},{"name":"playbook","value":"`---\n- name: Get SSH public key details and create JSON\n  gather_facts: no\n  vars:\n    today: \"{{ lookup('pipe', 'date +%Y-%m-%d') }}\"\n    private_key_path: ${JSON.stringify($ForEachKeyPair.item.private_key_file)}\n    public_key_path: ${JSON.stringify($ForEachKeyPair.item.public_key_file)}\n    expiration_days: ${JSON.stringify($ForEachKeyPair.item.expiration_days)}\n    servers: ${JSON.stringify($ForEachKeyPair.item.servers)}\n    hostname: ${JSON.stringify($ForEachClient.item.hostname)}\n    ssh_port: ${JSON.stringify($ForEachClient.item.ssh_port)}\n    username: ${JSON.stringify($ForEachClient.item.username)}\n    owner_email: ${JSON.stringify($ForEachKeyPair.item.owner_email)}\n  hosts: \"{{ hostname }}\"\n\n  tasks:\n    - name: Check if private key exists\n      stat:\n        path: \"{{ private_key_path }}\"\n      register: private_key_check\n\n    - name: Check if public key exists\n      stat:\n        path: \"{{ public_key_path }}\"\n      register: public_key_check\n\n    - name: Fail if either private or public key is missing\n      fail:\n        msg: \"Either private key ({{ private_key_path }}) or public key ({{ public_key_path }}) is missing!\"\n      when: not private_key_check.stat.exists or not public_key_check.stat.exists\n\n    - name: Attempt SSH login to each server\n      shell: |\n        ssh -i {{ private_key_path }} -o StrictHostKeyChecking=no -o BatchMode=yes {{ item.username }}@{{ item.hostname }} \"echo connected\"\n      register: ssh_test\n      failed_when: ssh_test.rc != 0\n      loop: \"{{ servers }}\"\n      loop_control:\n        label: \"{{ item.hostname }}\"\n\n    - name: Get key details from public key\n      command: ssh-keygen -lf \"{{ public_key_path }}\"\n      register: key_info\n\n    - name: Parse key details\n      set_fact:\n        bit_length: \"{{ key_info.stdout.split(' ')[0] }}\"\n        fingerprint: \"{{ key_info.stdout.split(' ')[1] }}\"\n        key_type: \"{{ key_info.stdout.split(' ')[-1] }}\"\n\n    - name: Calculate validity start date\n      set_fact:\n        validity_start: \"{{ today }}\"\n\n    - name: Calculate validity end date\n      set_fact:\n        validity_end: >-\n          {{ lookup('pipe',\n            'date -d \"today + ' ~ (expiration_days | int | string) ~ ' days\" +%Y-%m-%d') }}\n\n    - name: Build final JSON object\n      set_fact:\n        key_info_json:\n          subject: \"{{ hostname }}\"\n          issuer: \"{{ key_type }}\"\n          owner: \"{{ username }}@{{ hostname }}\"\n          serialNumber: \"{{ fingerprint }}\"\n          validFrom: \"{{ validity_start }}\"\n          validTo: \"{{ validity_end }}\"\n          namespace: \"{{ username }}@{{ hostname }}:{{ private_key_path }}\"\n          metadata: \n            ssh_port: \"{{ ssh_port }}\"\n            username: \"{{ username }}\"\n            private_key : \"{{ private_key_path }}\"\n            public_key : \"{{ public_key_path }}\"\n            bit_length : \"{{ bit_length }}\"\n            owner_email : \"{{ owner_email }}\"\n          dnsNames: []\n          additional_data:\n            servers: \"{{ servers }}\"\n          certificate_type: \"ssh-key\"\n\n    - name: Show generated JSON\n      debug:\n        var: key_info_json\n`"}]},{"action":"if","name":"IfReadSSHFailed","condition":"$ReadSSHKeys.error != \"\"","then":[{"action":"continue"}],"else":[]},{"action":"assign","name":"AssignHostName","variable":"$host_name","value":"Object.keys($ReadSSHKeys.result[\"plays\"][0][\"tasks\"][8][\"hosts\"])[0]"},{"action":"assign","name":"Assign_1","variable":"$extracted_cert = {}","value":"$ReadSSHKeys.result[\"plays\"][0][\"tasks\"][8][\"hosts\"][$host_name][\"ansible_facts\"][\"key_info_json\"]"},{"name":"Function_2","function":"function normalizeKeyType(rawType) {\n    if (!rawType)\n        return \"rsa\";\n\n    const val = rawType.toLowerCase().trim();\n\n    const map = [{\n        match: [\"rsa\", \"(rsa)\", \"ssh-rsa\"],\n        value: \"rsa\"\n    }, {\n        match: [\"ed25519\", \"(ed25519)\", \"ssh-ed25519\"],\n        value: \"ed25519\"\n    }, {\n        match: [\n            \"ecdsa\",\n            \"(ecdsa)\",\n            \"ecdsa-sha2-nistp256\",\n            \"ecdsa-sha2-nistp384\",\n            \"ecdsa-sha2-nistp521\"\n        ],\n        value: \"ecdsa\"\n    }];\n\n    for (const {\n        match,\n        value\n    } of map) {\n        if (match.some(m => val.includes(m))) {\n            return value;\n        }\n    }\n\n    return \"rsa\";\n};\n\n$extracted_cert.issuer = normalizeKeyType($extracted_cert.issuer)"},{"action":"system/Common/Array/Array Push","name":"AddKeys","inputs":[{"name":"array","value":"$certificateJson"},{"name":"item","value":"$extracted_cert"}]}]},{"action":"if","name":"If_1","condition":"$certificateJson.length == 0","then":[{"action":"continue"}],"else":[]},{"action":"./helper/Create_JSON_of_Certificate","name":"IngestSSHKeys","inputs":[{"name":"certificates","value":"$certificateJson"},{"name":"env_name","value":"$ForEachEnvironment.item"},{"name":"api_server","value":"$ForEachClient.item.username + \"@\" + $ForEachClient.item.hostname"}]},{"action":"system/Common/Array/Array Push","name":"AddResults","inputs":[{"name":"array","value":"$result"},{"name":"item","value":"$IngestSSHKeys.result"}]},{"action":"assign","name":"AssignEmpty","variable":"$certificateJson","value":"[]"}],"catch":[{"action":"system/Common/Array/Array Push","name":"ArrayPushCatchError","inputs":[{"name":"array","value":"$result"},{"name":"item","value":"{\n    \"discovery failed\": $Catch.message,\n    \"error stack\": $Catch.stack\n}"}]}]}]}]}],"variables":[{"name":"result","required":false,"isInput":false,"isOutput":true,"level":"INTERMEDIATE","type":{"type":"array"},"value":"[]"},{"name":"groupedData","required":false,"isInput":false,"isOutput":false,"level":"INTERMEDIATE","type":{"type":"object"},"value":"{}"},{"name":"inventory","required":false,"isInput":false,"isOutput":false,"level":"INTERMEDIATE","type":{"type":"string"},"value":"\"\""},{"name":"certificateJson","required":false,"isInput":false,"isOutput":false,"level":"INTERMEDIATE","type":{"type":"array"},"value":"[]"},{"name":"env_data","required":false,"isInput":false,"isOutput":false,"level":"INTERMEDIATE","type":{"type":"array"},"value":"[]"},{"name":"host_name","required":false,"isInput":false,"isOutput":false,"level":"INTERMEDIATE","type":{"type":"string"},"value":"\"\""},{"name":"extracted_cert","required":false,"isInput":false,"isOutput":false,"level":"INTERMEDIATE","type":{"type":"object"},"value":"{}"},{"name":"key_json","required":true,"isInput":true,"isOutput":false,"level":"INTERMEDIATE","type":{"type":"object"},"value":"{}"},{"name":"ansible_auth","required":true,"isInput":true,"isOutput":false,"level":"INTERMEDIATE","type":{"type":"string"},"value":"\"\"","meta":{"authType":"Ansible","subType":"authentication"}}],"meta":{"workerGroup":"default","created":1771277547714,"lastUpdated":1771277583972,"layout":"flow","updatedByUsername":"admin","numberOfBlocks":21,"version":5,"tags":[{"name":"Consumer","value":"Concert"},{"name":"Concert version","value":"2.3.0"},{"name":"Category","value":"Certificates"}]},"finally":null}