{"name":"==> dis_tomcat_logs_count_40X","platform":"node","hash":"piVcTgDYEfH3YFJMN34ObDHgK4NIi8yVl9lVrOyHfcE=","blocks":[{"action":"try","name":"Try_1","try":[{"action":"system/Common/SSH/SSH","name":"ssh_getLocalHostAccessFiles","inputs":[{"name":"authKey","value":"$in_server_authkey"},{"name":"command","value":"`ls -t /opt/tomcat/logs/localhost_access*`"},{"name":"host","value":"$in_server_host"},{"name":"port","value":"$in_ssh_port"}]},{"action":"if","name":"If_getLocalHostAccessFilesFailed","condition":"$ssh_getLocalHostAccessFiles.success","then":[],"else":[{"action":"throw","error":"\"Failed to check localhost access files on \" + $in_server_host"}]},{"action":"system/Common/String/String Split","name":"splt_sshResult","inputs":[{"name":"str","value":"$ssh_getLocalHostAccessFiles.result"},{"name":"separator","value":"\"\\n\""}]},{"action":"if","name":"If_arrayLengthCheck","condition":"$splt_sshResult.result.length > 0","then":[],"else":[{"action":"throw","error":"\"No files found on system \" + $in_server_host"}]},{"action":"system/Common/Array/Array Slice","name":"ArraySlice_1","inputs":[{"name":"array","value":"$splt_sshResult.result"},{"name":"start","value":"0"},{"name":"end","value":"3"}]},{"action":"system/Common/Array/Array Join","name":"ArrayJoin_1","inputs":[{"name":"array","value":"$ArraySlice_1.result"},{"name":"separator","value":"\" \""}]},{"action":"system/Common/SSH/SSH","name":"ssh_catLocalhostAccessFiles","inputs":[{"name":"authKey","value":"$in_server_authkey"},{"name":"command","value":"\"cat \" + $ArrayJoin_1.result"},{"name":"host","value":"$in_server_host"},{"name":"port","value":"$in_ssh_port"}]},{"action":"if","name":"If_sshCatLocalhostAcccesFilesSuccess","condition":"$ssh_catLocalhostAccessFiles.result","then":[],"else":[{"action":"throw","error":"\"Failed to read localhost access files on system \" + $in_server_host"}]},{"action":"./dis_tomcat_parse_count40X","name":"wkfl_count40Xs","inputs":[{"name":"in_input","value":"$ssh_catLocalhostAccessFiles.result"}]},{"action":"if","name":"If_wkflCount40X","condition":"$wkfl_count40Xs.success","then":[{"action":"assign","name":"asgn_result","variable":"$result","value":"$wkfl_count40Xs.result"},{"action":"assign","name":"asgn_succes","variable":"$success","value":"true"}],"else":[{"action":"throw","error":"\"Error encountered when countingstatus codes on system \" + $in_server_host"}]}],"catch":[{"action":"system/Common/Array/Array Push","name":"ArrayPush_1","inputs":[{"name":"array","value":"$error"},{"name":"item","value":"$Try_1.message"}]}]}],"variables":[{"name":"in_server_authkey","required":true,"isInput":true,"isOutput":false,"level":"INTERMEDIATE","type":{"type":"string"},"value":"\"ibmconcert/ubuntu_service_account\""},{"name":"in_server_host","required":true,"isInput":true,"isOutput":false,"level":"INTERMEDIATE","type":{"type":"string"},"value":"\"svl-visa-virtualis1.fyre.ibm.com\""},{"name":"in_timeframe","required":true,"isInput":true,"isOutput":false,"level":"INTERMEDIATE","type":{"type":"number"},"value":"100"},{"name":"in_ssh_port","required":true,"isInput":true,"isOutput":false,"level":"INTERMEDIATE","type":{"type":"number"},"value":"22"},{"name":"debug","required":false,"isInput":false,"isOutput":true,"level":"INTERMEDIATE","type":{"type":"array"},"value":"[]"},{"name":"success","required":false,"isInput":false,"isOutput":true,"level":"INTERMEDIATE","type":{"type":"boolean"},"value":"false"},{"name":"result","required":false,"isInput":false,"isOutput":true,"level":"INTERMEDIATE","type":{"type":"array"},"value":"[]"},{"name":"error","required":false,"isInput":false,"isOutput":true,"level":"INTERMEDIATE","type":{"type":"array"},"value":"[]"}],"meta":{"workerGroup":"default","layout":"flow","version":5,"lastUpdated":1762456413593,"updatedByUsername":"ibmconcert","numberOfBlocks":18},"finally":null}