{"name":"Datadog_Resilence_Sample","platform":"node","hash":"uAGGkCi343IER9VjV5fJrvMp9Y+s6jCUfJA0FoiJE7s=","blocks":[{"action":"comment","value":"Fetches the start and end time (from resilience )for which we need to find the metric"}, {"action":"./helper/FetchAssessmentTime","name":"FetchTimeWindow","inputs":[{"name":"applicationName","value":"$applicationName"},{"name":"profileName","value":"$profileName"},{"name":"origin","value":"$origin"},{"name":"origin_name","value":"$origin_name"},{"name":"defaultWindowSize","value":"$defaultWindowSize"}]}, {"action":"comment","value":"Error handling when timestamp is not been received "}, {"name":"TransformTimestamp","function":"function isEmpty(value) {\n    return value === null || value === undefined || value === \"\" || (typeof value === \"object\" && Object.keys(value).length === 0);\n};\n\nif (isEmpty($startTimestamp)) {\n    $startTimestamp = String(Math.trunc(Number($FetchTimeWindow.result.startTimestamp) / 1000));\n}\n\nif (isEmpty($endTimestamp)) {\n    $endTimestamp = String(Math.trunc(Number($FetchTimeWindow.result.endTimestamp) / 1000));\n    $endTime = Number($FetchTimeWindow.result.endTimestamp);\n} else {\n    $endTime = Number($endTimestamp) * 1000;\n}\n\nif ($startTimestamp === \"\" || $endTimestamp === \"\" || isNaN($endTime)) {\n    $result = \"Error\";\n} else {\n    $result = \"Success\";\n}"}, {"action":"if","name":"If","condition":"$result === \"Success\"","then":[{"action":"comment","value":"Fetches the metrics from datadog for given timestamp"},{"action":"./Get_Datadog_Metrics","name":"GetDatadogMetrics","inputs":[{"name":"envName","value":"$envName"},{"name":"startTimestamp","value":"$startTimestamp"},{"name":"endTimestamp","value":"$endTimestamp"},{"name":"datadogAuth","value":"$datadog_auth"},{"name":"teamName","value":"$teamName"},{"name":"dataDogApiKey","value":"$dataDogApiKey"},{"name":"dataDogAppKey","value":"$dataDogAppKey"},{"name":"dataDogHost","value":"$dataDogHost"}]},{"action":"comment","value":"Error handling for get_metrics (when no data for given timestamp)"},{"action":"assign","name":"Assign_2","variable":"$status","value":"$GetDatadogMetrics.result"},{"name":"Function_1","function":"const metrics = [\n  $GetDatadogMetrics.result.throughput,\n  $GetDatadogMetrics.result.error_rate,\n  $GetDatadogMetrics.result.latency,\n  $GetDatadogMetrics.result.pct_sev1_incidents_by_change,\n  $GetDatadogMetrics.result.pct_sev1_incidents_detected_by_monitoring,\n  $GetDatadogMetrics.result.pct_sev2_incidents_by_change,\n  $GetDatadogMetrics.result.pct_sev2_incidents_detected_by_monitoring,\n  $GetDatadogMetrics.result.mins_mttr,\n  $GetDatadogMetrics.result.mins_mttr_sev1,\n  $GetDatadogMetrics.result.mins_mttr_sev1_by_change,\n  $GetDatadogMetrics.result.mins_mttr_sev2,\n  $GetDatadogMetrics.result.mins_mttr_sev2_by_change\n];\n$result = metrics.some(metric => metric.length > 0) ? \"Success\" : \"Error\";\n"},{"action":"if","name":"If_1","condition":"$result === \"Success\"","then":[{"action":"comment","value":"Transform the metrics to send to evaluate api of resilience"},{"name":"Function_2","function":"function transformMetrics(result, operation) {\n    const resultData = {};\n\n    // Mapping from outputKey to inputKey (APM & Synthetic only)\n    const outputToInputMap = {\n        \"ms_slo_latency\": \"latency\",\n        \"num_throughput_transactions\": \"throughput\",\n        \"pct_availability_by_error_rate\": \"error_rate\",\n        \"pct_availability_by_synthetic_tests\": \"synthetic_test\"\n    };\n\n    function calculate(values, op) {\n        const allowedOps = [\"max\", \"min\", \"avg\", \"sum\"];\n        if (!allowedOps.includes(op)) {\n            throw new Error(\n                `Unsupported operation \"${op}\". Supported operations are: ${allowedOps.join(\", \")}`\n            );\n        }\n\n        const filtered = values.filter(v => v != null);\n        if (filtered.length === 0) return 0;\n\n        switch (op) {\n            case \"max\":\n                return Math.max(...filtered);\n            case \"min\":\n                return Math.min(...filtered);\n            case \"avg\":\n                return filtered.reduce((a, b) => a + b, 0) / filtered.length;\n            case \"sum\":\n                return filtered.reduce((a, b) => a + b, 0);\n        }\n    }\n\n    for (const [outputKey, op] of Object.entries(operation)) {\n        const inputKey = outputToInputMap[outputKey];\n\n        // ✅ PASS-THROUGH for precomputed INCIDENT metrics\n        if (inputKey === undefined && result[outputKey] !== undefined) {\n            resultData[outputKey] = Number(result[outputKey]).toFixed(2);\n            continue;\n        }\n\n        // Synthetic availability calculation\n        if (outputKey === \"pct_availability_by_synthetic_tests\") {\n            const syntheticTestData = result[inputKey];\n            if (Array.isArray(syntheticTestData)) {\n                const passRate = getSyntheticTestPassRate(syntheticTestData);\n                resultData[outputKey] = (passRate * 100).toFixed(2);\n            } else {\n                resultData[outputKey] = \"0.00\";\n            }\n            continue;\n        }\n\n        // APM time-series aggregation\n        const items = result[inputKey] || [];\n        const values = [];\n\n        for (const item of items) {\n            const seriesList = item.result?.series || [];\n            for (const series of seriesList) {\n                const pointlist = series.pointlist || [];\n                for (const [, value] of pointlist) {\n                    if (value != null) {\n                        values.push(value);\n                    }\n                }\n            }\n        }\n\n        const computedValue = calculate(values, op);\n\n        // Output formatting\n        if (outputKey === \"ms_slo_latency\") {\n            resultData[outputKey] = (computedValue * 1000).toFixed(2);\n        } else if (outputKey === \"pct_availability_by_error_rate\") {\n            resultData[\"pct_availability_by_error_rate\"] = computedValue.toFixed(2);\n            resultData[\"pct_slo_error_rate\"] = computedValue.toFixed(2);\n        } else {\n            resultData[outputKey] = computedValue.toFixed(2);\n        }\n    }\n\n    return { data: resultData };\n}\n\nfunction getSyntheticTestPassRate(dataArray) {\n    let totalResults = 0;\n    let passedCount = 0;\n\n    for (const item of dataArray) {\n        const results = item?.result?.results || [];\n        totalResults += results.length;\n        passedCount += results.filter(r => r?.result?.passed === true).length;\n    }\n\n    return totalResults > 0 ? passedCount / totalResults : 0;\n}\n\n// Invocation\n$result = transformMetrics($GetDatadogMetrics.result, $operation);\n"},{"action":"comment","value":"call evaluate api by passing the metrics got from datadog"},{"action":"assign","name":"Assign_1","variable":"$status","value":"$result.data"},{"action":"./helper/LoadAssessments","name":"LoadAssessments","inputs":[{"name":"applicationName","value":"$applicationName"},{"name":"profileName","value":"$profileName"},{"name":"data","value":"$result.data"},{"name":"timestamp","value":"$endTime"},{"name":"origin_name","value":"$origin_name"},{"name":"origin_url","value":"$origin_url"},{"name":"applicationVersion","value":"$applicationVersion"},{"name":"origin","value":"$origin"}]},{"action":"comment","value":"When successful execution assessment id we get in ouput"},{"action":"assign","name":"FinalOutput","value":"{\n    \"response\": $LoadAssessments.result,\n    \"assessment_data\": $LoadAssessments.assessment_data\n}","variable":"$result"}],"else":[{"action":"assign","name":"metric_err","variable":"$result","value":"{\n    \"status\": \"Error\",\n    \"message\": \"There is no data for the given timestamp\"\n}"}]}],"else":[{"action":"assign","name":"errorCase","value":"{\n    \"status\": \"Error\",\n    \"message\": \"Error while fetching assesment time window\"\n}","variable":"$result"}]}],"variables":[{"name":"result","required":false,"isInput":false,"isOutput":true,"level":"INTERMEDIATE","type":{"type":"any"},"value":"\"\""},{"name":"origin","required":true,"isInput":true,"isOutput":false,"level":"INTERMEDIATE","type":{"type":"string"},"value":"\"APM\""},{"name":"origin_name","required":true,"isInput":true,"isOutput":false,"level":"INTERMEDIATE","type":{"type":"string"},"value":"\"Datadog\""},{"name":"origin_url","required":true,"isInput":true,"isOutput":false,"level":"INTERMEDIATE","type":{"type":"string"},"value":"\"\""},{"name":"applicationVersion","required":true,"isInput":true,"isOutput":false,"level":"INTERMEDIATE","type":{"type":"string"},"value":"\"\""},{"name":"applicationName","required":true,"isInput":true,"isOutput":false,"level":"INTERMEDIATE","type":{"type":"string"},"value":"\"\""},{"name":"profileName","required":true,"isInput":true,"isOutput":false,"level":"INTERMEDIATE","type":{"type":"string"},"value":"\"nfr_critical_apps_profile\""},{"name":"envName","required":true,"isInput":true,"isOutput":false,"level":"INTERMEDIATE","type":{"type":"string"},"value":"\"\""},{"name":"teamName","required":false,"isInput":true,"isOutput":false,"level":"INTERMEDIATE","type":{"type":"string"},"value":"\"\""},{"name":"defaultWindowSize","required":true,"isInput":true,"isOutput":false,"level":"INTERMEDIATE","type":{"type":"number"},"value":"30000"},{"name":"startTimestamp","required":false,"isInput":true,"isOutput":true,"level":"INTERMEDIATE","type":{"type":"string"},"value":"\"\""},{"name":"endTimestamp","required":false,"isInput":true,"isOutput":true,"level":"INTERMEDIATE","type":{"type":"string"},"value":"\"\""},{"name":"datadog_auth","required":true,"isInput":true,"isOutput":false,"level":"INTERMEDIATE","type":{"type":"string"},"value":"\"\"","meta":{"authType":"Datadog","subType":"authentication"}},{"name":"endTime","required":false,"isInput":false,"isOutput":true,"level":"INTERMEDIATE","type":{"type":"number"},"value":"0"},{"name":"operation","required":true,"isInput":true,"isOutput":false,"level":"INTERMEDIATE","type":{"type":"object"},"value":"{\n    \"num_throughput_transactions\": \"max\",\n    \"pct_availability_by_error_rate\": \"max\",\n    \"ms_slo_latency\": \"avg\",\n    \"pct_availability_by_synthetic_tests\": \"max\",\n    \"pct_sev1_incidents_by_change\": \"avg\",\n    \"pct_sev1_incidents_detected_by_monitoring\": \"avg\",\n    \"pct_sev2_incidents_by_change\": \"avg\",\n    \"pct_sev2_incidents_detected_by_monitoring\": \"avg\",\n    \"mins_mttr\": \"avg\",\n    \"mins_mttr_sev1\": \"avg\",\n    \"mins_mttr_sev1_by_change\": \"avg\",\n    \"mins_mttr_sev2\": \"avg\",\n    \"mins_mttr_sev2_by_change\": \"avg\"\n}"},{"name":"status","required":false,"isInput":false,"isOutput":true,"level":"INTERMEDIATE","type":{"type":"array"},"value":"[]"},{"name":"dataDogApiKey","required":true,"isInput":true,"isOutput":false,"level":"INTERMEDIATE","type":{"type":"string"},"value":"\"\""},{"name":"dataDogAppKey","required":true,"isInput":true,"isOutput":false,"level":"INTERMEDIATE","type":{"type":"string"},"value":"\"\""},{"name":"dataDogHost","required":true,"isInput":true,"isOutput":false,"level":"INTERMEDIATE","type":{"type":"string"},"value":"\"api.us5.datadoghq.com\""}],"meta":{"workerGroup":"default","created":1772005586224,"lastUpdated":1772005670750,"description":"This workflow retrieves performance metrics from Datadog over a specified time period, calculates availability and error rates, and sends the processed data to the Concert Resilience evaluation API. ","layout":"flow","updatedByUsername":"anton.cholakov","numberOfBlocks":20,"version":5,"tags":[{"name":"Consumer","value":"Concert"},{"name":"Concert version","value":"2.3.0"},{"name":"Category","value":"Resilience"}]},"finally":null}