{"name":"Get_Datadog_Metrics","platform":"node","hash":"1djJsRM4GkvSoIPlj5p4gbV+jxVDYBXSStTRs7izC+c=","blocks":[{"action":"system/Datadog/Software Catalog/Get a list of entities","name":"GetEntityList","inputs":[{"name":"authKey","value":"$datadogAuth"}],"skipped":true}, {"action":"system/Common/HTTP/HTTP Request","name":"getEntityList","inputs":[{"name":"method","value":"\"GET\""},{"name":"host","value":"$dataDogHost"},{"name":"protocol","value":"\"https\""},{"name":"port","value":"443"},{"name":"path","value":"\"/api/v2/apm/services\""},{"name":"query","value":"{\n    \"filter[env]\": \"dev\"\n}"},{"name":"headers","value":"{\n    \"DD-API-KEY\": $dataDogApiKey,\n    \"DD-APPLICATION-KEY\": $dataDogAppKey,\n    \"Content-Type\": \"application/json\"\n}"}]}, {"action":"assign","name":"Assign_2","variable":"$serviceList","value":"$getEntityList.result.data.attributes.services"}, {"action":"foreach-parallel","name":"ForEachService","list":"$serviceList","concurrency":"1","blocks":[{"name":"Split_2","action":"split","branches":[{"blocks":[{"action":"assign","name":"assignServiceName","variable":"$service","value":"$ForEachService.item"},{"name":"CalcMetricName","function":"function getMetricQuery(serviceIdentity) {\n    return {\n        data: {\n            \"error_rate_metric\": `avg:trace.http.request.errors${serviceIdentity}.as_count()`,\n            \"throughput_metric\": `sum:trace.http.request.hits${serviceIdentity}.as_count()`,\n            \"latency_metric\": `avg:trace.http.request${serviceIdentity}`\n        }\n    };\n};\n\nfunction getServiceIdentifier(envName, serviceName) {\n    return `{env:${envName},service:${serviceName}}`;\n}\n\nconst serviceIdentity = getServiceIdentifier($envName, $service);\n$metricQuery = getMetricQuery(serviceIdentity)"},{"name":"Split_1","action":"split","branches":[{"blocks":[{"action":"comment","value":"fetches the metrics for error_rate from datadog"},{"action":"system/Datadog/Metrics/Query Time Series Points","name":"getErrorRate","inputs":[{"name":"authKey","value":"$datadogAuth"},{"name":"from","value":"$startTimestamp"},{"name":"to","value":"$endTimestamp"},{"name":"query","value":"$metricQuery.data.error_rate_metric"}]},{"action":"assign","name":"errRateAllservice","variable":"$appErrRate","value":"$appErrRate.concat([{\n    \"result\": $getErrorRate.result\n}])"}]},{"blocks":[{"action":"comment","value":"fetches the throughput metric  from datadog"},{"action":"system/Datadog/Metrics/Query Time Series Points","name":"getThroughputMetric","inputs":[{"name":"authKey","value":"$datadogAuth"},{"name":"from","value":"$startTimestamp"},{"name":"to","value":"$endTimestamp"},{"name":"query","value":"$metricQuery.data.throughput_metric"}]},{"action":"assign","name":"throughputAllservices","variable":"$appThroughput","value":"$appThroughput.concat([{\n    \"result\": $getThroughputMetric.result\n}])"}]},{"blocks":[{"action":"comment","value":"fetches the latency metric  from datadog"},{"action":"system/Datadog/Metrics/Query Time Series Points","name":"getLatencyMetric","inputs":[{"name":"authKey","value":"$datadogAuth"},{"name":"from","value":"$startTimestamp"},{"name":"to","value":"$endTimestamp"},{"name":"query","value":"$metricQuery.data.latency_metric"}]},{"action":"assign","name":"latencyAllServices","variable":"$appLatency","value":"$appLatency.concat([{\n    \"result\": $getLatencyMetric.result\n}])"}]}]}]},{"blocks":[{"action":"system/Datadog/Synthetics/Get all tests","name":"getAllSyntheticTest","inputs":[{"name":"authKey","value":"$datadogAuth"}]},{"action":"foreach-parallel","name":"ForEachSyntheticTest","list":"$getAllSyntheticTest.result.tests","concurrency":"1","blocks":[{"action":"if","name":"If","condition":"$ForEachSyntheticTest.item.name === $ForEachService.item.name","then":[{"action":"system/Datadog/Synthetics/Get all test results","name":"get_synthetic_metric","inputs":[{"name":"authKey","value":"$datadogAuth"},{"name":"public_id","value":"$ForEachSyntheticTest.item.public_id"}]},{"action":"assign","name":"syntheticTestAllServices","variable":"$appSyntheticTest","value":"$appSyntheticTest.concat([{\n    \"result\": $get_synthetic_metric.result\n}])"}],"else":[]}]}]}]},{"action":"system/Common/Sleep","name":"waitBetweenRequests","inputs":[{"name":"seconds","value":"3"}]}]}, {"action":"system/Common/HTTP/HTTP Request","name":"getIncidents","inputs":[{"name":"method","value":"\"GET\""},{"name":"host","value":"$dataDogHost"},{"name":"protocol","value":"\"https\""},{"name":"port","value":"443"},{"name":"path","value":"\"/api/v2/incidents/search\""},{"name":"headers","value":"{\n    \"DD-API-KEY\": $dataDogApiKey,\n    \"DD-APPLICATION-KEY\": $dataDogAppKey,\n    \"Content-Type\": \"application/json\"\n}"},{"name":"body","value":"{\n    \"filter\": {\n        \"severity\": [\"SEV-1\", \"SEV-2\"]\n    }\n}"}]}, {"action":"assign","name":"Assign_1","variable":"$incidentList","value":"$getIncidents.result.data.attributes.incidents"}, {"name":"Split_3","action":"split","branches":[{"blocks":[{"action":"comment","value":"Severity Metrics"},{"action":"foreach-parallel","name":"ForEachParallelSeverity","list":"$incidentList","concurrency":"1","blocks":[{"name":"Function_1","function":"\n// Current incident\nconst incident = $ForEachParallelSeverity.item;\nconst severity = incident.data.attributes.severity;\nconst rootCause = incident.data.attributes.fields?.root_cause?.value;\nconst detectionMethod = incident.data.attributes.fields?.detection_method?.value;\n\n// Total incidents\n$incidentCounters.totalIncidents += 1;\n\n// Severity counters\nif (severity === \"SEV-1\") {\n  $incidentCounters.sev1Count += 1;\n}\nif (severity === \"SEV-2\") {\n  $incidentCounters.sev2Count += 1;\n}\n\n// Root cause = change/deployment\nif (rootCause === \"change/deployment\") {\n  if (severity === \"SEV-1\") {\n    $incidentCounters.sev1ByChange += 1;\n  }\n  if (severity === \"SEV-2\") {\n    $incidentCounters.sev2ByChange += 1;\n  }\n}\n\n// Detection method = monitor\nif (detectionMethod === \"monitor\") {\n  if (severity === \"SEV-1\") {\n    $incidentCounters.sev1ByMonitoring += 1;\n  }\n  if (severity === \"SEV-2\") {\n    $incidentCounters.sev2ByMonitoring += 1;\n  }\n}\n"}]}]},{"blocks":[{"action":"comment","value":"MTTR Metrics"},{"action":"foreach-parallel","name":"ForEachParallelMTTR","list":"$incidentList","concurrency":"1","blocks":[{"name":"Function_2","function":"// Read counters\nlet c = $incidentCounters;\n\n// Read incident attributes\nlet sev = $ForEachParallelMTTR.item.data.attributes.severity;\nlet rootCause = $ForEachParallelMTTR.item.data.attributes.fields?.root_cause?.value;\nlet mttr = $ForEachParallelMTTR.item.data.attributes.time_to_resolve;\n\n// Only count resolved incidents with MTTR\nif (mttr && mttr > 0) {\n  // overall MTTR\n  c.mttrTotal += mttr;\n\n  if (sev === \"SEV-1\") {\n    c.mttrSev1Total += mttr;\n\n    if (rootCause === \"change/deployment\") {\n      c.mttrSev1ByChangeTotal += mttr;\n    }\n  }\n\n  if (sev === \"SEV-2\") {\n    c.mttrSev2Total += mttr;\n\n    if (rootCause === \"change/deployment\") {\n      c.mttrSev2ByChangeTotal += mttr;\n    }\n  }\n}\n\n// write back\n$incidentCounters = c;\n"}]}]}]}, {"name":"Function_3","function":"// Read counters\nconst c = $incidentCounters || {};\n\n// Safe helpers\nconst safeDiv = (num, den) => (den && den > 0 ? num / den : 0);\nconst toMinutesAvg = (totalSeconds, count) =>\n  safeDiv(totalSeconds, count) / 60;\n\n// Final metrics calculation (ALIGNED TO DEFINITIONS)\nconst incidentMetricsList = {\n  // Percentages\n  pct_sev1_incidents_by_change:\n    safeDiv(c.sev1ByChange, c.sev1Count) * 100,\n\n  pct_sev1_incidents_detected_by_monitoring:\n    safeDiv(c.sev1ByMonitoring, c.sev1Count) * 100,\n\n  pct_sev2_incidents_by_change:\n    safeDiv(c.sev2ByChange, c.sev2Count) * 100,\n\n  pct_sev2_incidents_detected_by_monitoring:\n    safeDiv(c.sev2ByMonitoring, c.sev2Count) * 100,\n\n  // MTTR — AVERAGES (minutes)\n  mins_mttr:\n    toMinutesAvg(c.mttrTotal, c.totalIncidents).toFixed(2),\n\n  mins_mttr_sev1:\n    toMinutesAvg(c.mttrSev1Total, c.sev1Count).toFixed(2),\n\n  mins_mttr_sev1_by_change:\n    toMinutesAvg(c.mttrSev1ByChangeTotal, c.sev1ByChange).toFixed(2),\n\n  mins_mttr_sev2:\n    toMinutesAvg(c.mttrSev2Total, c.sev2Count).toFixed(2),\n\n  mins_mttr_sev2_by_change:\n    toMinutesAvg(c.mttrSev2ByChangeTotal, c.sev2ByChange).toFixed(2)\n};\n\n$incidentMetrics = incidentMetricsList;\n"}, {"action":"assign","name":"output","variable":"$result","value":"{\n    \"error_rate\": $appErrRate,\n    \"throughput\": $appThroughput,\n    \"latency\": $appLatency,\n    \"synthetic_test\": $appSyntheticTest,\n    \"pct_sev1_incidents_by_change\": $incidentMetrics.pct_sev1_incidents_by_change,\n    \"pct_sev1_incidents_detected_by_monitoring\": $incidentMetrics.pct_sev1_incidents_detected_by_monitoring,\n    \"pct_sev2_incidents_by_change\": $incidentMetrics.pct_sev2_incidents_by_change,\n    \"pct_sev2_incidents_detected_by_monitoring\": $incidentMetrics.pct_sev2_incidents_detected_by_monitoring,\n    \"mins_mttr\": $incidentMetrics.mins_mttr,\n    \"mins_mttr_sev1\": $incidentMetrics.mins_mttr_sev1,\n    \"mins_mttr_sev1_by_change\": $incidentMetrics.mins_mttr_sev1_by_change,\n    \"mins_mttr_sev2\": $incidentMetrics.mins_mttr_sev2,\n    \"mins_mttr_sev2_by_change\": $incidentMetrics.mins_mttr_sev2_by_change\n}"}],"variables":[{"name":"result","required":false,"isInput":false,"isOutput":true,"level":"INTERMEDIATE","type":{"type":"any"},"value":"\"\""},{"name":"envName","required":true,"isInput":true,"isOutput":false,"level":"INTERMEDIATE","type":{"type":"string"},"value":"\"\""},{"name":"service","required":false,"isInput":false,"isOutput":true,"level":"INTERMEDIATE","type":{"type":"string"},"value":"\"\""},{"name":"metricQuery","required":false,"isInput":false,"isOutput":false,"level":"INTERMEDIATE","type":{"type":"any"},"value":"\"\""},{"name":"startTimestamp","required":true,"isInput":true,"isOutput":false,"level":"INTERMEDIATE","type":{"type":"string"},"value":"\"\""},{"name":"endTimestamp","required":true,"isInput":true,"isOutput":false,"level":"INTERMEDIATE","type":{"type":"string"},"value":"\"\""},{"name":"datadogAuth","required":true,"isInput":true,"isOutput":false,"level":"INTERMEDIATE","type":{"type":"string"},"value":"\"\"","meta":{"authType":"Datadog","subType":"authentication"}},{"name":"appErrRate","required":false,"isInput":false,"isOutput":false,"level":"INTERMEDIATE","type":{"type":"array"},"value":"[]"},{"name":"appThroughput","required":false,"isInput":false,"isOutput":false,"level":"INTERMEDIATE","type":{"type":"array"},"value":"[]"},{"name":"appLatency","required":false,"isInput":false,"isOutput":false,"level":"INTERMEDIATE","type":{"type":"array"},"value":"[]"},{"name":"appSyntheticTest","required":false,"isInput":false,"isOutput":false,"level":"INTERMEDIATE","type":{"type":"array"},"value":"[]"},{"name":"teamName","required":true,"isInput":true,"isOutput":false,"level":"INTERMEDIATE","type":{"type":"string"},"value":"\"\""},{"name":"incidentList","required":false,"isInput":false,"isOutput":false,"level":"INTERMEDIATE","type":{"type":"array"},"value":"[]"},{"name":"serviceList","required":false,"isInput":false,"isOutput":false,"level":"INTERMEDIATE","type":{"type":"array"},"value":"[]"},{"name":"incidentCounters","required":false,"isInput":false,"isOutput":true,"level":"INTERMEDIATE","type":{"type":"object"},"value":"{\n    \"totalIncidents\": 0,\n    \"sev1Count\": 0,\n    \"sev2Count\": 0,\n    \"sev1ByChange\": 0,\n    \"sev2ByChange\": 0,\n    \"sev1ByMonitoring\": 0,\n    \"sev2ByMonitoring\": 0,\n    \"mttrTotal\": 0,\n    \"mttrSev1Total\": 0,\n    \"mttrSev2Total\": 0,\n    \"mttrSev1ByChangeTotal\": 0,\n    \"mttrSev2ByChangeTotal\": 0\n}"},{"name":"incidentMetrics","required":false,"isInput":false,"isOutput":true,"level":"INTERMEDIATE","type":{"type":"object"},"value":"{\n    \"pct_sev1_incidents_by_change\": 0,\n    \"pct_sev1_incidents_detected_by_monitoring\": 0,\n    \"pct_sev2_incidents_by_change\": 0,\n    \"pct_sev2_incidents_detected_by_monitoring\": 0,\n    \"mins_mttr\": 0,\n    \"mins_mttr_sev1\": 0,\n    \"mins_mttr_sev1_by_change\": 0,\n    \"mins_mttr_sev2\": 0,\n    \"mins_mttr_sev2_by_change\": 0\n}"},{"name":"dataDogApiKey","required":true,"isInput":true,"isOutput":false,"level":"INTERMEDIATE","type":{"type":"string"},"value":"\"\""},{"name":"dataDogAppKey","required":true,"isInput":true,"isOutput":false,"level":"INTERMEDIATE","type":{"type":"string"},"value":"\"\""},{"name":"dataDogHost","required":true,"isInput":true,"isOutput":false,"level":"INTERMEDIATE","type":{"type":"string"},"value":"\"\""}],"meta":{"workerGroup":"default","created":1772005586233,"lastUpdated":1772005670875,"description":"This workflow retrieves performance metrics from Datadog over a specified time period, calculates availability and error rates, and sends to the main flow","layout":"flow","updatedByUsername":"anton.cholakov","numberOfBlocks":41,"version":5,"tags":[{"name":"Consumer","value":"Concert"},{"name":"Concert version","value":"2.3.0"},{"name":"Category","value":"Resilience"}]},"finally":null}