{"name":"List of AWS Secrets Manager certificates using AWS","platform":"node","hash":"ASVaw8NLJOipuh0njvw7ftFNYXosJdyXQC6YKuvGj7w=","blocks":[{"action":"comment","value":"// Retrieve the list of all secrets stored in AWS Secrets Manager.\n"}, {"action":"system/AWS/secretsmanager/List Secrets","name":"listSecrets","inputs":[{"name":"authKey","value":"$auth"},{"name":"region","value":"$region"},{"name":"body","value":"{\n    \"MaxResults\": 100\n}"}]}, {"action":"foreach","name":"foreachSecrets","list":"$listSecrets.result.SecretList","blocks":[{"action":"comment","value":"// Fetch the value of the current secret from AWS Secrets Manager.\n"},{"action":"system/AWS/secretsmanager/Get Secret Value","name":"getSecret","inputs":[{"name":"authKey","value":"$auth"},{"name":"region","value":"$region"},{"name":"body","value":"{\n    \"SecretId\": $foreachSecrets.item.ARN\n}"}]},{"name":"checkNormalize","function":"const contents = $getSecret.result.SecretString;\n\nif (contents.includes(\"-----BEGIN CERTIFICATE-----\")) {\n    const dataObject = {\n        \"service\": \"aws_sm\",\n        \"key\": $getSecret.result.ARN,\n        \"certificates\": []\n    };\n\n    // Extract only valid cert blocks, without trimming\n    const certs = contents.match(/-----BEGIN CERTIFICATE-----[\\s\\S]*?-----END CERTIFICATE-----/g) || [];\n\n    certs.forEach(cert => {\n        dataObject.certificates.push(cert); // push as-is, no trim\n    });\n\n    $result.push(dataObject);\n}\n"}]}],"variables":[{"name":"auth","required":true,"isInput":true,"isOutput":false,"level":"INTERMEDIATE","type":{"type":"string"},"value":"\"\"","meta":{"authType":"AWS","subType":"authentication"}},{"name":"region","required":true,"isInput":true,"isOutput":false,"level":"INTERMEDIATE","type":{"type":"string"},"value":"\"\""},{"name":"result","required":false,"isInput":false,"isOutput":true,"level":"INTERMEDIATE","type":{"type":"array"},"value":"[]"}],"meta":{"workerGroup":"default","created":1771275846474,"lastUpdated":1771275934341,"description":"Discover certificates stored in AWS Secrets Manager.","layout":"flow","updatedByUsername":"admin","numberOfBlocks":6,"version":5,"tags":[{"name":"Consumer","value":"Concert"},{"name":"Concert version","value":"2.3.0"},{"name":"Category","value":"Certificates"}]},"finally":null}