{"name":"LoadAssessments","platform":"node","hash":"Ky0ycoHY5i/vCFijcq4H8ozTmK5AM83nfZ9dnh8c2JI=","blocks":[{"action":"comment","value":"Prepare the data for Resilience evaluate API"}, {"action":"assign","name":"PrepareData","variable":"$assessment_data","value":"  {\n    \"timestamp\": new Date($timestamp).toISOString(),\n    \"version\": $applicationVersion,\n    \"profile\": $profileName,\n    \"target_type\": \"app\",\n    \"target\": $applicationName,\n    \"origin\" : $origin,\n    \"custom_metadata\": {\n      \"origin_name\": $origin_name,\n      \"origin_url\" : $origin_url\n    },\n    \"data\": $data\n}"}, {"action":"comment","value":"Generate assessments for Resilience"}, {"action":"system/IBM/Concert/Concert HTTP Request","name":"IBM_http","inputs":[{"name":"authKey","value":"$IBMAPIKey"},{"name":"method","value":"\"POST\""},{"name":"path","value":"$apiPath"},{"name":"body","value":"$assessment_data"}]}, {"action":"assign","name":"Assign_1","variable":"$result","value":"$IBM_http.result"}],"variables":[{"name":"result","required":false,"isInput":false,"isOutput":true,"level":"INTERMEDIATE","type":{"type":"any"},"value":"\"\""},{"name":"applicationName","required":true,"isInput":true,"isOutput":false,"level":"INTERMEDIATE","type":{"type":"string"},"value":"\"\""},{"name":"profileName","required":true,"isInput":true,"isOutput":false,"level":"INTERMEDIATE","type":{"type":"string"},"value":"\"\""},{"name":"data","required":true,"isInput":true,"isOutput":false,"level":"INTERMEDIATE","type":{"type":"object"},"value":"{}"},{"name":"timestamp","required":true,"isInput":true,"isOutput":false,"level":"INTERMEDIATE","type":{"type":"number"},"value":"0"},{"name":"origin_name","required":true,"isInput":true,"isOutput":false,"level":"INTERMEDIATE","type":{"type":"string"},"value":"\"\""},{"name":"origin_url","required":true,"isInput":true,"isOutput":false,"level":"INTERMEDIATE","type":{"type":"string"},"value":"\"\""},{"name":"applicationVersion","required":true,"isInput":true,"isOutput":false,"level":"INTERMEDIATE","type":{"type":"string"},"value":"\"\""},{"name":"origin","required":true,"isInput":true,"isOutput":false,"level":"INTERMEDIATE","type":{"type":"string"},"value":"\"\""},{"name":"assessment_data","required":false,"isInput":false,"isOutput":true,"level":"INTERMEDIATE","type":{"type":"object"},"value":"{}"},{"name":"IBMAPIKey","required":true,"isInput":true,"isOutput":false,"level":"INTERMEDIATE","type":{"type":"string"},"value":"\"\"","meta":{"authType":["IBM/ConcertAPIKey","IBM/HubSelf"],"subType":"authentication"}},{"name":"apiPath","required":false,"isInput":false,"isOutput":false,"level":"INTERMEDIATE","type":{"type":"string"},"value":"\"/resilience/assessment/api/v1/evaluate\""}],"meta":{"workerGroup":"default","created":1765203004001,"lastUpdated":1765203004001,"description":"This workflow is used to generate Assessments for Resilience","layout":"flat","updatedByUsername":"ibmconcert","numberOfBlocks":5,"version":5},"finally":null}