{"name":"SSM integration","platform":"node","hash":"qrWe+hUFM3zdk7+7Y1lpfaGxPebKYlDziQAiUeMPw/s=","blocks":[{"action":"system/AWS/ssm/Send Command","name":"AWS_1","inputs":[{"name":"authKey","value":"\"ibmconcert/aws_auth_hr\""},{"name":"region","value":"\"us-east-2\""},{"name":"body","value":"{\n    \"Comment\": \"ssm test\",\n    \"InstanceIds\": $InstanceID,\n    \"DocumentName\": \"AWS-RunShellScript\",\n\n    \"Parameters\": {\n        \"commands\": $commands\n    }\n}"}]}, {"action":"system/Common/Sleep","name":"Sleep_1","inputs":[{"name":"seconds","value":"10"}]}, {"action":"system/AWS/ssm/List Command Invocations","name":"AWS_2","inputs":[{"name":"authKey","value":"\"ibmconcert/aws_auth_hr\""},{"name":"region","value":"\"us-east-2\""},{"name":"body","value":"{\n    \"CommandId\": $AWS_1.result.Command.CommandId\n}"}]}, {"action":"assign","name":"Assign_1","variable":"$result","value":"$AWS_2.result"}],"variables":[{"name":"result","required":false,"isInput":false,"isOutput":true,"level":"INTERMEDIATE","type":{"type":"any"},"value":"\"\""},{"name":"commands","required":false,"isInput":true,"isOutput":false,"level":"INTERMEDIATE","type":{"type":"array"},"value":"[]"},{"name":"InstanceID","required":false,"isInput":true,"isOutput":false,"level":"INTERMEDIATE","type":{"type":"array"},"value":"[]"}],"meta":{"workerGroup":"default","created":1765521838140,"lastUpdated":1765522182497,"layout":"flow","updatedByUsername":"ibmconcert","numberOfBlocks":4,"version":5},"finally":null}