{"name":"Source_Code_Discovery_Workflow","platform":"node","hash":"qkzt4zcm8kPaDkvnP9Xce1zH9bl25OkVjo+1VIf7Bk8=","blocks":[{"action":"if","name":"RepoValidationCheck","condition":"$githubRepositories != \"\"","then":[{"action":"system/Common/Config Data/Get Config Data","name":"GetGithubCredentials","inputs":[{"name":"authKey","value":"$githubCredentialsConfigAuth"}]}],"else":[{"action":"assign","name":"ErrRepoNotFound","variable":"$result","value":"{\n    \"error\": \"repository details not provided\"\n}"},{"action":"exit"}]}, {"name":"Function_2","function":"function createCredentialValidateBody(credentialConfigData, baseURL) {\n    return {\n        \"type\": \"github\",\n\n        \"credentials\": [{\n            \"key\": \"base_url\",\n            \"value\": baseURL\n        }, {\n            \"key\": \"access_token\",\n            \"value\": credentialConfigData.access_token\n        }]\n    };\n};\n\nfunction generateGHValidationURL(inputURL) {\n    inputURL = inputURL.replace(/^https?:\\/\\//, \"\");\n    const host = inputURL.split(\"/\")[0].toLowerCase();\n\n    if (host == \"github.com\") {\n        return \"https://api.github.com/\";\n    }\n\n    return `https://${host}/api/v3/`;\n}\n\n$githubValidationURL = generateGHValidationURL($GetGithubCredentials.result.base_url);\n$result = createCredentialValidateBody($GetGithubCredentials.result, $githubValidationURL)"}, {"action":"system/IBM/Concert v2/Connections/Validate Credentials","name":"ValidateGithubCredentials","inputs":[{"name":"Body","value":"$result"}]}, {"action":"if","name":"CredentialValidationCheck","condition":"$ValidateGithubCredentials.result.message_code == \"Success\" && $ValidateGithubCredentials.result.message == \"Credentials Validated\"","then":[{"name":"Function_1","function":"function createCredentialBody(credentialBody, baseURL) {\n    return {\n        \"name\": generateRandomCredentialName(),\n        \"description\": \"GitHub connection created via Developer onboarding\",\n        \"type\": \"github\",\n\n        \"credentials\": [{\n            \"key\": \"base_url\",\n            \"value\": baseURL\n        }, {\n            \"key\": \"access_token\",\n            \"value\": credentialBody.access_token\n        }]\n    };\n};\n\nfunction generateRandomCredentialName() {\n    const randomNumber = Math.floor(100000000000 + Math.random() * 900000000000);\n    return `github-${randomNumber}`;\n}\n\n$result = createCredentialBody($GetGithubCredentials.result, $githubValidationURL)"},{"action":"system/IBM/Concert v2/Connections/Create a Connection","name":"CreateGithubCredentials","inputs":[{"name":"Body","value":"$result"}]}],"else":[{"action":"assign","name":"ErrCredentialValidation","variable":"$result","value":"{\n    \"error\": \"credential validation failed\"\n}"},{"action":"exit"}]}, {"action":"if","name":"CreateCredentialCheck","condition":"$CreateGithubCredentials.result.id != \"\"","then":[{"name":"Function_3","function":"function createDiscoveryJobBody(credential, ingestionParams) {\n    return {\n        \"type\": \"github\",\n        \"discovery_job_name\": generateRandomDiscoveryJobName(),\n        \"discovery_type\": \"source_control_discovery_job\",\n        \"ingestion_details\": ingestionParams,\n        \"credentials_id\": credential.id\n    };\n};\n\nfunction generateRandomDiscoveryJobName() {\n    const randomNumber = Math.floor(100000000000 + Math.random() * 900000000000);\n    return `discovery-git-${randomNumber}`;\n}\n\nfunction fetchOrgNameFromURL(url) {\n    url = url.replace(/^https?:\\/\\//, \"\");\n    const parts = url.split(\"/\");\n    return parts[1];\n}\n\nconst githubBaseUrl = $GetGithubCredentials.result.base_url;\nconst githubOrgName = fetchOrgNameFromURL(githubBaseUrl);\n\nfunction createJobParams(repositories, githubOrgName, applicationVersion, applicationName) {\n    return {\n        \"parameters\": [{\n            \"key\": \"org\",\n            \"value\": githubOrgName\n        }, {\n            \"key\": \"repository\",\n            \"value\": repositories\n        }, {\n            \"key\": \"application_name\",\n            \"value\": applicationName || githubOrgName\n        }, {\n            \"key\": \"application_version\",\n            \"value\": applicationVersion.trim() || \"1.0.0\"\n        }]\n    };\n}\n\nconst githubJobParam = createJobParams($githubRepositories, githubOrgName, $applicationVersion, $applicationName);\n$result = createDiscoveryJobBody($CreateGithubCredentials.result, githubJobParam)"},{"action":"system/IBM/Concert v2/Concert HTTP Request","name":"CreateDiscoveryJob","inputs":[{"name":"method","value":"\"POST\""},{"name":"path","value":"\"/core/api/v1/k8_components\""},{"name":"body","value":"$result"}]},{"action":"if","name":"CreateDiscoveryJobCheck","condition":"$CreateDiscoveryJob.result.discovery_job_id != \"\"","then":[{"name":"Function_4","function":"function createDiscoveryJobSubmitBody(discoveryJobId) {\n    return {\n        \"job_details\": {\n            \"job_id\": discoveryJobId,\n            \"job_type\": \"source_control_discovery_job\"\n        }\n    };\n};\n\n$result = createDiscoveryJobSubmitBody($CreateDiscoveryJob.result.discovery_job_id)"}],"else":[{"action":"assign","name":"ErrCreateDiscoveryJob","variable":"$result","value":"{\n    \"error\": \"error creating discovery job\"\n}"},{"action":"exit"}]},{"action":"system/IBM/Concert v2/Jobs/Trigger the Job Framework","name":"TriggerDiscoveryJob","inputs":[{"name":"Body","value":"$result"}]},{"action":"if","name":"TriggerDiscoveryJobCheck","condition":"$TriggerDiscoveryJob.result.message == \"Job submitted succesfully\"","then":[{"action":"assign","name":"AssignTriggerDiscoveryJob","variable":"$result","value":"$TriggerDiscoveryJob.result"}],"else":[{"action":"assign","name":"ErrTriggerDiscoveryJob","variable":"$result","value":"{\n    \"error\": \"error triggering discovery job\"\n}"}]}],"else":[{"action":"assign","name":"ErrCreateCredential","variable":"$result","value":"{\n    \"error\": \"failed to create credentials\"\n}"},{"action":"exit"}]}],"variables":[{"name":"result","required":false,"isInput":false,"isOutput":true,"level":"INTERMEDIATE","type":{"type":"object"},"value":"{}"},{"name":"githubCredentialsConfigAuth","required":true,"isInput":true,"isOutput":false,"level":"INTERMEDIATE","type":{"type":"string"},"value":"\"\"","meta":{"authType":"Common/ConfigData","subType":"authentication"}},{"name":"githubRepositories","required":true,"isInput":true,"isOutput":false,"level":"INTERMEDIATE","type":{"type":"string"},"value":"\"\""},{"name":"applicationName","required":false,"isInput":true,"isOutput":false,"level":"INTERMEDIATE","type":{"type":"string"},"value":"\"\""},{"name":"applicationVersion","required":true,"isInput":true,"isOutput":false,"level":"INTERMEDIATE","type":{"type":"string"},"value":"\"\""},{"name":"githubValidationURL","required":false,"isInput":false,"isOutput":false,"level":"INTERMEDIATE","type":{"type":"string"},"value":"\"\""}],"meta":{"workerGroup":"default","created":1771273528902,"lastUpdated":1771273617248,"description":"This workflow creates and triggers source control discovery job","layout":"flow","updatedByUsername":"admin","numberOfBlocks":24,"version":5,"tags":[{"name":"Consumer","value":"Concert"},{"name":"Concert version","value":"2.3.0"},{"name":"Category","value":"Discovery Jobs"}]},"finally":null}