{"name":"Renewal Of Certificate","platform":"node","hash":"5ZMW9bLGA5najzL21awRp2FxKuFhxPS8M/oAdJw4wfs=","blocks":[{"action":"foreach","name":"foreachCertificates","list":"$certificates","blocks":[{"action":"system/Common/Status Message Update","name":"certificateCount","inputs":[{"name":"message","value":"\"Trying to renew certificate \"+$foreachCertificates.index+\" out of \"+$foreachCertificates.count+\"...\""}]},{"action":"assign","name":"tempCertificateResultVar","variable":"$tempCertificateResult","value":"{\n    \"id\": $foreachCertificates.item.id,\n    \"serial\": $foreachCertificates.item.serial_number,\n    \"status\": false,\n    \"reason\": null\n}"},{"action":"comment","value":"Check if the certs are eligible for rotation"},{"action":"if","name":"checkIsRNADiscovered","condition":"$foreachCertificates.item.metadata?.rna","then":[{"action":"comment","value":"Perform certificate rotation"},{"action":"try","name":"catch_block","try":[{"name":"createRenewCertificateCmd","function":"const thumbPrint = $foreachCertificates.item.metadata.thumb_print;\nconst isCa = $foreachCertificates.item.metadata.isca;\nconst store = $foreachCertificates.item.metadata.store;\nif (!isCa) {\n    $commandStr = `$oldCert = Get-ChildItem -Path 'Cert:\\\\\\\\LocalMachine\\\\\\\\${store}' | Where-Object { \\$_.Thumbprint -eq \\$thumbPrint }; if (-not \\$oldCert) { Write-Output 'Old certificate not found.'; exit 1 } elseif (\\$oldCert.Subject) { \\$newCert = New-SelfSignedCertificate -Subject \\$oldCert.Subject -CertStoreLocation 'Cert:\\\\\\\\LocalMachine\\\\\\\\My' -NotAfter (Get-Date).AddYears(1) -KeyExportPolicy Exportable } else { \\$newCert = New-SelfSignedCertificate -CloneCert \\$oldCert -NotAfter (Get-Date).AddYears(1) -KeyExportPolicy Exportable }; if (\\$newCert -and \\$newCert.Thumbprint -and (\\$newCert.Thumbprint -ne \\$oldCert.Thumbprint)) { Write-Output 'New certificate created with thumbprint: \"' + \\$newCert.Thumbprint + '\".'; if (\\$oldCert.PSPath -notlike '*\\\\\\\\My\\\\\\\\*') { \\$destinationStore = \\$oldCert.PSParentPath.Split('::')[1]; Move-Item -Path \\$newCert.PSPath -Destination \\$destinationStore -Force; Write-Output 'New certificate moved to ' + \\$destinationStore + '.';} Remove-Item -Path ('Cert:\\\\\\\\LocalMachine\\\\\\\\My\\\\\\\\' + \\$oldCert.Thumbprint) -Confirm:\\$false; Remove-Item -Path ('Cert:\\\\\\\\LocalMachine\\\\\\\\CA\\\\\\\\' + \\$oldCert.Thumbprint) -Confirm:\\$false; Remove-Item -Path ('Cert:\\\\\\\\LocalMachine\\\\\\\\${store}\\\\\\\\' + \\$oldCert.Thumbprint) -Confirm:\\$false; Write-Output 'Old certificate deleted.'; Write-Output 'Renewal Process Completed.' } else { Write-Output 'New certificate creation failed or the new certificate is the same as the old one. No deletion performed.' }`;\n}\nelse {\n    $commandStr = ``;\n}\n$command = `powershell.exe -NoProfile -NonInteractive -Command \"$thumbPrint='${thumbPrint}';${$commandStr}\"`;\n\n$tempCertificateResult = {\n    \"id\": $foreachCertificates.item.id,\n    \"serial\": $foreachCertificates.item.serial_number,\n    \"status\": false,\n    \"reason\": null\n};\n\n"},{"action":"system/Common/SSH/SSH","name":"sshAndExecuteRenewCommand","inputs":[{"name":"authKey","value":"$service_auth"},{"name":"command","value":"`${$command}`"},{"name":"connectionPool","value":"true"}]},{"action":"assign","name":"storingError","variable":"$tempResult","value":"\"ssh with errror:\"+$sshAndExecuteRenewCommand.error"},{"action":"if","name":"sshFailedCase","condition":"(!$sshAndExecuteRenewCommand.success)","then":[{"action":"assign","name":"errorReason","variable":"$tempCertificateResult.reason","value":"$sshAndExecuteRenewCommand.error.replace(/\\r\\n\\+\\r\\n/g, \"\").replace(/\\r\\n/g, \" \")"},{"action":"system/Common/Array/Array Push","name":"failureCasePushTorotated_certs","inputs":[{"name":"array","value":"$result.rotated_certs"},{"name":"item","value":"$tempCertificateResult"}]}],"else":[{"action":"if","name":"renewalFailedCheck","condition":"($sshAndExecuteRenewCommand.result.includes(\"New certificate creation failed \")) || ($sshAndExecuteRenewCommand.result.includes(\"Old certificate not found\"))","then":[{"action":"comment","value":"Handle certificates that failed to renew"},{"action":"assign","name":"NotFoundErrorReason","variable":"$tempCertificateResult.reason","value":"\"Certificate Not found.\""},{"action":"assign","name":"renewalSuccessCheck_1_1","variable":"$tempCertificateResult.status","value":"false"},{"action":"system/Common/Array/Array Push","name":"failurePushTorotated_certs_1","inputs":[{"name":"array","value":"$result.rotated_certs"},{"name":"item","value":"$tempCertificateResult"}]}],"else":[{"action":"if","name":"If_1","condition":"($sshAndExecuteRenewCommand.result==\"\")","then":[{"action":"assign","name":"successCase_1","variable":"$tempCertificateResult.status","value":"false"}],"else":[{"action":"assign","name":"successCase","variable":"$tempCertificateResult.status","value":"true"},{"action":"assign","name":"successUpdateReson","variable":"$tempCertificateResult.reason","value":"$sshAndExecuteRenewCommand.result.replace(/\\r\\n\\+\\r\\n/g, \"\").replace(/\\r\\n/g, \" \")"},{"action":"comment","value":"Updated rotated certs"},{"action":"system/Common/Array/Array Push","name":"successPushTorotated_certs","inputs":[{"name":"array","value":"$result.rotated_certs"},{"name":"item","value":"$tempCertificateResult"}]}]}]}]}],"catch":[{"action":"comment","value":"Handle failed cases"},{"action":"assign","name":"exceptionDuringRenewal","variable":"$tempCertificateResult.reason","value":"\"The renewing procedure raised an exception with reason:\"+$catch_block.message "},{"action":"system/Common/Array/Array Push","name":"exceptionPushTorotated_certs","inputs":[{"name":"array","value":"$result.rotated_certs"},{"name":"item","value":"$tempCertificateResult"}]}]}],"else":[{"action":"comment","value":"If not managed by RNA"},{"action":"assign","name":"NotManagedByRNA","variable":"$tempCertificateResult.reason","value":"`The certificate is not managed by Concert Workflows`"},{"action":"system/Common/Array/Array Push","name":"notRNAPushTorotated_cert","inputs":[{"name":"array","value":"$result.rotated_certs"},{"name":"item","value":"$tempCertificateResult"}]}]}]}],"variables":[{"name":"certificates","required":false,"isInput":true,"isOutput":false,"level":"INTERMEDIATE","type":{"type":"array"},"value":"[]","meta":{"description":"List of certificates to be renewed - the renewed certificates are kept here."}},{"name":"tempCertificateResult","required":false,"isInput":false,"isOutput":false,"level":"INTERMEDIATE","type":{"type":"object"},"value":"{}"},{"name":"result","required":false,"isInput":false,"isOutput":true,"level":"INTERMEDIATE","type":{"type":"object"},"value":"{rotated_certs: []}","meta":{"description":"Final result of the renewal procedure"}},{"name":"renewCommand","required":false,"isInput":false,"isOutput":false,"level":"INTERMEDIATE","type":{"type":"string"},"value":"\"\""},{"name":"thumbPrint","required":false,"isInput":false,"isOutput":false,"level":"INTERMEDIATE","type":{"type":"string"},"value":"\"\""},{"name":"tempResult","required":false,"isInput":false,"isOutput":false,"level":"INTERMEDIATE","type":{"type":"object"},"value":"{}"},{"name":"service_auth","required":true,"isInput":true,"isOutput":false,"level":"INTERMEDIATE","type":{"type":"string"},"value":"\"\"","meta":{"authType":"Common/SSH","subType":"authentication"}},{"name":"renewal_cmd","required":false,"isInput":false,"isOutput":false,"level":"INTERMEDIATE","type":{"type":"string"},"value":"\"\""},{"name":"command","required":false,"isInput":false,"isOutput":false,"level":"INTERMEDIATE","type":{"type":"string"},"value":"\"\""},{"name":"store","required":false,"isInput":false,"isOutput":false,"level":"INTERMEDIATE","type":{"type":"string"},"value":"\"\""},{"name":"commandStr","required":false,"isInput":false,"isOutput":false,"level":"INTERMEDIATE","type":{"type":"string"},"value":"\"\""}],"meta":{"workerGroup":"default","created":1771277650229,"lastUpdated":1771277689662,"description":"This flow take  service_auth of ssh connection and certificate's data.\nIt will find the certificate  by using its thumbprint and generate new certificate with the data available.\nIt will remove the expired certificate after generating the CA certificate","layout":"flow","updatedByUsername":"admin","numberOfBlocks":30,"version":5,"tags":[{"name":"Consumer","value":"Concert"},{"name":"Concert version","value":"2.3.0"},{"name":"Category","value":"Certificates"}]},"finally":null}