{"name":"GitLab_Fetch_Repositories_From_Group","platform":"node","hash":"YWT0J4A35MlYDbkz6eg/KyFRIp83H3ujBHyB7rQcSF4=","blocks":[{"action":"comment","value":"Fetch Gitlab Group ID by the Group Name"}, {"action":"system/GitLab/v17.10/Groups/Get a Groups List","name":"GetGitlabGroupId","inputs":[{"name":"authKey","value":"$gitlabAuth"},{"name":"search","value":"$groupName"}]}, {"action":"if","name":"GitlabGroupIdCheck","condition":"$GetGitlabGroupId.result.length > 0","then":[{"action":"foreach","name":"LoopGitlabGroupIdResult","list":"$GetGitlabGroupId.result","blocks":[{"action":"system/Common/Array/Array Push","name":"PushGroupId","inputs":[{"name":"array","value":"$groupIdList"},{"name":"item","value":"$LoopGitlabGroupIdResult.item.id"}]}]},{"action":"comment","value":"Loop all group IDs"},{"action":"foreach","name":"LoopAllGroupIds","list":"$groupIdList","blocks":[{"action":"while","name":"LoopProjectsPage","condition":"$totalPages >= $currentPage","blocks":[{"action":"comment","value":"Get the projects details for the group"},{"action":"system/GitLab/v17.10/Groups/Get a List of Projects in This Group","name":"FetchProjectList","inputs":[{"name":"authKey","value":"$gitlabAuth"},{"name":"id","value":"$LoopAllGroupIds.item"},{"name":"page","value":"$currentPage"},{"name":"per_page","value":"$resultsPerPage"}]},{"action":"assign","name":"GetTotalPages","variable":"$totalPages","value":"$FetchProjectList.headers[\"x-total-pages\"]"},{"action":"if","name":"ProjectListCheck","condition":"$FetchProjectList.result.length > 0","then":[{"action":"comment","value":"Transform each project data\n"},{"name":"TransformProjectData","function":"function formatProjectToRepoPayload(project) {\n    return {\n        repo_url: project.web_url || \"\",\n        name: project.name || \"\",\n        branch: project.default_branch || \"\",\n        tags: Array.isArray(project.tag_list) ? project.tag_list : []\n    };\n};\n\nfunction processGitlabProjects(projectData) {\n    let repoPayload = {\n        \"source_repos\": []\n    };\n\n    let processedPayload = {};\n\n    for (let i = 0; i < projectData.length; i++) {\n        processedPayload = formatProjectToRepoPayload(projectData[i]);\n        repoPayload.source_repos.push(processedPayload);\n    }\n\n    return repoPayload;\n}\n\n$sourceRepoPayload = processGitlabProjects($FetchProjectList.result)"},{"action":"comment","value":"Load data to Concert"},{"action":"system/IBM/Concert v2/Inventory/Define Source Repos","name":"LoadSourceRepoData","inputs":[{"name":"Body","value":"$sourceRepoPayload"}]},{"action":"if","name":"DataLoadCheck","condition":"$LoadSourceRepoData.result.length > 0","then":[{"action":"assign","name":"UpdateCurrentPage","variable":"$currentPage","value":"$currentPage + 1"}],"else":[{"action":"assign","name":"ErrorLoad","variable":"$result","value":"{\n    \"status_code\": $LoadDataToConcert.statusCode,\n    \"response\": \"Failed to Load Data\"\n}"},{"action":"comment","value":"break from loop is data load fails"},{"action":"break"}]},{"action":"assign","name":"LoadDataResult","variable":"$result","value":"{\n    \"response\": \"Source Repository Data Loaded Successfully\"\n}"}],"else":[{"action":"assign","name":"NoProjectError","variable":"$result","value":"{\n    \"Error\": \"No Projects Found\"\n}"}]}]},{"name":"ResetPageValues","action":"split","branches":[{"blocks":[{"action":"assign","name":"ResetCurrentPageCount","variable":"$currentPage","value":"1"}]},{"blocks":[{"action":"assign","name":"ResetTotalPageCount","variable":"$totalPages","value":"1"}]}]}]}],"else":[{"action":"assign","name":"GorupIdNotFoundErr","variable":"$result","value":"{\n    \"error\": \"gitlab group not found\"\n}"}]}],"variables":[{"name":"gitlabAuth","required":true,"isInput":true,"isOutput":false,"level":"INTERMEDIATE","type":{"type":"string"},"value":"\"\"","meta":{"authType":"GitLab","subType":"authentication"}},{"name":"groupName","required":false,"isInput":true,"isOutput":false,"level":"INTERMEDIATE","type":{"type":"string"},"value":"\"\""},{"name":"resultsPerPage","required":false,"isInput":true,"isOutput":false,"level":"INTERMEDIATE","type":{"type":"number"},"value":"20"},{"name":"totalPages","required":false,"isInput":false,"isOutput":false,"level":"INTERMEDIATE","type":{"type":"number"},"value":"1"},{"name":"currentPage","required":false,"isInput":false,"isOutput":false,"level":"INTERMEDIATE","type":{"type":"number"},"value":"1"},{"name":"groupIdList","required":false,"isInput":false,"isOutput":false,"level":"INTERMEDIATE","type":{"type":"array"},"value":"[]"},{"name":"sourceRepoPayload","required":false,"isInput":false,"isOutput":false,"level":"INTERMEDIATE","type":{"type":"object"},"value":"{}"},{"name":"result","required":false,"isInput":false,"isOutput":true,"level":"INTERMEDIATE","type":{"type":"object"},"value":"{}"}],"meta":{"workerGroup":"default","created":1771273300984,"lastUpdated":1771273330932,"description":"This flow fetches all the  GitLab projects inside a group, transforms them into source repository metadata, and ingests them into Concert.","layout":"flow","updatedByUsername":"admin","numberOfBlocks":29,"version":5,"tags":[{"name":"Consumer","value":"Concert"},{"name":"Concert version","value":"2.3.0"},{"name":"Category","value":"Gitlab"}]},"finally":null}