{"name":"get_all_profiles","platform":"node","hash":"yZd3kOSx4gHLbPHMDyb3t4LWOYJRapTg+eXQRe4rqKI=","blocks":[{"action":"try","name":"Try_1","try":[{"action":"system/IBM/Concert/Concert HTTP Request","name":"IBM_get_profiles","inputs":[{"name":"authKey","value":"$in_auth_key"},{"name":"method","value":"\"GET\""},{"name":"path","value":"\"/resilience/grader/api/v1/profile\""}]},{"action":"assign","name":"Assign_t_pos_suc","variable":"$t_get_pro_suc","value":"$IBM_get_profiles.result.items"}],"catch":[]}, {"action":"if","name":"If_200","condition":"$t_get_pro_suc !== \"\"","then":[{"action":"assign","name":"Assign_1","variable":"$success","value":"true"},{"action":"assign","name":"Assign_result","variable":"$result","value":"$IBM_get_profiles.result.items"}],"else":[{"action":"assign","name":"Assign_error","variable":"$error","value":"$Try_1.message"}]}],"variables":[{"name":"in_auth_key","required":true,"isInput":true,"isOutput":false,"level":"INTERMEDIATE","type":{"type":"string"},"value":"\"\""},{"name":"result","required":false,"isInput":false,"isOutput":true,"level":"INTERMEDIATE","type":{"type":"array"},"value":"[]"},{"name":"success","required":false,"isInput":false,"isOutput":true,"level":"INTERMEDIATE","type":{"type":"boolean"},"value":"false"},{"name":"debug","required":false,"isInput":false,"isOutput":true,"level":"INTERMEDIATE","type":{"type":"object"},"value":"{}"},{"name":"error","required":false,"isInput":false,"isOutput":true,"level":"INTERMEDIATE","type":{"type":"array"},"value":"[]"},{"name":"t_get_pro_suc","required":false,"isInput":false,"isOutput":false,"level":"INTERMEDIATE","type":{"type":"string"},"value":"\"\""}],"meta":{"workerGroup":"default","created":1772006125195,"lastUpdated":1772006125195,"description":"Gets all profiles from Concert","layout":"flow","updatedByUsername":"anton.cholakov","numberOfBlocks":7,"version":5},"finally":null}