{"name":"upload_sbom_file","platform":"node","hash":"9RNV36X43gtFIZZX1pX9N/A7fF7h3+Qbd7jE0NVwcwg=","blocks":[{"action":"comment","value":"// App Sbom"}, {"action":"system/Common/JSON/JSON Stringify","name":"JSONStringify_1","inputs":[{"name":"object","value":"$in_sbom"}]}, {"action":"if","name":"If_cycloneDX","condition":"$in_sbom_type === \"cycloneDx\"","then":[{"action":"assign","name":"Assign_cyclone_meta","variable":"$t_body_metadata","value":"{\n    \"component_type\": $in_sbom.metadata.component.type\n}"},{"action":"assign","name":"Assign_cyclone_data_type","value":"\"package_sbom\"","variable":"$t_body_data_type"},{"action":"assign","name":"Assign_timeout","variable":"$t_max_retry","value":"20"}],"else":[{"action":"assign","name":"Assign_sbom_meta","variable":"$t_body_metadata","value":"{}"},{"action":"assign","name":"Assign_sbom_data_type","value":"\"application_sbom\"","variable":"$t_body_data_type"}]}, {"action":"system/IBM/Concert/Import Data/Upload Files to Concert","name":"IBM_upload","inputs":[{"name":"authKey","value":"$in_auth_key"},{"name":"file","value":"{\n    \"data_type\": $t_body_data_type,\n    \"metadata\": JSON.stringify($t_body_metadata),\n    \"filename\": JSON.stringify($in_sbom)\n}"},{"name":"fileType","value":"\"json\""}]}, {"action":"if","name":"If_1","condition":"$IBM_upload.result.job_data.message == \"202 Accepted\"","then":[{"action":"while","name":"pro_timeout","condition":"$t_current_retry < $t_max_retry","blocks":[{"action":"system/IBM/Concert/Table of Contents/Search Unprocessed Landing Zone') Data","name":"IBM_search","inputs":[{"name":"authKey","value":"$in_auth_key"},{"name":"Body","value":"{\n    \"sort\": \"processing_start_time\",\n    \"sort_direction\": \"asc\",\n    \"search\": $IBM_upload.result.event_ids[0],\n    \"page\": 1,\n    \"page_size\": 50,\n    \"date_range\": {\n        \"start\": \"2025-01-01T07:00:00.000Z\",\n        \"end\": \"2055-12-31T07:00:00.000Z\"\n    }\n}"}]},{"action":"switch","name":"SwitchCase_1","expression":"$IBM_search.result.toc_records[0].status","cases":[{"value":"\"processing_in_progress\"","blocks":[{"action":"assign","name":"timer_inscresed","variable":"$t_current_retry","value":"$t_current_retry + 1"},{"action":"system/Common/Array/Array Push","name":"waiting","inputs":[{"name":"array","value":"$debug"},{"name":"item","value":"\"Waiting...\""}]},{"action":"system/Common/Sleep","name":"Sleep_1_sec","inputs":[{"name":"seconds","value":"2"}]}]},{"value":"\"error_processing\"","blocks":[{"action":"assign","name":"timer_10_error","variable":"$t_current_retry","value":"$t_max_retry"},{"action":"system/Common/Array/Array Push","name":"error_added","inputs":[{"name":"array","value":"$error"},{"name":"item","value":"\"Error in: \" + $in_sbom_type + \" / \" + $IBM_search.result.toc_records[0].additional_comments"}]}]}],"default":[{"action":"assign","name":"timer_10_success","variable":"$t_current_retry","value":"$t_max_retry"},{"action":"assign","name":"Assign_success","variable":"$success","value":"true"}]}]},{"action":"system/Common/Status Message Update","name":"StatusMessageUpdate_completed","inputs":[{"name":"message","value":"\"SBom Upload Completed\""}]}],"else":[{"action":"system/Common/Array/Array Push","name":"ArrayPush_1","inputs":[{"name":"array","value":"$error"},{"name":"item","value":"\"Error in: \" + $IBM_upload.result.job_data.message"}]}]}],"variables":[{"name":"in_sbom_type","required":true,"isInput":true,"isOutput":false,"level":"INTERMEDIATE","type":{"type":"string"},"value":"\"\""},{"name":"in_auth_key","required":true,"isInput":true,"isOutput":false,"level":"INTERMEDIATE","type":{"type":"string"},"value":"\"\""},{"name":"in_sbom","required":true,"isInput":true,"isOutput":false,"level":"INTERMEDIATE","type":{"type":"object"},"value":"{}"},{"name":"result","required":false,"isInput":false,"isOutput":true,"level":"INTERMEDIATE","type":{"type":"any"},"value":"{}"},{"name":"success","required":false,"isInput":false,"isOutput":true,"level":"INTERMEDIATE","type":{"type":"boolean"},"value":"false"},{"name":"debug","required":false,"isInput":false,"isOutput":true,"level":"INTERMEDIATE","type":{"type":"array"},"value":"[]"},{"name":"error","required":false,"isInput":false,"isOutput":true,"level":"INTERMEDIATE","type":{"type":"array"},"value":"[]"},{"name":"t_sbom_data","required":false,"isInput":false,"isOutput":false,"level":"INTERMEDIATE","type":{"type":"string"},"value":"\"\""},{"name":"t_current_retry","required":false,"isInput":false,"isOutput":false,"level":"INTERMEDIATE","type":{"type":"number"},"value":"0"},{"name":"t_body_data_type","required":false,"isInput":false,"isOutput":false,"level":"INTERMEDIATE","type":{"type":"string"},"value":"\"\""},{"name":"t_body_metadata","required":false,"isInput":false,"isOutput":false,"level":"INTERMEDIATE","type":{"type":"string"},"value":"\"\""},{"name":"t_max_retry","required":false,"isInput":false,"isOutput":false,"level":"INTERMEDIATE","type":{"type":"number"},"value":"20"}],"meta":{"workerGroup":"default","created":1771279656363,"lastUpdated":1771279656363,"description":"Creates an application in Concert","layout":"flow","updatedByUsername":"admin","numberOfBlocks":24,"version":5},"finally":null}