{"name":"Get_Datadog_Metrics","platform":"node","hash":"1zYw45cAwXBT+Hl4IFvFW/HlEz/n34OKzKmWTfzOZGY=","blocks":[{"action":"system/Datadog/Software Catalog/Get a list of entities","name":"GetEntityList","inputs":[{"name":"authKey","value":"$datadogAuth"}]}, {"action":"foreach-parallel","name":"ForEachService","list":"$GetEntityList.result.data","concurrency":"1","blocks":[{"name":"Split_2","action":"split","branches":[{"blocks":[{"action":"assign","name":"assignServiceName","variable":"$service","value":"$ForEachService.item.attributes.name"},{"name":"CalcMetricName","function":"function getMetricQuery(serviceIdentity) {\n    return {\n        data: {\n            \"error_rate_metric\": `avg:trace.http.request.errors${serviceIdentity}.as_count()`,\n            \"throughput_metric\": `sum:trace.http.request.hits${serviceIdentity}.as_count()`,\n            \"latency_metric\": `avg:trace.http.request${serviceIdentity}`\n        }\n    };\n};\n\nfunction getServiceIdentifier(envName, serviceName) {\n    return `{env:${envName},service:${serviceName}}`;\n}\n\nconst serviceIdentity = getServiceIdentifier($envName, $service);\n$metricQuery = getMetricQuery(serviceIdentity)"},{"name":"Split_1","action":"split","branches":[{"blocks":[{"action":"comment","value":"fetches the metrics for error_rate from datadog"},{"action":"system/Datadog/Metrics/Query Time Series Points","name":"getErrorRate","inputs":[{"name":"authKey","value":"$datadogAuth"},{"name":"from","value":"$startTimestamp"},{"name":"to","value":"$endTimestamp"},{"name":"query","value":"$metricQuery.data.error_rate_metric"}]},{"action":"assign","name":"errRateAllservice","variable":"$appErrRate","value":"$appErrRate.concat([{\n    \"result\": $getErrorRate.result\n}])"}]},{"blocks":[{"action":"comment","value":"fetches the throughput metric  from datadog"},{"action":"system/Datadog/Metrics/Query Time Series Points","name":"getThroughputMetric","inputs":[{"name":"authKey","value":"$datadogAuth"},{"name":"from","value":"$startTimestamp"},{"name":"to","value":"$endTimestamp"},{"name":"query","value":"$metricQuery.data.throughput_metric"}]},{"action":"assign","name":"throughputAllservices","variable":"$appThroughput","value":"$appThroughput.concat([{\n    \"result\": $getThroughputMetric.result\n}])"}]},{"blocks":[{"action":"comment","value":"fetches the latency metric  from datadog"},{"action":"system/Datadog/Metrics/Query Time Series Points","name":"getLatencyMetric","inputs":[{"name":"authKey","value":"$datadogAuth"},{"name":"from","value":"$startTimestamp"},{"name":"to","value":"$endTimestamp"},{"name":"query","value":"$metricQuery.data.latency_metric"}]},{"action":"assign","name":"latencyAllServices","variable":"$appLatency","value":"$appLatency.concat([{\n    \"result\": $getLatencyMetric.result\n}])"}]}]}]},{"blocks":[{"action":"system/Datadog/Synthetics/Get all tests","name":"getAllSyntheticTest","inputs":[{"name":"authKey","value":"$datadogAuth"}]},{"action":"foreach-parallel","name":"ForEachSyntheticTest","list":"$getAllSyntheticTest.result.tests","blocks":[{"action":"if","name":"If","condition":"$ForEachSyntheticTest.item.name === $ForEachService.item.attributes.name","then":[{"action":"system/Datadog/Synthetics/Get all test results","name":"get_synthetic_metric","inputs":[{"name":"authKey","value":"$datadogAuth"},{"name":"public_id","value":"$ForEachSyntheticTest.item.public_id"}]},{"action":"assign","name":"syntheticTestAllServices","variable":"$appSyntheticTest","value":"$appSyntheticTest.concat([{\n    \"result\": $get_synthetic_metric.result\n}])"}],"else":[]}]}]}]},{"action":"system/Common/Sleep","name":"waitBetweenRequests","inputs":[{"name":"seconds","value":"3"}]}]}, {"action":"assign","name":"output","variable":"$result","value":"{\n    \"error_rate\": $appErrRate,\n    \"throughput\": $appThroughput,\n    \"latency\": $appLatency,\n    \"synthetic_test\": $appSyntheticTest\n}"}],"variables":[{"name":"result","required":false,"isInput":false,"isOutput":true,"level":"INTERMEDIATE","type":{"type":"any"},"value":"\"\""},{"name":"envName","required":true,"isInput":true,"isOutput":false,"level":"INTERMEDIATE","type":{"type":"string"},"value":"\"\""},{"name":"service","required":false,"isInput":false,"isOutput":false,"level":"INTERMEDIATE","type":{"type":"string"},"value":"\"\""},{"name":"metricQuery","required":false,"isInput":false,"isOutput":false,"level":"INTERMEDIATE","type":{"type":"any"},"value":"\"\""},{"name":"startTimestamp","required":true,"isInput":true,"isOutput":false,"level":"INTERMEDIATE","type":{"type":"string"},"value":"\"\""},{"name":"endTimestamp","required":true,"isInput":true,"isOutput":false,"level":"INTERMEDIATE","type":{"type":"string"},"value":"\"\""},{"name":"datadogAuth","required":true,"isInput":true,"isOutput":false,"level":"INTERMEDIATE","type":{"type":"string"},"value":"\"\"","meta":{"authType":"Datadog","subType":"authentication"}},{"name":"appErrRate","required":false,"isInput":false,"isOutput":false,"level":"INTERMEDIATE","type":{"type":"array"},"value":"[]"},{"name":"appThroughput","required":false,"isInput":false,"isOutput":false,"level":"INTERMEDIATE","type":{"type":"array"},"value":"[]"},{"name":"appLatency","required":false,"isInput":false,"isOutput":false,"level":"INTERMEDIATE","type":{"type":"array"},"value":"[]"},{"name":"appSyntheticTest","required":false,"isInput":false,"isOutput":false,"level":"INTERMEDIATE","type":{"type":"array"},"value":"[]"},{"name":"teamName","required":true,"isInput":true,"isOutput":false,"level":"INTERMEDIATE","type":{"type":"string"},"value":"\"\""}],"meta":{"workerGroup":"default","created":1763478108659,"lastUpdated":1763478108659,"description":"This workflow retrieves performance metrics from Datadog over a specified time period, calculates availability and error rates, and sends to the main flow","layout":"flat","updatedByUsername":"ibmconcert","numberOfBlocks":27,"version":5},"finally":null}