{"name":"Docker_Image_Registry_Workflow","platform":"node","hash":"u/RdrEC5ps+W44HsEhcoMrlCkelf9yUros6LYSqTOeM=","blocks":[{"action":"if","name":"ImageLengthCheck","condition":"$imageList.length > 0","then":[{"action":"if","name":"RegistryTypeCheck","condition":"$isPublicRegistry","then":[],"else":[{"action":"system/Common/Config Data/Get Config Data","name":"GetRegistryConfig","inputs":[{"name":"authKey","value":"$registryConfigAuth"}]},{"action":"comment","value":"Login to registry"},{"action":"if","name":"If_1","condition":"$ssmEnabled","then":[{"action":"system/AWS/ssm/Send Command","name":"AWS_1","inputs":[{"name":"authKey","value":"$awsAuth"},{"name":"region","value":"$region"},{"name":"body","value":"{\n    \"Comment\": \"ssm test\",\n    \"InstanceIds\": $instanceID,\n    \"DocumentName\": \"AWS-RunShellScript\",\n\n    \"Parameters\": {\n        \"commands\": [\n            $docker_command + \" login \" + $GetRegistryConfig.result.registry_url + \" --username \" + $GetRegistryConfig.result.registry_username + \" --password \" + $GetRegistryConfig.result.registry_password\n        ]\n    }\n}"}]},{"action":"system/Common/Sleep","name":"Sleep_4","inputs":[{"name":"seconds","value":"10"}]},{"action":"system/AWS/ssm/List Command Invocations","name":"AWS_9","inputs":[{"name":"authKey","value":"$awsAuth"},{"name":"region","value":"$region"},{"name":"body","value":"{\n    \"Details\": true,\n    \"CommandId\": $AWS_1.result.Command.CommandId\n}"}]},{"action":"if","name":"If_7","condition":"$AWS_9.result.CommandInvocations[0].Status == \"Success\"","then":[],"else":[{"action":"throw","error":"\"The command is not executed properly\""},{"action":"exit"}]}],"else":[{"action":"system/Common/SSH/SSH","name":"RegistryLogin","inputs":[{"name":"authKey","value":"$VMAuth"},{"name":"command","value":"$docker_command + \" login \" + $GetRegistryConfig.result.registry_url + \" --username \" + $GetRegistryConfig.result.registry_username + \" --password \" + $GetRegistryConfig.result.registry_password"}]}]}]},{"action":"comment","value":"Pull images from registry"},{"action":"foreach","name":"LoopImages","list":"$imageList","blocks":[{"action":"if","name":"If_2","condition":"$ssmEnabled","then":[{"action":"system/AWS/ssm/Send Command","name":"AWS_2","inputs":[{"name":"authKey","value":"$awsAuth"},{"name":"region","value":"$region"},{"name":"body","value":"{\n    \"Comment\": \"ssm test\",\n    \"InstanceIds\": $instanceID,\n    \"DocumentName\": \"AWS-RunShellScript\",\n\n    \"Parameters\": {\n        \"commands\": [$docker_command + \" pull \" + $LoopImages.item]\n    }\n}"}]},{"action":"system/Common/Sleep","name":"Sleep_5"},{"action":"system/AWS/ssm/List Command Invocations","name":"AWS_10","inputs":[{"name":"authKey","value":"$awsAuth"},{"name":"region","value":"$region"},{"name":"body","value":"{\n    \"Details\": true,\n    \"CommandId\": $AWS_2.result.Command.CommandId\n}"}]},{"action":"if","name":"If_8","condition":"$AWS_10.result.CommandInvocations[0].Status == \"Success\"","then":[],"else":[{"action":"throw","error":"\"The command is not executed properly\""},{"action":"exit"}]}],"else":[{"action":"system/Common/SSH/SSH","name":"PullRegistryImages","inputs":[{"name":"authKey","value":"$VMAuth"},{"name":"command","value":"$docker_command + \" pull \" + $LoopImages.item"}]}]}]},{"action":"if","name":"If_3","condition":"$ssmEnabled","then":[{"action":"system/AWS/ssm/Send Command","name":"AWS_3","inputs":[{"name":"authKey","value":"$awsAuth"},{"name":"region","value":"$region"},{"name":"body","value":"{\n    \"Comment\": \"ssm test\",\n    \"InstanceIds\": $instanceID,\n    \"DocumentName\": \"AWS-RunShellScript\",\n\n    \"Parameters\": {\n        \"commands\": [$docker_command + \" images\"]\n    }\n}"}]},{"action":"system/Common/Sleep","name":"Sleep_1","inputs":[{"name":"seconds","value":"10"}]},{"action":"system/AWS/ssm/List Command Invocations","name":"AWS_6","inputs":[{"name":"authKey","value":"$awsAuth"},{"name":"region","value":"$region"},{"name":"body","value":"{\n    \"Details\": true,\n    \"CommandId\": $AWS_3.result.Command.CommandId\n}"}]},{"action":"if","name":"If_6","condition":"$AWS_6.result.CommandInvocations[0].Status == \"Success\"","then":[{"action":"assign","name":"Assign_3","variable":"$resultSSH","value":"$AWS_6.result.CommandInvocations[0].CommandPlugins[0].Output"}],"else":[{"action":"throw","error":"\"Command is not executed correctly \""},{"action":"exit"}]}],"else":[{"action":"system/Common/SSH/SSH","name":"ImagesCheck","inputs":[{"name":"authKey","value":"$VMAuth"},{"name":"command","value":"$docker_command + \" images\""}]},{"action":"assign","name":"Assign_2","variable":"$resultSSH","value":"$ImagesCheck.result"}]},{"name":"Function_3","function":"function addTagToNormalize(image) {\n    return image.includes(\":\") ? image : `${image}:latest`;\n};\n\nfunction parseDockerImagesFromSSM(output) {\n    if (!output || typeof output !== \"string\") {\n        return new Set();\n    }\n\n    output = output.split(\"----------ERROR-------\")[0].trim();\n    const lines = output.split(\"\\n\");\n    const imagesFound = new Set();\n\n    for (const line of lines) {\n        const trimmed = line.trim();\n\n        if (trimmed === \"\" || trimmed.startsWith(\"IMAGE\") || trimmed.startsWith(\"REPOSITORY\")) {\n            continue;\n        }\n\n        const firstColumn = trimmed.split(/\\s{2,}/)[0];\n\n        if (firstColumn && firstColumn.includes(\":\")) {\n            imagesFound.add(firstColumn.trim());\n        }\n    }\n\n    return imagesFound;\n}\n\nfunction parseDockerImagesOld(output) {\n    const lines = output.trim().split(\"\\n\");\n    lines.shift();\n    const imagesFound = new Set();\n\n    for (const line of lines) {\n        const cols = line.trim().split(/\\s{2,}/);\n        const [repository, tag] = cols;\n\n        if (repository && tag) {\n            imagesFound.add(`${repository}:${tag}`);\n        }\n    }\n\n    return imagesFound;\n}\n\nfunction CheckImagePullOutput(output, imageList, ssmEnabled) {\n    let found;\n\n    if (ssmEnabled) {\n        found = parseDockerImagesFromSSM(output);\n    } else {\n        found = parseDockerImagesOld(output);\n    }\n\n    const normalized = imageList.map(addTagToNormalize);\n    return normalized.some(img => found.has(img));\n}\n\n$result = {\n    \"images_found\": CheckImagePullOutput($resultSSH, $imageList, $ssmEnabled)\n}"},{"action":"if","name":"ImagePullCheck","condition":"$result.images_found","then":[],"else":[{"action":"assign","name":"Assign_1","variable":"$result","value":"{\n    \"status\": \"error\",\n    \"message\": \"image pull failed for input image list\"\n}"},{"action":"exit"}]},{"name":"Function_2","function":"function getLayerMetricsCommand(imageList, dockerCmd) {\n    if (!Array.isArray(imageList) || imageList.length === 0) {\n        return \"\";\n    }\n\n    const images = imageList.map(img => `\"${img}\"`).join(\" \");\n    const awk = `{ sum += $1; if ($1 > max) max = $1; count++; } END { if (count > 0) { printf \"average_number_image_layers: %.2f\\\\n\", sum / count; printf \"max_number_image_layers: %d\\\\n\", max; } else { print \"average_number_image_layers: 0\"; print \"max_number_image_layers: 0\"; } }`;\n    return `${dockerCmd} inspect --format '{{len .RootFS.Layers}}' ${images} 2>/dev/null | awk '${awk}'`;\n};\n\nfunction getSizeMetricsCommand(imageList, dockerCmd) {\n    if (!Array.isArray(imageList) || imageList.length === 0) {\n        return \"\";\n    }\n\n    const images = imageList.map(img => `\"${img}\"`).join(\" \");\n\n    const awk = `$1 ~ /^[0-9]+$/ { size = $1; sum += size; if (size > max) max = size; count++ }\nEND {\n  if (count > 0) {\n    printf \"avg_image_size_mb: %.2f\\\\n\", sum / count / 1024 / 1024;\n    printf \"max_image_size_mb: %.2f\\\\n\", max / 1024 / 1024;\n  } else {\n    print \"avg_image_size_mb: 0\";\n    print \"max_image_size_mb: 0\";\n  }\n}`.replace(/\\n/g, \" \").replace(/\\s+/g, \" \").trim();\n\n    return `${dockerCmd} inspect --format='{{.Size}}' ${images} | awk '${awk}'`;\n}\n\n$result = {\n    \"img_size_cmd\": getSizeMetricsCommand($imageList, $docker_command),\n    \"img_layer_cmd\": getLayerMetricsCommand($imageList, $docker_command)\n}"},{"action":"comment","value":"Fetch image metrics"},{"name":"CalculateImageMetrics","action":"split","branches":[{"blocks":[{"action":"if","name":"If_4","condition":"$ssmEnabled","then":[{"action":"system/AWS/ssm/Send Command","name":"AWS_4","inputs":[{"name":"authKey","value":"$awsAuth"},{"name":"region","value":"$region"},{"name":"body","value":"{\n    \"Comment\": \"ssm test\",\n    \"InstanceIds\": $instanceID,\n    \"DocumentName\": $documentName,\n\n    \"Parameters\": {\n        \"commands\": [$result.img_size_cmd]\n    }\n}"}]},{"action":"system/Common/Sleep","name":"Sleep_2","inputs":[{"name":"seconds","value":"10"}]},{"action":"system/AWS/ssm/List Command Invocations","name":"AWS_7","inputs":[{"name":"authKey","value":"$awsAuth"},{"name":"region","value":"$region"},{"name":"body","value":"{\n    \"Details\": true,\n    \"CommandId\": $AWS_4.result.Command.CommandId\n}"}]},{"action":"if","name":"If_9","condition":"$AWS_7.result.CommandInvocations[0].Status == \"Success\"","then":[{"action":"assign","name":"Assign_5","variable":"$resultSSH","value":"$AWS_7.result.CommandInvocations[0].CommandPlugins[0].Output"}],"else":[{"action":"throw","error":"\"This is command is not executed properly\""},{"action":"exit"}]}],"else":[{"action":"system/Common/SSH/SSH","name":"ImageSizeMetrics","inputs":[{"name":"authKey","value":"$VMAuth"},{"name":"command","value":"$result.img_size_cmd"}]},{"action":"assign","name":"Assign_4","variable":"$resultSSH","value":"$ImageSizeMetrics.result"}]}]},{"blocks":[{"action":"if","name":"If_5","condition":"$ssmEnabled","then":[{"action":"system/AWS/ssm/Send Command","name":"AWS_5","inputs":[{"name":"authKey","value":"$awsAuth"},{"name":"region","value":"$region"},{"name":"body","value":"{\n    \"Comment\": \"ssm test\",\n    \"InstanceIds\": $instanceID,\n    \"DocumentName\": $documentName,\n\n    \"Parameters\": {\n        \"commands\": [$result.img_layer_cmd]\n    }\n}"}]},{"action":"system/Common/Sleep","name":"Sleep_3","inputs":[{"name":"seconds","value":"10"}]},{"action":"system/AWS/ssm/List Command Invocations","name":"AWS_8","inputs":[{"name":"authKey","value":"$awsAuth"},{"name":"region","value":"$region"},{"name":"body","value":"{\n    \"Details\": true,\n    \"CommandId\": $AWS_5.result.Command.CommandId\n}"}]},{"action":"if","name":"If_10","condition":"$AWS_8.result.CommandInvocations[0].Status","then":[{"action":"assign","name":"Assign_7","variable":"$sshImageLayers","value":"$AWS_8.result.CommandInvocations[0].CommandPlugins[0].Output"}],"else":[{"action":"throw","error":"\"This command is not executed properly\""},{"action":"exit"}]}],"else":[{"action":"system/Common/SSH/SSH","name":"ImageLayerMetrics","inputs":[{"name":"authKey","value":"$VMAuth"},{"name":"command","value":"$result.img_layer_cmd"}]},{"action":"assign","name":"Assign_6","variable":"$sshImageLayers","value":"$ImageLayerMetrics.result"}]}]}]},{"action":"assign","name":"AssignImageMetrics","variable":"$inspectMetrics","value":"{\n    \"average_size_metrics\": $resultSSH,\n    \"image_layers_metric\": $sshImageLayers\n}"},{"action":"comment","value":"Prepare assessment data"},{"name":"PrepareAssessmentData","action":"split","branches":[{"blocks":[{"name":"Function_1","function":"function transformImageMetrics(inputSizeMetric, inputLayerMetric) {\n    function parseToJSON(inputValue) {\n        const jsonMetric = {};\n        const metricLines = inputValue.trim().split(\"\\n\");\n\n        for (const metricLine of metricLines) {\n            const [key, value] = metricLine.split(\":\").map(s => s.trim());\n            jsonMetric[key] = isNaN(value) ? value : parseFloat(value);\n        }\n\n        return jsonMetric;\n    }\n\n    const layerMetric = parseToJSON(inputLayerMetric);\n    const sizeMetric = parseToJSON(inputSizeMetric);\n\n    return {\n        ...layerMetric,\n        ...sizeMetric\n    };\n};\n\n$result = transformImageMetrics($inspectMetrics.average_size_metrics, $inspectMetrics.image_layers_metric)"}]},{"blocks":[{"action":"assign","name":"AssignAssessmentTime","variable":"$inputJSON.current_time","value":"Math.floor(Date.now())"}]}]},{"action":"comment","value":"Load data to IBM Concert"},{"action":"./Helpers/LoadAssessments","name":"LoadAssesmentsToConcert","inputs":[{"name":"applicationName","value":"$applicationName"},{"name":"profileName","value":"$inputJSON.profile"},{"name":"data","value":"$result"},{"name":"timestamp","value":"$inputJSON.current_time"},{"name":"origin_name","value":"$inputJSON.origin_name"},{"name":"applicationVersion","value":"$applicationVersion"},{"name":"origin","value":"$inputJSON.origin"},{"name":"IBMAPIKey","value":"$concertAuth"}]},{"action":"assign","name":"LoadAssessmentResult","variable":"$result","value":"$LoadAssesmentsToConcert.result"}],"else":[{"action":"assign","name":"NoImageErr","variable":"$result","value":"{\n    \"Status\": \"Error\",\n    \"Message\": \"No Image Found\"\n}"}]}],"variables":[{"name":"result","required":false,"isInput":false,"isOutput":true,"level":"INTERMEDIATE","type":{"type":"object"},"value":"{}"},{"name":"concertAuth","required":true,"isInput":true,"isOutput":false,"level":"INTERMEDIATE","type":{"type":"string"},"value":"\"\"","meta":{"authType":["IBM/ConcertAPIKey","IBM/HubSelf"],"subType":"authentication"}},{"name":"VMAuth","required":true,"isInput":true,"isOutput":false,"level":"INTERMEDIATE","type":{"type":"string"},"value":"\"\"","meta":{"authType":"Common/SSH","subType":"authentication"}},{"name":"isPublicRegistry","required":true,"isInput":true,"isOutput":false,"level":"INTERMEDIATE","type":{"type":"boolean"},"value":"false"},{"name":"registryConfigAuth","required":false,"isInput":true,"isOutput":false,"level":"INTERMEDIATE","type":{"type":"string"},"value":"\"\""},{"name":"imageList","required":true,"isInput":true,"isOutput":false,"level":"INTERMEDIATE","type":{"type":"array"},"value":"[]"},{"name":"applicationName","required":true,"isInput":true,"isOutput":false,"level":"INTERMEDIATE","type":{"type":"string"},"value":"\"\""},{"name":"applicationVersion","required":true,"isInput":true,"isOutput":false,"level":"INTERMEDIATE","type":{"type":"string"},"value":"\"\""},{"name":"docker_command","required":false,"isInput":true,"isOutput":false,"level":"INTERMEDIATE","type":{"type":"string"},"value":"\"docker\""},{"name":"inspectMetrics","required":false,"isInput":false,"isOutput":false,"level":"INTERMEDIATE","type":{"type":"object"},"value":"{}"},{"name":"inputJSON","required":false,"isInput":false,"isOutput":false,"level":"INTERMEDIATE","type":{"type":"object"},"value":"{\n    \"origin_name\": \"docker\",\n    \"origin\": \"APM\",\n    \"profile\": \"docker_containers_profile\",\n    \"current_time\": 0\n}"},{"name":"ssmEnabled","required":false,"isInput":true,"isOutput":false,"level":"INTERMEDIATE","type":{"type":"boolean"},"value":"false"},{"name":"awsAuth","required":false,"isInput":true,"isOutput":false,"level":"INTERMEDIATE","type":{"type":"string"},"value":"\"\"","meta":{"authType":"ANY","subType":"authentication"}},{"name":"documentName","required":false,"isInput":true,"isOutput":false,"level":"INTERMEDIATE","type":{"type":"string"},"value":"\"\""},{"name":"instanceID","required":false,"isInput":true,"isOutput":false,"level":"INTERMEDIATE","type":{"type":"array"},"value":"[]"},{"name":"region","required":false,"isInput":true,"isOutput":false,"level":"INTERMEDIATE","type":{"type":"string"},"value":"\"\""},{"name":"resultSSH","required":false,"isInput":false,"isOutput":false,"level":"INTERMEDIATE","type":{"type":"any"},"value":"\"\""},{"name":"sshImageLayers","required":false,"isInput":false,"isOutput":false,"level":"INTERMEDIATE","type":{"type":"any"},"value":"\"\""}],"meta":{"workerGroup":"default","created":1765203004093,"lastUpdated":1766490209399,"layout":"flat","updatedByUsername":"ibmconcert","numberOfBlocks":72,"version":5},"finally":null}