{"name":"Discover certificates using kubeadm and ingest into IBM Concert","platform":"node","hash":"L2CVw8wg5qY12HGb8CzFaT6EbfRRYAKRGUI4gk24HAQ=","blocks":[{"action":"system/Common/Status Message Update","name":"StatusMessageUpdate_Connecting","inputs":[{"name":"message","value":"\"Obtaining a list of certificates by SSH connection...\""}]}, {"name":"Function_1","function":"if (!$environment) {\n  throw new Error('400 Bad Request: Error, missing required field: Environment');\n}"}, {"action":"if","name":"If_1","condition":"$ssmEnabled","then":[{"action":"system/AWS/ssm/Send Command","name":"AWS_1","inputs":[{"name":"authKey","value":"$awsAuth"},{"name":"region","value":"$region"},{"name":"body","value":"{\n    \"Comment\": \"ssm test\",\n    \"InstanceIds\": $instanceID,\n    \"DocumentName\": $documentName,\n\n    \"Parameters\": {\n        \"commands\": [`find /etc/kubernetes -type f -name \"*.crt\"`]\n    }\n}"}]},{"action":"system/Common/Sleep","name":"Sleep_1","inputs":[{"name":"seconds","value":"10"}]},{"action":"system/AWS/ssm/List Command Invocations","name":"AWS_2","inputs":[{"name":"authKey","value":"$awsAuth"},{"name":"region","value":"$region"},{"name":"body","value":"{\n    \"Details\": true,\n    \"CommandId\": $AWS_1.result.Command.CommandId\n}"}]},{"action":"if","name":"If_2","condition":"$AWS_2.result.CommandInvocations[0].Status == \"Success\"","then":[{"action":"assign","name":"Assign_1","variable":"$resultSSH","value":"$AWS_2.result.CommandInvocations[0].CommandPlugins[0].Output"}],"else":[{"action":"throw","error":"\"This command not executed properly\""},{"action":"exit"}]}],"else":[{"action":"system/Common/SSH/SSH","name":"listKubeadmCrt","inputs":[{"name":"authKey","value":"$service_auth"},{"name":"command","value":"`find /etc/kubernetes -type f -name \"*.crt\"`"},{"name":"connectionPool","value":"true"}]},{"action":"if","name":"If_9","condition":"$listKubeadmCrt.result.includes(\".crt\")","then":[{"action":"assign","name":"Assign_2","variable":"$resultSSH","value":"$listKubeadmCrt.result"}],"else":[{"action":"system/Common/SSH/SSH","name":"sudoKubeadmCrt","inputs":[{"name":"authKey","value":"$service_auth"},{"name":"command","value":"`sudo find /etc/kubernetes -type f -name \"*.crt\"`"},{"name":"connectionPool","value":"true"}]},{"action":"assign","name":"Assign_10","variable":"$resultSSH","value":"$sudoKubeadmCrt.result"}]}]}, {"action":"system/Common/String/String Split","name":"crtPathsArray","inputs":[{"name":"str","value":"$resultSSH"},{"name":"separator","value":"\"\\n\""}]}, {"action":"foreach","name":"foreachCrtPaths","list":"$crtPathsArray.result","blocks":[{"action":"system/Common/Status Message Update","name":"StatusMessageUpdate_SSHConnect_1","inputs":[{"name":"message","value":"\"Adding certificate \" + $foreachCrtPaths.index + \" out of \" + $foreachCrtPaths.count + \" to the list...\""}]},{"action":"if","name":"ifInCrtList","condition":"$fileList.includes(\n    $foreachCrtPaths.item.substring($foreachCrtPaths.item.lastIndexOf(\"/\") + 1)\n)","then":[{"action":"if","name":"If_3","condition":"$ssmEnabled","then":[{"action":"system/AWS/ssm/Send Command","name":"AWS_3","inputs":[{"name":"authKey","value":"$awsAuth"},{"name":"region","value":"$region"},{"name":"body","value":"{\n    \"Comment\": \"ssm test\",\n    \"InstanceIds\": $instanceID,\n    \"DocumentName\": $documentName,\n\n    \"Parameters\": {\n        \"commands\": [\"cat \" + $foreachCrtPaths.item]\n    }\n}"}]},{"action":"system/Common/Sleep","name":"Sleep_2","inputs":[{"name":"seconds","value":"10"}]},{"action":"system/AWS/ssm/List Command Invocations","name":"AWS_4","inputs":[{"name":"authKey","value":"$awsAuth"},{"name":"region","value":"$region"},{"name":"body","value":"{\n    \"Details\": true,\n    \"CommandId\": $AWS_3.result.Command.CommandId\n}"}]},{"action":"if","name":"If_4","condition":"$AWS_4.result.CommandInvocations[0].Status == \"Success\"","then":[{"action":"assign","name":"Assign_4","variable":"$resultSSH","value":"$AWS_4.result.CommandInvocations[0].CommandPlugins[0].Output"}],"else":[{"action":"throw","error":"\"This command not executed properly\""},{"action":"exit"}]}],"else":[{"action":"system/Common/SSH/SSH","name":"certContent","inputs":[{"name":"authKey","value":"$service_auth"},{"name":"command","value":"\"cat \" + $foreachCrtPaths.item"},{"name":"connectionPool","value":"true"}]},{"action":"if","name":"If_10","condition":"$certContent.error.toLowerCase().includes(\"permission denied\")","then":[{"action":"system/Common/SSH/SSH","name":"sudoCertContent","inputs":[{"name":"authKey","value":"$service_auth"},{"name":"command","value":"\"sudo cat \" + $foreachCrtPaths.item"}]},{"action":"assign","name":"Assign_11","variable":"$resultSSH","value":"$sudoCertContent.result"}],"else":[{"action":"assign","name":"Assign_3","variable":"$resultSSH","value":"$certContent.result"}]}]},{"action":"system/Common/Array/Array Push","name":"pushCrt","inputs":[{"name":"array","value":"$discovery_result"},{"name":"item","value":"{\n    \"service\": \"kubernetes_kubeadm\",\n    \"env_name\": $environment,\n    \"file\": $foreachCrtPaths.item,\n    \"certificates\": [$resultSSH]\n}"}]}],"else":[]}]}, {"action":"if","name":"If_5","condition":"$ssmEnabled","then":[{"action":"system/AWS/ssm/Send Command","name":"AWS_5","inputs":[{"name":"authKey","value":"$awsAuth"},{"name":"region","value":"$region"},{"name":"body","value":"{\n    \"Comment\": \"ssm test\",\n    \"InstanceIds\": $instanceID,\n    \"DocumentName\": $documentName,\n\n    \"Parameters\": {\n        \"commands\": [\"find /etc/kubernetes -type f -name \\\\\\\"*.conf\\\\\\\"\"]\n    }\n}"}]},{"action":"system/Common/Sleep","name":"Sleep_3","inputs":[{"name":"seconds","value":"10"}]},{"action":"system/AWS/ssm/List Command Invocations","name":"AWS_6","inputs":[{"name":"authKey","value":"$awsAuth"},{"name":"region","value":"$region"},{"name":"body","value":"{\n    \"Details\": true,\n    \"CommandId\": $AWS_5.result.Command.CommandId\n}"}]},{"action":"if","name":"If_6","condition":"$AWS_6.result.CommandInvocations[0].Status == \"Success\"","then":[{"action":"assign","name":"Assign_6","variable":"$resultSSH","value":"$AWS_6.result.CommandInvocations[0].CommandPlugins[0].Output"}],"else":[{"action":"throw","error":"\"This command not executed properly\""},{"action":"exit"}]}],"else":[{"action":"system/Common/SSH/SSH","name":"listKubeadmConf","inputs":[{"name":"authKey","value":"$service_auth"},{"name":"command","value":"\"find /etc/kubernetes -type f -name \\\\\\\"*.conf\\\\\\\"\""},{"name":"connectionPool","value":"true"}]},{"action":"if","name":"If_11","condition":"$listKubeadmConf.error.toLowerCase().includes(\"permission denied\")","then":[{"action":"system/Common/SSH/SSH","name":"sudoListKubeadmConf","inputs":[{"name":"authKey","value":"$service_auth"},{"name":"command","value":"\"sudo find /etc/kubernetes -type f -name \\\\\\\"*.conf\\\\\\\"\""},{"name":"connectionPool","value":"true"}]},{"action":"assign","name":"Assign_12","variable":"$resultSSH","value":"$sudoListKubeadmConf.result"}],"else":[{"action":"assign","name":"Assign_5","variable":"$resultSSH","value":"$listKubeadmConf.result"}]}]}, {"action":"system/Common/String/String Split","name":"confPathsArray","inputs":[{"name":"str","value":"$resultSSH"},{"name":"separator","value":"\"\\n\""}]}, {"action":"foreach","name":"foreachConfPaths","list":"$confPathsArray.result","blocks":[{"action":"if","name":"ifInConfList","condition":"$fileList.includes(\n    $foreachConfPaths.item.substring($foreachConfPaths.item.lastIndexOf(\"/\") + 1)\n)","then":[{"action":"if","name":"If_7","condition":"$ssmEnabled","then":[{"action":"system/AWS/ssm/Send Command","name":"AWS_7","inputs":[{"name":"authKey","value":"$awsAuth"},{"name":"region","value":"$region"},{"name":"body","value":"{\n    \"Comment\": \"ssm test\",\n    \"InstanceIds\": $instanceID,\n    \"DocumentName\": $documentName,\n\n    \"Parameters\": {\n        \"commands\": [\"cat \" + $foreachConfPaths.item]\n    }\n}"}]},{"action":"system/Common/Sleep","name":"Sleep_4","inputs":[{"name":"seconds","value":"10"}]},{"action":"system/AWS/ssm/List Command Invocations","name":"AWS_8","inputs":[{"name":"authKey","value":"$awsAuth"},{"name":"region","value":"$region"},{"name":"body","value":"{\n    \"Details\": true,\n    \"CommandId\": $AWS_7.result.Command.CommandId\n}"}]},{"action":"if","name":"If_8","condition":"$AWS_8.result.CommandInvocations[0].Status == \"Success\"","then":[{"action":"assign","name":"Assign_8","variable":"$resultSSH","value":"$AWS_8.result.CommandInvocations[0].CommandPlugins[0].Output"}],"else":[{"action":"throw","error":"\"This command not executed properly\""},{"action":"exit"}]}],"else":[{"action":"system/Common/SSH/SSH","name":"confContent","inputs":[{"name":"authKey","value":"$service_auth"},{"name":"command","value":"\"cat \" + $foreachConfPaths.item"},{"name":"connectionPool","value":"true"}]},{"action":"if","name":"If_12","condition":"$confContent.error.toLowerCase().includes(\"permission denied\")","then":[{"action":"system/Common/SSH/SSH","name":"sudoConfContent","inputs":[{"name":"authKey","value":"$service_auth"},{"name":"command","value":"\"sudo cat \" + $foreachConfPaths.item"},{"name":"connectionPool","value":"true"}]},{"action":"assign","name":"Assign_13","variable":"$resultSSH","value":"$sudoConfContent.result"}],"else":[{"action":"assign","name":"Assign_7","variable":"$resultSSH","value":"$confContent.result"}]}]},{"action":"system/Common/YAML/YAML to JSON","name":"confJson","inputs":[{"name":"yaml","value":"$resultSSH"}]},{"action":"system/Common/String/Base64 Decode","name":"decodeConfCertificate","inputs":[{"name":"str","value":"$confJson.result.users[0].user[\"client-certificate-data\"]"}]},{"action":"system/Common/Array/Array Push","name":"pushCrt_1","inputs":[{"name":"array","value":"$discovery_result"},{"name":"item","value":"{\n    \"service\": \"kubernetes_kubeadm\",\n    \"file\": $foreachConfPaths.item,\n    \"certificates\": [$decodeConfCertificate.result]\n}"}]}],"else":[]}]}, {"action":"system/Common/Status Message Update","name":"StatusMessageUpdate_Connecting_1","inputs":[{"name":"message","value":"\"Creating a list of certificates fetched in JSON format...\""}]}, {"action":"assign","name":"Assign_9","variable":"$resultSSH","value":"$discovery_result"}, {"action":"foreach","name":"foreachDiscovered","list":"$discovery_result","blocks":[{"action":"foreach","name":"foreachCertificate","list":"$foreachDiscovered.item.certificates","blocks":[{"action":"./helpers/Decode an X.509 Certificate","name":"decode","inputs":[{"name":"certificate","value":"$foreachCertificate.item"},{"name":"metadata","value":"{\n    \"service\": $foreachDiscovered.item.service,\n    \"file\": $foreachDiscovered.item.file\n}"}]},{"action":"system/Common/Array/Array Push","name":"ArrayPush_1","inputs":[{"name":"array","value":"$dataForFile"},{"name":"item","value":"$decode.result"}]}]}]}, {"action":"./helpers/Create a JSON of Kubernetes kubeadm Certificate","name":"createJSON","inputs":[{"name":"certificates","value":"$dataForFile"},{"name":"metadata","value":"$metadata"},{"name":"environment","value":"$environment"},{"name":"service_auth","value":"$service_auth"}]}, {"action":"./helpers/Ingest JSON Certificates Data into IBM Concert","name":"ingest","inputs":[{"name":"auth","value":"$concert_auth"},{"name":"json","value":"JSON.stringify($createJSON.result)"},{"name":"data_type","value":"\"certificate\""}]}, {"action":"assign","name":"ingestResult","variable":"$result","value":"$ingest.result"}],"variables":[{"name":"concert_auth","required":true,"isInput":true,"isOutput":false,"level":"INTERMEDIATE","type":{"type":"string","example":"admin/ConcertAuth"},"value":"\"\"","meta":{"description":"RNA Authentication for IBM Concert","authType":"IBM/ConcertAPIKey","subType":"authentication"}},{"name":"service_auth","required":true,"isInput":true,"isOutput":false,"level":"INTERMEDIATE","type":{"type":"string","example":"admin/SSHAuth"},"value":"\"\"","meta":{"description":"RNA Authentication for SSH","authType":"Common/SSH","subType":"authentication"}},{"name":"dataForFile","required":false,"isInput":false,"isOutput":true,"level":"INTERMEDIATE","type":{"type":"array"},"value":"[]"},{"name":"result","required":false,"isInput":false,"isOutput":true,"level":"INTERMEDIATE","type":{"type":"any"},"value":"\"\"","meta":{"description":"The result of the ingestion flow is currently ignored and used only for debug purposes"}},{"name":"environment","required":true,"isInput":true,"isOutput":false,"level":"INTERMEDIATE","type":{"type":"string"},"value":"\"\""},{"name":"cert_response","required":false,"isInput":false,"isOutput":true,"level":"INTERMEDIATE","type":{"type":"string"},"value":"\"\""},{"name":"json_response","required":false,"isInput":false,"isOutput":true,"level":"INTERMEDIATE","type":{"type":"string"},"value":"\"\""},{"name":"dir","required":false,"isInput":true,"isOutput":false,"level":"INTERMEDIATE","type":{"type":"string"},"value":"\"\""},{"name":"fileList","required":false,"isInput":false,"isOutput":false,"level":"INTERMEDIATE","type":{"type":"array"},"value":"[\"admin.conf\", \"apiserver.crt\", \"apiserver-etcd-client.crt\", \"apiserver-kubelet-client.crt\", \"controller-manager.conf\", \"healthcheck-client.crt\", \"peer.crt\", \"server.crt\", \"front-proxy-client.crt\", \"scheduler.conf\", \"super-admin.conf\"]"},{"name":"discovery_result","required":false,"isInput":false,"isOutput":false,"level":"INTERMEDIATE","type":{"type":"array"},"value":"[]"},{"name":"metadata","required":false,"isInput":false,"isOutput":false,"level":"INTERMEDIATE","type":{"type":"object"},"value":"{}"},{"name":"ssmEnabled","required":false,"isInput":true,"isOutput":false,"level":"INTERMEDIATE","type":{"type":"boolean"},"value":"false"},{"name":"awsAuth","required":false,"isInput":true,"isOutput":false,"level":"INTERMEDIATE","type":{"type":"string"},"value":"\"\"","meta":{"authType":"ANY","subType":"authentication"}},{"name":"region","required":false,"isInput":true,"isOutput":false,"level":"INTERMEDIATE","type":{"type":"string"},"value":"\"\""},{"name":"instanceID","required":false,"isInput":true,"isOutput":false,"level":"INTERMEDIATE","type":{"type":"array"},"value":"[]"},{"name":"documentName","required":false,"isInput":true,"isOutput":false,"level":"INTERMEDIATE","type":{"type":"string"},"value":"\"\""},{"name":"resultSSH","required":false,"isInput":false,"isOutput":false,"level":"INTERMEDIATE","type":{"type":"any"},"value":"\"\""}],"meta":{"workerGroup":"default","created":1770379556217,"lastUpdated":1770380903792,"description":"This flow obtains a list of Kubernetes certificates that is decoded, and then formed in JSON format and returned, ready to be ingested by IBM Concert for kubeadm","layout":"flow","updatedByUsername":"haritha.remesh@ibm.com","numberOfBlocks":74,"version":5},"finally":null}