{"name":"List of IBM Secrets Manager certificates using IBM","platform":"node","hash":"7vmkeE8WiTTV+9WXpWYjnZo4kateaVG/ZyL19Rri5Cw=","blocks":[{"action":"comment","value":"listing the secrets"}, {"action":"system/IBM/Cloud/Secrets Manager/Secrets/List Secrets","name":"listSecrets","inputs":[{"name":"authKey","value":"$auth"},{"name":"limit","value":"400"}]}, {"action":"foreach","name":"foreachSecrets","list":"$listSecrets.result.secrets","blocks":[{"action":"comment","value":"extracting the cert details"},{"action":"system/IBM/Cloud/Secrets Manager/Secrets/Get Secret","name":"getSecret","inputs":[{"name":"authKey","value":"$auth"},{"name":"id","value":"$foreachSecrets.item.id"}]},{"name":"checkNormalize","function":"if ($getSecret.result.secret_type.includes(\"cert\") && $getSecret.result[\"certificate\"]) {\n    const contents = $getSecret.result[\"certificate\"];\n    if (contents.includes(\"--BEGIN CERTIFICATE--\")) {\n        const dataObject = {\n            \"service\": \"ibm_sm\",\n            \"key\": $getSecret.result.id,\n            \"secret_type\": $getSecret.result.secret_type,\n            \"secret_group_id\": $getSecret.result.secret_group_id,\n            \"certificates\": []\n        };\n        const certs = contents.split(\"\\n-----END CERTIFICATE-----\\n\")\n            .filter(Boolean)\n            .map(crt => crt + \"\\n-----END CERTIFICATE-----\\n\");\n\n        certs.forEach(certContent => {\n            dataObject.certificates.push(certContent)\n        });\n        $result.push(dataObject)\n    }\n}"}]}],"variables":[{"name":"auth","required":true,"isInput":true,"isOutput":false,"level":"INTERMEDIATE","type":{"type":"string"},"value":"\"\"","meta":{"authType":"IBM/CloudSecretsManager","subType":"authentication"}},{"name":"result","required":false,"isInput":false,"isOutput":true,"level":"INTERMEDIATE","type":{"type":"array"},"value":"[]"}],"meta":{"workerGroup":"default","created":1771277079993,"lastUpdated":1771277079993,"description":"This flow obtains a list of certificates in IBM Secrets Manager \n\n","layout":"flow","updatedByUsername":"admin","numberOfBlocks":6,"version":5},"finally":null}